sample_id,img_mean_intensity,img_intensity_std,img_texture_contrast,img_texture_energy,img_edge_density,img_fiber_density,img_orientation_index,img_porosity_est,img_mean_fiber_width_px,img_fiber_width_std_px,spec_peak1_nm,spec_peak1_intensity,spec_peak2_nm,spec_peak2_intensity,spec_peak3_nm,spec_peak3_intensity,spec_area_norm,spec_mean,spec_std,spec_baseline_slope,mech_max_force_n,mech_displacement_at_max_mm,mech_force_mean_n,mech_force_std_n,mech_curve_slope_n_per_mm,mech_energy_proxy,quality_score,quality_class,data_provenance,dataset_purpose,generation_logic,split
SYN_00001,183.51742617192153,26.503939083048078,0.2913025346604548,0.3781622314598441,0.22987313408171361,0.7325436048354816,0.7817542312500063,0.784916740400296,5.586586176146221,1.397487900125962,1719.9328190112676,1.111508570976454,2942.610929020569,0.6875657159624002,1250.0403587454664,0.6398422041120772,1.522551688081667,0.5445991913374678,0.16569934601211073,0.002777146444231292,0.9484229953532715,13.329898655011029,0.6531041328549774,0.22063538613281414,0.04520573616133476,14.071454504422551,93.046,GOOD,SYNTHETIC_RESEARCH_BASED,ML_TRAIN_TEST_DEVELOPMENT_ONLY,PCL literature-informed morphology + FTIR + mechanical latent-quality simulation,TRAIN
SYN_00002,117.77648803023402,39.74808436868007,0.440953032727653,0.34758913320314666,0.1602216144054076,0.6279936143280446,0.5794957035398908,0.7026402149330996,5.7198227077701835,1.423877885855425,1728.7725825064026,1.0473630015821251,2946.9772522132803,0.7696202260281093,1239.2642739566209,0.7209792920833553,1.4084639083021482,0.5269945152532328,0.19196831321814822,0.00887719033560273,0.7303076451443388,12.105193892325493,0.43785642269612457,0.22231381469413006,0.01656126331760556,7.3893241436235755,72.411,GOOD,SYNTHETIC_RESEARCH_BASED,ML_TRAIN_TEST_DEVELOPMENT_ONLY,PCL literature-informed morphology + FTIR + mechanical latent-quality simulation,TRAIN
SYN_00003,124.65550688121253,40.69643732631651,0.47845635472295517,0.29237902781230013,0.15727618798164686,0.5689617661561449,0.26094112085179955,0.6442554753824191,7.067882011158635,1.6717611637028087,1723.4678184032227,0.8983043829602217,2940.012220929097,0.58161742656933,1237.2519859518231,0.5043512007112131,1.1042033243408385,0.508987405636111,0.19879562516314603,0.02194158913800208,0.5578520145034678,13.395119370156435,0.35335745804436564,0.36173192982334984,0.011964690833654215,4.819847011238213,29.654,POOR,SYNTHETIC_RESEARCH_BASED,ML_TRAIN_TEST_DEVELOPMENT_ONLY,PCL literature-informed morphology + FTIR + mechanical latent-quality simulation,TRAIN
SYN_00004,146.93236725660714,35.46705741436562,0.34402489742385023,0.42619577691889277,0.23326563016146815,0.7091003561895345,0.5242535925784805,0.7200659462078687,5.366279497346374,1.5425978396466742,1721.510134822677,0.969107893206142,2939.242021743312,0.6650982213997736,1235.2407063976955,0.6412553534669484,1.0896765224715428,0.5326077634760237,0.1583005294705642,0.013925455975047189,1.001440669639469,11.913516261300291,0.5722062374530146,0.2422728930460883,0.02239085457455147,10.48867579280802,74.428,GOOD,SYNTHETIC_RESEARCH_BASED,ML_TRAIN_TEST_DEVELOPMENT_ONLY,PCL literature-informed morphology + FTIR + mechanical latent-quality simulation,TRAIN
SYN_00005,136.0792789313425,43.046418732691606,0.39929444679967063,0.28731954427484213,0.14588277261205423,0.5330004863485818,0.45497310332691343,0.6472843994099363,5.8758655924746686,2.0333144351645007,1715.6968289933961,1.028705029139478,2933.2514510631518,0.6293262614470789,1252.3040338000255,0.4894406843225049,1.1961662805863245,0.509351717452913,0.18430204509066336,0.00923593115771197,0.44168333231384915,11.848455065183186,0.46239061302689577,0.3409769055310619,0.022634077759696957,7.0689596988768075,39.814,POOR,SYNTHETIC_RESEARCH_BASED,ML_TRAIN_TEST_DEVELOPMENT_ONLY,PCL literature-informed morphology + FTIR + mechanical latent-quality simulation,TRAIN
SYN_00006,140.57670065090107,48.09573483874796,0.44600322458913066,0.34330378746008616,0.21909367789668427,0.6851246586080327,0.4685750582204728,0.7241513957104113,6.052466912227241,1.5797428402466145,1725.4048288439742,0.89722411143203,2942.3781181180666,0.6726132639516722,1244.8239734284157,0.5425486717352548,1.1716915586286447,0.4201452607416739,0.17384258172449407,0.015944024317690673,0.624005736303295,13.261025198515616,0.4332945706118785,0.33220721699438055,0.023882235476189458,11.119996108414155,57.847,POOR,SYNTHETIC_RESEARCH_BASED,ML_TRAIN_TEST_DEVELOPMENT_ONLY,PCL literature-informed morphology + FTIR + mechanical latent-quality simulation,TRAIN
SYN_00007,151.75365604611633,37.657573435491486,0.35341598170774785,0.37928827617246275,0.2275953728515298,0.7564239556829204,0.6371118037476073,0.8424784677401753,4.903847304953803,1.0053919339279165,1730.8252097921152,1.0746066789348243,2948.3077874126843,0.7099701656772052,1241.5036086829327,0.6194653738259281,1.2989494296825308,0.579808232878993,0.17035842392711928,0.010047566906352905,0.9530053429823541,15.30645133785669,0.6072324038658397,0.25184921250496334,0.04120172549593146,13.51109110423099,78.816,GOOD,SYNTHETIC_RESEARCH_BASED,ML_TRAIN_TEST_DEVELOPMENT_ONLY,PCL literature-informed morphology + FTIR + mechanical latent-quality simulation,TRAIN
SYN_00008,151.60639414171087,44.456352467873025,0.35801103315294525,0.431462739120813,0.2240890466495731,0.7432929826094624,0.7295837053993004,0.7868419667581604,6.1691164181231715,1.0054946760141377,1719.051739424201,1.0350441797953165,2946.3902941294696,0.6897276032242791,1242.2012416261014,0.6456264051969192,1.410715561771671,0.5071226183885577,0.14371557679457525,0.004502050438772973,0.893532331183333,14.745715586618553,0.6108622660492624,0.217722836482628,0.05029089744339793,12.963165374315777,85.56,GOOD,SYNTHETIC_RESEARCH_BASED,ML_TRAIN_TEST_DEVELOPMENT_ONLY,PCL literature-informed morphology + FTIR + mechanical latent-quality simulation,TRAIN
SYN_00009,142.4053532552877,40.182691534100634,0.3998154473779475,0.2850300261687189,0.1607354564978618,0.6284825269490065,0.43728167321871203,0.6503757721204976,7.206277546161859,1.7014109570558222,1719.8208838685528,0.7952398586982419,2937.262241977802,0.5562778365591744,1248.561519287467,0.5755753014589878,0.9973638146108871,0.4331883508250468,0.1703601734206538,0.01601794451773292,0.6488967638500813,12.228844778996674,0.37288810275312145,0.3004511641510067,0.022635513889914652,8.66696561837433,37.536,POOR,SYNTHETIC_RESEARCH_BASED,ML_TRAIN_TEST_DEVELOPMENT_ONLY,PCL literature-informed morphology + FTIR + mechanical latent-quality simulation,TRAIN
SYN_00010,143.45804929861865,34.410350847722476,0.3620303607701919,0.3451685162812479,0.21263271677237308,0.5941146982318231,0.43202158860852635,0.6769448847632521,5.976357610479097,1.7019390678181479,1719.277685302555,0.9099188971759766,2934.593384128432,0.6956759697930326,1238.5874885519443,0.534053022799367,1.1407064224839765,0.40665907588445493,0.19319283360600542,0.020807515651609154,0.6068778938754644,11.952447212341497,0.48660825427466303,0.28920281756413097,0.016323704117830344,6.239151354700887,44.548,POOR,SYNTHETIC_RESEARCH_BASED,ML_TRAIN_TEST_DEVELOPMENT_ONLY,PCL literature-informed morphology + FTIR + mechanical latent-quality simulation,TRAIN
SYN_00011,162.70171706548126,48.673162746525875,0.336663579941672,0.38189577088882304,0.18295025855053573,0.6477424402675428,0.4316514995614438,0.6702635157775931,5.799930013645423,1.7155600176414558,1719.2401298346617,0.9870812528994142,2931.94016931061,0.6489570089346502,1241.0666240075907,0.4888082887149409,1.0007564737492287,0.41816674681163446,0.17355206927223255,0.009524709722997054,0.7030162029762538,15.207863296725014,0.41612631942048206,0.23459513884668068,0.028967063178150832,9.961781804705446,52.47,POOR,SYNTHETIC_RESEARCH_BASED,ML_TRAIN_TEST_DEVELOPMENT_ONLY,PCL literature-informed morphology + FTIR + mechanical latent-quality simulation,TRAIN
SYN_00012,138.96691253553513,37.512881060151095,0.3386849310815953,0.3750045344740131,0.20600539498848844,0.7199839932198949,0.5705477729892747,0.8054719126171833,5.223349367659438,1.2439795738720367,1717.7746552902445,0.9257760586638584,2945.4873612912943,0.7644266864314133,1237.1036683159002,0.46129920574225136,1.3871136975008402,0.5346659019374761,0.14223523335238503,0.0032163078313141268,0.9818524654184225,17.4539320793091,0.6325887019365563,0.21993986104702512,0.043295824115204384,9.758332115862842,77.507,GOOD,SYNTHETIC_RESEARCH_BASED,ML_TRAIN_TEST_DEVELOPMENT_ONLY,PCL literature-informed morphology + FTIR + mechanical latent-quality simulation,TRAIN
SYN_00013,130.89670286450405,26.3392027331313,0.39084851027476203,0.33537707825355945,0.19687315638290925,0.6440636838130194,0.5279256527080819,0.676017478764404,6.4311095158768685,1.7868226094045794,1723.1183702132514,0.8469239317544752,2948.3424272094258,0.6451164887675577,1245.9261063151362,0.46501486745593884,1.3070360013724025,0.4785649229119936,0.1814111275642428,0.010939982047169308,0.6650296995061782,13.467856439856401,0.385292476724268,0.3044348193782704,0.019300198334555534,7.4148815013073435,53.037,POOR,SYNTHETIC_RESEARCH_BASED,ML_TRAIN_TEST_DEVELOPMENT_ONLY,PCL literature-informed morphology + FTIR + mechanical latent-quality simulation,TRAIN
SYN_00014,147.104287638,30.896171739241566,0.33083129698527414,0.38740740021181375,0.2371111545844373,0.7312267933823546,0.6281203401116784,0.7944380011562427,5.546885515382382,1.2047684326635064,1715.0707263297493,0.974293044579824,2931.114403339184,0.75895309876207,1241.6922880194181,0.7477813758250118,1.1852411942003434,0.471079529539424,0.17169615968189525,0.00776964754618756,0.7860470557392358,14.324508402783863,0.4783863156374579,0.24055957420097035,0.03081101973917456,9.28663252670709,88.605,GOOD,SYNTHETIC_RESEARCH_BASED,ML_TRAIN_TEST_DEVELOPMENT_ONLY,PCL literature-informed morphology + FTIR + mechanical latent-quality simulation,TRAIN
SYN_00015,147.10371786266106,36.82304150816087,0.3020721944270679,0.3693306355656862,0.23732622994434388,0.7392651037656742,0.6848423309759282,0.7494994501501562,5.858574438403348,1.535808517805351,1723.0859983377127,1.0256265561654525,2939.3253981539588,0.7778894108161406,1234.8085382770987,0.6074483233521519,1.4204829246501514,0.553823407688853,0.13422227395554523,0.0001658304893408422,0.9757755154078179,19.810972251951924,0.584619444246301,0.21140088358724768,0.03741419782152579,13.545283856800852,93.185,GOOD,SYNTHETIC_RESEARCH_BASED,ML_TRAIN_TEST_DEVELOPMENT_ONLY,PCL literature-informed morphology + FTIR + mechanical latent-quality simulation,TRAIN
SYN_00016,172.2327756415137,35.0792229944172,0.32764877925419905,0.341613856299743,0.17066194284770275,0.646639794109066,0.6100979145141429,0.7112171900275853,5.992026664773518,1.9267180641526187,1721.546738661783,0.9844596764627499,2936.952077837751,0.6682554086781336,1245.4492688700566,0.4616361492333362,1.1454977279519154,0.4418132281322733,0.17175853711936495,0.006178253673736514,0.8325754537088434,14.991688369983688,0.5356447240989005,0.23832522245576032,0.017196587362714087,8.422779417918678,59.911,POOR,SYNTHETIC_RESEARCH_BASED,ML_TRAIN_TEST_DEVELOPMENT_ONLY,PCL literature-informed morphology + FTIR + mechanical latent-quality simulation,TRAIN
SYN_00017,152.9876833604773,32.7049729786836,0.35357048980835665,0.3669538862130103,0.18065019433444424,0.7040307455711009,0.6457024426117824,0.7409375016823142,7.218989887126647,1.6539361900054226,1721.8727738365756,0.9237351525037637,2939.0473257087447,0.5702253087018643,1248.088628744989,0.5925607636910177,1.2283027600168273,0.5220761190321792,0.16954670709529843,0.01580446486034995,0.6556046001647028,13.287556550321339,0.48387173126369076,0.2875446673677452,0.012017790806353061,9.90402835384136,61.658,POOR,SYNTHETIC_RESEARCH_BASED,ML_TRAIN_TEST_DEVELOPMENT_ONLY,PCL literature-informed morphology + FTIR + mechanical latent-quality simulation,TRAIN
SYN_00018,137.21627695250396,35.5021822907799,0.32998560248644104,0.4027900353391731,0.25544974368446854,0.7300671790643535,0.7481147633395693,0.7550501457626363,5.6751569121303955,1.568389700559323,1717.0909687874116,0.9785364821203242,2933.5154894702596,0.8182169450935453,1242.7145671279868,0.6451436522798684,1.4469597219081998,0.5135192773010558,0.18382078351959663,0.011968486209452817,0.8029752502178132,16.486092201982828,0.7621352294047209,0.24151682228008625,0.02439873632392666,10.957326991244669,86.251,GOOD,SYNTHETIC_RESEARCH_BASED,ML_TRAIN_TEST_DEVELOPMENT_ONLY,PCL literature-informed morphology + FTIR + mechanical latent-quality simulation,TRAIN
SYN_00019,169.99620061884386,36.001132063913445,0.33102404762990545,0.3637196816355914,0.22317546538300548,0.7040832738157412,0.5633971409816662,0.7305125240439149,5.821047443876704,1.6634408593165069,1720.3892952956285,0.9976140527016186,2942.562621035502,0.5534468583420973,1236.495754349193,0.548152239846232,1.3787040549457168,0.5101270254688223,0.1747493987525053,0.005182388939529016,0.8282862685021718,13.068386457454393,0.4812639971366923,0.16171626229798988,0.02924236308328735,8.87033653625271,70.258,GOOD,SYNTHETIC_RESEARCH_BASED,ML_TRAIN_TEST_DEVELOPMENT_ONLY,PCL literature-informed morphology + FTIR + mechanical latent-quality simulation,TRAIN
SYN_00020,144.1030037311654,32.574017252790824,0.22852472110461308,0.37568990762234705,0.2580209890397934,0.7299216000757771,0.7525470209985051,0.8263860557896738,5.802707217404389,0.9886154089445378,1718.3796444777254,0.8685410377849865,2934.977667835596,0.7789695950849177,1243.4719594188084,0.6505733094157089,1.3324241081459873,0.6004554104690231,0.13956499565469416,0.0019205967633514156,0.8715970027513845,18.29640871240493,0.6329452081404314,0.25515565440566207,0.03983380933943705,10.4754808327605,91.576,GOOD,SYNTHETIC_RESEARCH_BASED,ML_TRAIN_TEST_DEVELOPMENT_ONLY,PCL literature-informed morphology + FTIR + mechanical latent-quality simulation,TRAIN
SYN_00021,127.29542900859133,42.399344513763154,0.3408456434951843,0.40277005443214614,0.21815452877828,0.6471809553678695,0.6165272026998873,0.7241427817627585,5.639485932650811,1.328834590078008,1722.5589434291226,0.940676980950435,2946.1665361388673,0.6272116807550533,1238.088478857624,0.5876555052266085,1.1782877648645191,0.45000205370069934,0.16919246719026051,0.011481273652422694,1.0187657523599472,15.8970217446761,0.6369387065275134,0.21872154250174858,0.032009304416224266,10.13891813954948,71.98,GOOD,SYNTHETIC_RESEARCH_BASED,ML_TRAIN_TEST_DEVELOPMENT_ONLY,PCL literature-informed morphology + FTIR + mechanical latent-quality simulation,TRAIN
SYN_00022,119.06264810345952,33.1633526639794,0.392313097885846,0.3571236498235656,0.24380523915281127,0.7333145099447982,0.712661413001557,0.7806712709936069,4.739580973751197,1.2938666517325716,1730.8022798732934,0.9811390889336594,2948.512353972036,0.6502078793675049,1232.888016450845,0.6134550869359275,1.3835740706428437,0.5325374821724355,0.19930150939554497,0.010901049491185576,0.9715833284766197,14.485881612953511,0.7406174742887137,0.3207535022632769,0.04129701276591685,10.10672675810892,74.023,GOOD,SYNTHETIC_RESEARCH_BASED,ML_TRAIN_TEST_DEVELOPMENT_ONLY,PCL literature-informed morphology + FTIR + mechanical latent-quality simulation,TRAIN
SYN_00023,160.62293425827858,32.74586772377024,0.2322753991247273,0.4480096666683893,0.2817442785835971,0.7138744861727783,0.7868506160385085,0.8158349657473344,6.702476533727332,1.3026737442579397,1717.8797692935798,1.0339844311877915,2934.65592542606,0.6413752027931762,1236.9805279517407,0.6690299196470672,1.5561284084142462,0.5328121589588254,0.16981684742170927,0.013611391462232282,1.0778179694945802,21.524831764739535,0.6770977672628183,0.2082139554574705,0.04726399421935815,15.182809413781815,97.16,GOOD,SYNTHETIC_RESEARCH_BASED,ML_TRAIN_TEST_DEVELOPMENT_ONLY,PCL literature-informed morphology + FTIR + mechanical latent-quality simulation,TRAIN
SYN_00024,145.41309388092202,39.15495784482036,0.3285890994202335,0.4149530131433376,0.20194598571069078,0.710147316832169,0.7187615493668705,0.7479100212001282,6.348461811028019,1.305552707593831,1720.2100390839119,0.8163195747397334,2940.3083235924837,0.695714597181982,1237.2344576048836,0.5730528809696418,1.3275824090246962,0.4515544943685631,0.1780959188756754,0.010087646904816503,0.8507826206558556,14.790556338421506,0.5404943480758805,0.3369157622110296,0.04183811037645065,12.405361774443902,87.022,GOOD,SYNTHETIC_RESEARCH_BASED,ML_TRAIN_TEST_DEVELOPMENT_ONLY,PCL literature-informed morphology + FTIR + mechanical latent-quality simulation,TRAIN
SYN_00025,152.4815700403369,35.874661140925824,0.4161720305166347,0.3266999069670152,0.15145945879921716,0.6223934547033626,0.5979208131737695,0.7697147699354538,6.960560186754968,1.708932931617176,1721.4155068493315,0.9229575680689007,2939.1331488736228,0.7064807719192316,1234.7735560697902,0.5921425026577531,1.3659229809979694,0.46505936745275683,0.17915036163166748,0.01331210446357158,0.5797189724233526,13.041573069563809,0.5109072521669248,0.21564736757164343,0.027852539160370723,7.1956410159681505,58.509,POOR,SYNTHETIC_RESEARCH_BASED,ML_TRAIN_TEST_DEVELOPMENT_ONLY,PCL literature-informed morphology + FTIR + mechanical latent-quality simulation,TRAIN
SYN_00026,144.62957783313493,33.97990612960299,0.3697787716342231,0.3841902972704484,0.19654376506509624,0.6505261067764643,0.6388610381732128,0.8209899413131145,4.986244344188325,1.0275506482028662,1715.8091724120695,0.8834439027823188,2935.481542389537,0.7805230928715585,1233.7177107547645,0.6056327603400962,1.0639917891336315,0.5417558071581298,0.1444076571507435,0.006233190859133498,0.8688499708502962,17.237203348667016,0.5403821582701694,0.20387664861934393,0.02243786166557942,10.52170654317473,72.507,GOOD,SYNTHETIC_RESEARCH_BASED,ML_TRAIN_TEST_DEVELOPMENT_ONLY,PCL literature-informed morphology + FTIR + mechanical latent-quality simulation,TRAIN
SYN_00027,158.3878928632499,29.23982500800529,0.32250597065658465,0.4193260738057508,0.24690625051690665,0.7908279545530243,0.7011312560836518,0.7355278572608829,6.2244528533026084,1.7357240116279975,1720.2486933135315,1.0666533927833188,2942.1231446121114,0.6652763551681637,1239.9141190740263,0.5432704362781862,1.417656902600765,0.5683293859137968,0.14078256357714705,0.0046934026096741525,0.7924564089276038,15.492295869001365,0.5486941447283884,0.23527615632365054,0.038353266158088976,10.28903841213614,92.864,GOOD,SYNTHETIC_RESEARCH_BASED,ML_TRAIN_TEST_DEVELOPMENT_ONLY,PCL literature-informed morphology + FTIR + mechanical latent-quality simulation,TRAIN
SYN_00028,152.49683186847585,44.98745604471816,0.34868388046479865,0.3569019869778821,0.184570778954754,0.6469123761998181,0.4381965603488105,0.7250286559401266,6.339743909501508,1.44430265963561,1719.9629488371597,1.0258000848532443,2927.456700875874,0.6260607690039169,1240.4169084607263,0.6092542818772765,1.141452228539173,0.4764559758082307,0.13470635967978903,0.015049139260033545,0.7512922629878448,14.29081356802534,0.3495713846585707,0.396013369654006,0.015121612750501995,8.603584126565638,56.25,POOR,SYNTHETIC_RESEARCH_BASED,ML_TRAIN_TEST_DEVELOPMENT_ONLY,PCL literature-informed morphology + FTIR + mechanical latent-quality simulation,TRAIN
SYN_00029,141.73832447022212,32.884306876343054,0.3461764206036917,0.3293943848679181,0.2269746815976463,0.7074045783627615,0.5885175173166319,0.7491811602738792,5.843142976854104,1.706962055646376,1721.5068576019273,0.8197794078116574,2942.0670706279834,0.5821957329561362,1238.4647416061296,0.4873104342903207,1.2413453440367461,0.5133744330455334,0.15580005671977923,0.009535649758341494,0.8345949947931035,15.636530891036108,0.5549696003933814,0.24986559078345258,0.032352589087114414,10.90130164231148,64.584,POOR,SYNTHETIC_RESEARCH_BASED,ML_TRAIN_TEST_DEVELOPMENT_ONLY,PCL literature-informed morphology + FTIR + mechanical latent-quality simulation,TRAIN
SYN_00030,131.1274161237123,38.85921243036323,0.3636213669412283,0.3783461101282868,0.2500517404029699,0.7321904918316684,0.6076380989239594,0.7607237855672119,5.928824560274918,1.2659790912002147,1725.0086430382196,0.9931978935015175,2938.6723763868144,0.680728486972887,1235.6582228515024,0.63793491801875,1.3525008954902251,0.5151209131850809,0.17164560941533502,0.00214372020981138,0.8312455403739162,15.632089974756136,0.7400308667038275,0.22241830347832683,0.037068142190440564,10.991999509117777,83.21,GOOD,SYNTHETIC_RESEARCH_BASED,ML_TRAIN_TEST_DEVELOPMENT_ONLY,PCL literature-informed morphology + FTIR + mechanical latent-quality simulation,TRAIN
SYN_00031,150.77804829203941,28.98427906518247,0.36703522102218017,0.416743372647145,0.22562832727349896,0.6610649563142753,0.6108186154557925,0.796249081430948,5.165291589256809,1.4786461031601597,1720.7501594444159,0.9101285992526599,2940.4769632208317,0.6988842251627462,1239.5041806859792,0.603356711593458,1.1191942981738883,0.5371148264461506,0.16591722779761003,0.007194466779980722,0.8504986605427997,16.969603995315587,0.5086043160220182,0.2800507786761603,0.03861614245385054,10.605763585870157,79.739,GOOD,SYNTHETIC_RESEARCH_BASED,ML_TRAIN_TEST_DEVELOPMENT_ONLY,PCL literature-informed morphology + FTIR + mechanical latent-quality simulation,TRAIN
SYN_00032,155.85566250821392,20.47385304824639,0.3518840823638904,0.3811089110054917,0.2538500287329595,0.6788559076836668,0.6709206790376776,0.7976741489495184,5.586767345516189,1.1283703695607237,1720.30214048188,0.948191757547999,2950.1520125011125,0.7358718385830018,1242.7069315308356,0.6913403156877175,1.270029503034603,0.5174564296399378,0.14476924871335822,0.01398173072102464,1.1516915141869797,18.49929147489679,0.6940579979357014,0.24417553852729376,0.03911474039320598,12.943224670809366,82.306,GOOD,SYNTHETIC_RESEARCH_BASED,ML_TRAIN_TEST_DEVELOPMENT_ONLY,PCL literature-informed morphology + FTIR + mechanical latent-quality simulation,TRAIN
SYN_00033,135.93529951995671,38.24356745930695,0.45169351730098517,0.302993012963223,0.17935371928927327,0.6230478542921388,0.3814031774622985,0.6828798302668803,6.782651721290724,1.7729421570127262,1721.8126405158453,0.959388131711348,2947.202217861388,0.6161689317319927,1234.500294414035,0.6101832792356795,1.0890269273500566,0.49081950679852193,0.14349875695374545,0.022362954466980337,0.4736437998049486,9.871949816963276,0.31247991243322615,0.3171672080675837,0.024817018731430777,7.047452716773969,41.808,POOR,SYNTHETIC_RESEARCH_BASED,ML_TRAIN_TEST_DEVELOPMENT_ONLY,PCL literature-informed morphology + FTIR + mechanical latent-quality simulation,TRAIN
SYN_00034,158.9355347535181,36.32033236359965,0.29357946323793416,0.38061823635882097,0.2279567985407231,0.7023360153590443,0.7871697079772304,0.775393007635401,4.212470096027919,1.643992248466181,1718.700700940044,0.9283498832826721,2939.046076626573,0.6825452285231624,1238.5904776910986,0.7472008590561623,1.2611941115665342,0.5724389928049216,0.11463271384245066,0.010268123715342426,0.9913863443538133,20.08872954688946,0.7149419499040981,0.25018432891213277,0.0454382957715724,12.254114563934841,89.559,GOOD,SYNTHETIC_RESEARCH_BASED,ML_TRAIN_TEST_DEVELOPMENT_ONLY,PCL literature-informed morphology + FTIR + mechanical latent-quality simulation,TRAIN
SYN_00035,142.63626523978124,26.40116978248286,0.4215313424381636,0.3670123825169307,0.23544631775134672,0.7104350388841507,0.6739232544125492,0.7759629919885749,6.042294721607,1.3369407793972903,1717.4671062821062,0.91147448576444,2943.0626933970975,0.7084696980941512,1238.6811356234805,0.6906766597574955,1.408536324477448,0.5565012899417224,0.15637889241610634,0.004573356079316491,0.8266406783687718,16.107474976339997,0.5589356974436355,0.29931226343408507,0.03682873230623013,7.073492786363296,81.102,GOOD,SYNTHETIC_RESEARCH_BASED,ML_TRAIN_TEST_DEVELOPMENT_ONLY,PCL literature-informed morphology + FTIR + mechanical latent-quality simulation,TRAIN
SYN_00036,147.4316405462457,32.69618377879884,0.354282360453264,0.3608417297890762,0.20455460325033784,0.6888869596180013,0.6456665857927704,0.6893733280575808,4.470053019202846,1.823543309794817,1726.8024180853176,1.0011005311363732,2936.830468129204,0.7454193251515147,1232.468657995642,0.6549186460729423,1.2983229217092516,0.5520974137517928,0.1478541898192673,0.006754850494245682,0.9918283680855102,15.99337085291367,0.7066934893300426,0.2851793688253785,0.03500119904373976,12.969095704272366,71.989,GOOD,SYNTHETIC_RESEARCH_BASED,ML_TRAIN_TEST_DEVELOPMENT_ONLY,PCL literature-informed morphology + FTIR + mechanical latent-quality simulation,TRAIN
SYN_00037,144.64345603235668,41.92859734908035,0.25023753950668054,0.438332214691091,0.21567794274276364,0.7591077877328827,0.7739751893960679,0.7847793668094513,4.563544540474998,1.7234867147228,1719.090585942368,0.8773804259362024,2940.3304300699438,0.7147943203238006,1239.9535792331649,0.6503959791350746,1.3325718605309644,0.6075058668685273,0.15137066325515003,0.005080524230623559,0.9706557538365133,17.501042120227112,0.5746581330129892,0.186252741000283,0.0577619774352078,12.58747041409493,92.027,GOOD,SYNTHETIC_RESEARCH_BASED,ML_TRAIN_TEST_DEVELOPMENT_ONLY,PCL literature-informed morphology + FTIR + mechanical latent-quality simulation,TRAIN
SYN_00038,143.15634817522425,36.96260499404623,0.4636559286480566,0.33351016193996824,0.15823068715120428,0.560341810386709,0.3757503687221361,0.6557919297376922,6.2139182825969455,1.8934720880043368,1722.09528500948,0.7964397326569828,2936.7318421893297,0.5492377154399057,1243.5319327422055,0.5209885301201713,1.0743838064170206,0.4173485801747624,0.21757709962299582,0.018057041448395386,0.6164622260366948,12.679572618273738,0.4033275633522241,0.2467159921945031,0.025064775648625626,5.923256434206545,35.38,POOR,SYNTHETIC_RESEARCH_BASED,ML_TRAIN_TEST_DEVELOPMENT_ONLY,PCL literature-informed morphology + FTIR + mechanical latent-quality simulation,TRAIN
SYN_00039,138.62739671288637,42.9435334975702,0.454309862431313,0.29519978978608263,0.18616490123786145,0.6636203555532492,0.4961698577023889,0.6457239429796611,5.416384722775188,1.626299698442138,1731.6147664913617,0.9686366105048174,2948.9022080262353,0.6264185075473404,1244.1304575570498,0.5797309473436087,1.121322409540454,0.5014836379937602,0.16621140542651727,0.006651396790493479,0.5712633446120178,11.324225741627956,0.3185965169249791,0.3164332764388668,0.01794785987789727,7.521261168734283,41.134,POOR,SYNTHETIC_RESEARCH_BASED,ML_TRAIN_TEST_DEVELOPMENT_ONLY,PCL literature-informed morphology + FTIR + mechanical latent-quality simulation,TRAIN
SYN_00040,163.150053892821,25.42187663848707,0.31076476646623963,0.4040808955147206,0.23419889670030927,0.7288953500245758,0.7129106019669144,0.7128721587459441,6.688293927994362,1.6070417026487185,1722.1836782488651,0.8471108478725681,2939.3590680567236,0.6407819131525844,1242.421653951051,0.5328570373149166,1.2188842407065787,0.5277078682052678,0.12490365221842159,0.007657755037742824,0.8053070257510745,14.12012750692178,0.5145407546527214,0.29102600048834026,0.03742371758991396,11.18260084860641,69.326,POOR,SYNTHETIC_RESEARCH_BASED,ML_TRAIN_TEST_DEVELOPMENT_ONLY,PCL literature-informed morphology + FTIR + mechanical latent-quality simulation,TRAIN
SYN_00041,134.851043583141,34.88845874898672,0.36531082476861193,0.3480670071643382,0.21311811566814615,0.6837166833294456,0.6718412455322592,0.7626209227809478,5.9529648035278955,1.6171393495121313,1725.548291571926,0.9450862873001603,2937.0143940571834,0.7010879680344531,1247.4408219896607,0.5941893372475114,1.3260429092488981,0.49564127872602765,0.1806960411384344,0.011490710618728165,0.7426756065464796,13.254978418911957,0.584764326969214,0.22084579631879592,0.03225876015753451,8.221515933370604,73.122,GOOD,SYNTHETIC_RESEARCH_BASED,ML_TRAIN_TEST_DEVELOPMENT_ONLY,PCL literature-informed morphology + FTIR + mechanical latent-quality simulation,TRAIN
SYN_00042,159.16154167164404,21.077330040394056,0.4070113748220191,0.3623476041838586,0.15305023668376938,0.6592647611594826,0.4713307378639812,0.7014574749194589,5.759045764182963,2.0426344822721108,1729.2438203341082,0.7636664722432699,2943.9626170381252,0.5199176273399271,1239.8278525764733,0.5610364078806322,1.18565075270928,0.43290396225736255,0.1856060955537546,0.0101265159760702,0.5610495815369528,13.649052751842671,0.39951613220458526,0.2868903215134486,0.019694601875925224,7.854344744878841,52.562,POOR,SYNTHETIC_RESEARCH_BASED,ML_TRAIN_TEST_DEVELOPMENT_ONLY,PCL literature-informed morphology + FTIR + mechanical latent-quality simulation,TRAIN
SYN_00043,163.53347203150258,37.82040026193602,0.3161080089027088,0.3939752621035998,0.19815672956230676,0.7253469335506404,0.6417243958301375,0.7535315591326047,5.882496478340924,1.7571909004513069,1718.5253085457744,1.07413224006249,2937.9137034812447,0.7582505968899476,1241.0248904305683,0.5814496255148527,1.312032402414316,0.538781363006815,0.12516071473389254,0.007953895371722695,0.795565100983008,16.155051910034754,0.46744599819943145,0.18411867255604625,0.04216366473438559,11.68118963613558,72.928,GOOD,SYNTHETIC_RESEARCH_BASED,ML_TRAIN_TEST_DEVELOPMENT_ONLY,PCL literature-informed morphology + FTIR + mechanical latent-quality simulation,TRAIN
SYN_00044,149.73466310272136,35.93574497214201,0.44592487539093706,0.31769648405251166,0.17865101307785672,0.6230326905652298,0.3458922915026806,0.6506000800677101,6.001091767041739,2.4877259791621777,1719.7660168721982,0.9373249918688156,2950.6420434714214,0.5190696901568533,1239.2487126068704,0.5185899004289787,1.07636177427387,0.31458468501070574,0.1815103584304844,0.020007132320041133,0.7002115243054603,13.755732405974525,0.34575941764915624,0.3658067820245073,0.015345274535587828,6.421004041721093,36.316,POOR,SYNTHETIC_RESEARCH_BASED,ML_TRAIN_TEST_DEVELOPMENT_ONLY,PCL literature-informed morphology + FTIR + mechanical latent-quality simulation,TRAIN
SYN_00045,149.01473032897417,37.88859159756488,0.448920875728277,0.30638238428056785,0.14351468797057532,0.6178288989944992,0.3521948034235914,0.5725289183227267,5.639155621968051,2.0263538099359013,1719.8430607698065,0.900090333836797,2944.3979377565315,0.5976871771910401,1241.2857706571785,0.6203521657261936,1.0344342559518231,0.42040933316175,0.17274197361742138,0.016072479982872187,0.67096628012002,9.936112955729094,0.3282488965500631,0.30360652683132067,0.011929667182213173,4.275963903336523,32.242,POOR,SYNTHETIC_RESEARCH_BASED,ML_TRAIN_TEST_DEVELOPMENT_ONLY,PCL literature-informed morphology + FTIR + mechanical latent-quality simulation,TRAIN
SYN_00046,166.50466835797098,45.50444077834257,0.34212578290984635,0.45036625628929017,0.2315947480560634,0.7062584402508115,0.6709169030316445,0.692901881906895,5.8280650241600895,1.6320279236146007,1724.1512595424367,0.9665166895149279,2924.456866579556,0.6359626716593572,1234.3279378111056,0.6785186959200499,1.381909801346587,0.5154124229761029,0.15404246911657307,0.00687315588484501,0.9134481300322564,16.72280215047436,0.7397255737158744,0.23541299640826246,0.03207683849155246,13.158955933319762,83.59,GOOD,SYNTHETIC_RESEARCH_BASED,ML_TRAIN_TEST_DEVELOPMENT_ONLY,PCL literature-informed morphology + FTIR + mechanical latent-quality simulation,TRAIN
SYN_00047,166.6767966043502,35.82531155957324,0.3870158407994593,0.36171418915103065,0.19463153195436467,0.6722994294252264,0.46554131447775177,0.6644657336609636,6.28831522872102,1.5925998865185784,1727.3351825039463,0.9842431603804032,2931.972966851883,0.6204349497179693,1240.9910839749405,0.5972717273936297,1.3013441884042316,0.4694261877371497,0.19222419740275665,0.0066772339346640765,0.7996653477771497,14.937629237979692,0.6005253360430507,0.3149188872887996,0.01789506785597162,9.651533223157475,64.289,POOR,SYNTHETIC_RESEARCH_BASED,ML_TRAIN_TEST_DEVELOPMENT_ONLY,PCL literature-informed morphology + FTIR + mechanical latent-quality simulation,TRAIN
SYN_00048,133.6320515565219,37.29836125912631,0.35302706636808473,0.3877588578685922,0.19454113696618963,0.7230603710666763,0.5555834979111778,0.7423226033714545,5.091233928975572,1.2244269571595243,1718.7146700347348,0.8867431152704824,2943.1976563522726,0.6998670995079757,1241.2333903407177,0.5512548960886978,1.2469368985029476,0.5526181666312413,0.16603065009320292,0.006890369726991634,1.1283434444389941,18.51567299350456,0.6166007584039968,0.18743229651367502,0.05231007565744375,14.994585537180187,82.847,GOOD,SYNTHETIC_RESEARCH_BASED,ML_TRAIN_TEST_DEVELOPMENT_ONLY,PCL literature-informed morphology + FTIR + mechanical latent-quality simulation,TRAIN
SYN_00049,147.29830999157818,45.34341190012965,0.42630349876187185,0.31096911623966395,0.19041285144137074,0.6747165709545312,0.3192895867542018,0.6351793537818677,6.969843303677354,1.6499101671492868,1723.8248708662877,0.8482747338907958,2946.587659817769,0.5870144653284078,1239.0361099917266,0.47838257539957507,1.0043186617384876,0.45782936919950173,0.1603673318032125,0.013806164467561218,0.5531673728377867,16.528707389907314,0.5566071120226108,0.2577940026626132,0.03047001269191648,9.154065562558518,50.89,POOR,SYNTHETIC_RESEARCH_BASED,ML_TRAIN_TEST_DEVELOPMENT_ONLY,PCL literature-informed morphology + FTIR + mechanical latent-quality simulation,TRAIN
SYN_00050,178.9330916633195,35.41768728054128,0.32308655588585006,0.3948690893665598,0.27200560753168096,0.7536560862799022,0.7104885682319914,0.8070151979630066,5.168194678684262,1.3349928885233748,1715.5297822225907,0.8791210893859216,2950.0244842387465,0.7065943239983179,1234.4371401102135,0.5650783160741977,1.2451181173566035,0.5209993063102083,0.13536183208357777,0.007108270730156801,0.8741600590471725,18.703056565381022,0.6228035736281992,0.23013074398695205,0.051788071805202854,11.561436590761593,91.163,GOOD,SYNTHETIC_RESEARCH_BASED,ML_TRAIN_TEST_DEVELOPMENT_ONLY,PCL literature-informed morphology + FTIR + mechanical latent-quality simulation,TRAIN
SYN_00051,136.27372829281606,35.05030308789374,0.4212783627975483,0.29045923413496394,0.1365013058981383,0.5944534881959188,0.21720664243724735,0.6688140093592958,7.056953677840686,2.257875382249451,1726.992058799108,0.8373917412630304,2929.1135558212363,0.5928451841041581,1246.2627539488321,0.5395224161076637,1.0848736319504904,0.42624641181461204,0.18906905485368583,0.01172802345459318,0.554284725894768,8.3690798308207,0.2866985192586744,0.3024806555218875,0.0217635286103969,8.129827811475643,31.0,POOR,SYNTHETIC_RESEARCH_BASED,ML_TRAIN_TEST_DEVELOPMENT_ONLY,PCL literature-informed morphology + FTIR + mechanical latent-quality simulation,TRAIN
SYN_00052,178.36267078630374,27.370089363465564,0.30945794366489093,0.40005686335798735,0.2511735531867514,0.8140745603242567,0.6365046136562059,0.8034228205350626,6.111242451420797,1.9860620286476385,1725.9173740622628,0.9146097929871492,2938.3116458113095,0.700792103778554,1242.6700230052083,0.5797718332564856,1.3688599031014022,0.5327592110463774,0.13544220635822354,0.008146355246095562,0.9922864490819677,16.892731891320487,0.6505798437418798,0.2593891254898056,0.032162275622608295,10.901406196525262,82.904,GOOD,SYNTHETIC_RESEARCH_BASED,ML_TRAIN_TEST_DEVELOPMENT_ONLY,PCL literature-informed morphology + FTIR + mechanical latent-quality simulation,TRAIN
SYN_00053,152.88005122327144,41.141521185624384,0.4591723963047011,0.2919669476081326,0.17516490673221768,0.5478581316726796,0.37390642534393864,0.6613727081086892,6.690938320792245,2.2160163289241663,1722.290854973529,0.8072582535009489,2938.8921113461793,0.6520328455878975,1249.0427107210014,0.449925229100645,1.0004482594948785,0.40070010498679304,0.1838226952686057,0.021412411901221746,0.4410648615900355,10.955756228757556,0.3861615724973168,0.3108228420897982,0.01503895183814034,4.048187533019327,38.228,POOR,SYNTHETIC_RESEARCH_BASED,ML_TRAIN_TEST_DEVELOPMENT_ONLY,PCL literature-informed morphology + FTIR + mechanical latent-quality simulation,TRAIN
SYN_00054,144.60819193959708,46.32621239910536,0.3951887354734306,0.36236124372945955,0.246069464478124,0.7679355247246434,0.6181371130488929,0.8018250419685737,4.632871658510924,1.5707379402923274,1729.5370543780298,0.8465530029590032,2941.873516813066,0.7822755989130048,1235.2232963470303,0.5578967443380243,1.383867809702016,0.5228118190582177,0.154890490021275,0.016330917464896857,0.6654729331571433,15.73501781691088,0.5705111412438099,0.23575987651213562,0.03626559105621919,9.931233706728035,73.218,GOOD,SYNTHETIC_RESEARCH_BASED,ML_TRAIN_TEST_DEVELOPMENT_ONLY,PCL literature-informed morphology + FTIR + mechanical latent-quality simulation,TRAIN
SYN_00055,163.93622120475467,31.13270601469392,0.32437433083253486,0.40399042348893577,0.21894401187873125,0.7767283113648225,0.7095356395774077,0.8483422968597063,5.642716719723137,1.0057597897551092,1719.5407886895382,0.9210867064207005,2945.4397732728785,0.7222884152276374,1241.1433976734113,0.6367512158780622,1.4116586414755647,0.5887703411845072,0.14006918775697486,0.006214364489219307,1.015484043979796,17.462249238348996,0.7363504476781975,0.19465633558194684,0.04132947215147003,12.8440757643367,93.764,GOOD,SYNTHETIC_RESEARCH_BASED,ML_TRAIN_TEST_DEVELOPMENT_ONLY,PCL literature-informed morphology + FTIR + mechanical latent-quality simulation,TRAIN
SYN_00056,158.29005155448274,37.12536540732035,0.40095102078558975,0.36896092863682484,0.23595316604091582,0.6953103869127873,0.69761957357418,0.7852779373406693,5.458980933969756,1.079719727367892,1729.2911849625125,0.9068736803772595,2938.6953311265756,0.743156521314028,1237.6883536260498,0.5840032306576305,1.4160843354535715,0.544598501297787,0.13205109751324437,0.007701738844223209,0.941218052781158,23.0,0.7718859222968066,0.29436804041669035,0.0441539477522186,15.920477312826396,84.828,GOOD,SYNTHETIC_RESEARCH_BASED,ML_TRAIN_TEST_DEVELOPMENT_ONLY,PCL literature-informed morphology + FTIR + mechanical latent-quality simulation,TRAIN
SYN_00057,162.25423139257,45.69645118121659,0.30632781790820407,0.3648509278570584,0.2161534977292319,0.7525529014851766,0.5899916737811777,0.7689341410028517,5.825194990597696,1.6868687265854294,1725.5506974884647,1.0272146884370104,2926.690864739414,0.701860971865451,1249.9462029836827,0.5889397464463811,1.1807770384929284,0.49095456288157807,0.154856115929552,0.00681972898344297,1.0030897007817772,16.87051957530813,0.6461333491811507,0.37992434151307175,0.037986947819963736,11.308012998939422,77.429,GOOD,SYNTHETIC_RESEARCH_BASED,ML_TRAIN_TEST_DEVELOPMENT_ONLY,PCL literature-informed morphology + FTIR + mechanical latent-quality simulation,TRAIN
SYN_00058,127.57819484192066,41.30246938326012,0.4159585139727923,0.36089738656175124,0.21669726092068076,0.725305866814335,0.5285996300667484,0.7626805759726776,5.181881428854354,1.880358216458215,1731.6924174695625,1.0643493652423006,2943.392856926458,0.6549540898582628,1233.5394059941723,0.5803417558148671,1.2625612846608447,0.5365772673779805,0.14031384556488657,0.010778881275600907,0.7767718452892711,15.527261148099562,0.6077557949408036,0.2954312962844532,0.01255068355712792,9.241146124017368,73.825,GOOD,SYNTHETIC_RESEARCH_BASED,ML_TRAIN_TEST_DEVELOPMENT_ONLY,PCL literature-informed morphology + FTIR + mechanical latent-quality simulation,TRAIN
SYN_00059,142.39152233776778,40.32981251637128,0.26962426011703733,0.44589901191221837,0.24513759649984876,0.7688783216894121,0.805318744759219,0.8176248913243769,4.132203468341585,1.554843501667409,1727.9420455359614,0.9104304788104309,2935.907233732127,0.6555746130917707,1233.7219360153422,0.5322822633094005,1.3214351021301747,0.5175194659056147,0.160846683548278,0.00719797223953852,0.9915222631316745,16.138870376233044,0.6608160952747095,0.2153386917787832,0.0445715343613573,14.69301184592888,95.801,GOOD,SYNTHETIC_RESEARCH_BASED,ML_TRAIN_TEST_DEVELOPMENT_ONLY,PCL literature-informed morphology + FTIR + mechanical latent-quality simulation,TRAIN
SYN_00060,149.39158944362177,40.79558732213804,0.42944290147736475,0.30396290964448025,0.1696598811787179,0.6426445586760449,0.3976743559190128,0.6853604669160868,5.739678140463576,1.8800338270174362,1726.7860577970039,0.9204165353082826,2937.0787161675644,0.5705421376131429,1241.3586667154545,0.46366482107186047,1.3255812921277952,0.4311684288375499,0.19142884051964854,0.012262002479065134,0.5388719560987223,14.824932056054521,0.3454162484644365,0.32157889013651697,0.020504003600435177,4.748597232994674,35.83,POOR,SYNTHETIC_RESEARCH_BASED,ML_TRAIN_TEST_DEVELOPMENT_ONLY,PCL literature-informed morphology + FTIR + mechanical latent-quality simulation,TRAIN
SYN_00061,141.0668277613613,48.642556393146705,0.389089191064766,0.30806378542068263,0.15906665967386252,0.6461408446764165,0.3929132892516443,0.626215169281652,4.955056459625033,1.7373756127925253,1730.7844152189684,0.8260815271342214,2936.574841165705,0.6178443243774097,1226.8268067087142,0.49820154113896536,0.8944780491691701,0.3826891287455678,0.18431827701567696,0.017841277029592192,0.4361920548837822,9.444321944547685,0.3920378732263224,0.3015701643161263,0.013048946616835354,3.1216524845866225,25.19,POOR,SYNTHETIC_RESEARCH_BASED,ML_TRAIN_TEST_DEVELOPMENT_ONLY,PCL literature-informed morphology + FTIR + mechanical latent-quality simulation,TRAIN
SYN_00062,136.32518089418184,49.51651348434227,0.3931671220415088,0.3150066541727287,0.18884630620624374,0.6091199356078156,0.366498495034247,0.6126227787853085,6.355558306834625,1.935097645519068,1724.1590951340186,0.8380283177635176,2946.335782318121,0.6635920500277739,1239.724723508497,0.5225332536965933,0.9973668642421751,0.5094382605819581,0.17719002865833677,0.013905889128842778,0.6537273397863443,14.584377389434,0.46762660429410746,0.2750693751948261,0.021805407662762073,6.225117050859325,47.955,POOR,SYNTHETIC_RESEARCH_BASED,ML_TRAIN_TEST_DEVELOPMENT_ONLY,PCL literature-informed morphology + FTIR + mechanical latent-quality simulation,TRAIN
SYN_00063,133.89628004717213,33.359556905763355,0.48664300390101767,0.30805814269324605,0.16443404474391532,0.6029368595092562,0.38490119901480224,0.6208300575970362,5.5510732037847115,1.8197642133480851,1717.7619615242436,0.8500643663940912,2938.6852206367116,0.5348477362093467,1248.1127063089787,0.5456495085017248,1.093645718467181,0.3945984091009091,0.19052693614163038,0.013021731772649777,0.7753636811146671,8.234304284592877,0.43109720449740196,0.3244310982350377,0.02994527843959599,8.273076693900753,42.695,POOR,SYNTHETIC_RESEARCH_BASED,ML_TRAIN_TEST_DEVELOPMENT_ONLY,PCL literature-informed morphology + FTIR + mechanical latent-quality simulation,TRAIN
SYN_00064,136.95595274369006,24.760625328560177,0.4125498162266553,0.3529071491297043,0.20735795070866272,0.7049047458991321,0.47871159156706455,0.6891389725823971,5.3696369260506485,1.9080789396669635,1724.2878682974517,0.8365239248811271,2937.9283853210395,0.734160158809305,1235.6151415101906,0.5748806902683091,1.1044761804339918,0.4714886466505231,0.17186066963264449,0.008245675132730921,0.5432548620837718,15.389611528609942,0.5449098429235888,0.21223837572304824,0.028523924859061384,9.177800418475137,60.708,POOR,SYNTHETIC_RESEARCH_BASED,ML_TRAIN_TEST_DEVELOPMENT_ONLY,PCL literature-informed morphology + FTIR + mechanical latent-quality simulation,TRAIN
SYN_00065,154.1616457223111,32.3830831299099,0.36631360664482343,0.37063193936280153,0.17958227850189143,0.6914105727806197,0.6045507072262762,0.6710872841279139,5.745184606277478,1.2527450861602718,1712.2445802306227,0.8913107683054033,2943.578153409732,0.8053571096725517,1229.4572839141854,0.568642340835055,1.123839644403318,0.5251179877019976,0.174340387221193,0.009531777791472884,0.9181901083976756,18.936194786048382,0.6532162826624847,0.24393038836521477,0.04166852097641583,13.546115383453245,83.0,GOOD,SYNTHETIC_RESEARCH_BASED,ML_TRAIN_TEST_DEVELOPMENT_ONLY,PCL literature-informed morphology + FTIR + mechanical latent-quality simulation,TRAIN
SYN_00066,140.32623672744808,28.85738415647714,0.28701932003381514,0.3624779381244931,0.23432227539536668,0.7525035775988721,0.6918695775659336,0.7754720801240803,5.013144913609955,1.4355212772407846,1723.5121379643742,1.0836125655127842,2937.5831217842174,0.75680309103122,1232.1434222983182,0.699336059092384,1.2728256153402762,0.5804001930122266,0.13907467632322273,0.001135209904114371,1.012500156004732,18.626255686755268,0.5473823766255417,0.18698662517210113,0.04305783951731935,15.460912829730917,96.837,GOOD,SYNTHETIC_RESEARCH_BASED,ML_TRAIN_TEST_DEVELOPMENT_ONLY,PCL literature-informed morphology + FTIR + mechanical latent-quality simulation,TRAIN
SYN_00067,162.40388475438832,24.039954780442223,0.4022149553612777,0.3031149527380988,0.1612757540561587,0.6884863800889995,0.5235684034779412,0.6544410067990453,6.415362270010181,1.9533333854895947,1722.302626262057,0.8195249784560023,2946.3419268661673,0.5711130308213259,1244.5028105663941,0.4294165620404638,1.0996617767515655,0.4592321193074888,0.1873467987348603,0.016292005507942357,0.8735268980371386,16.049129292748443,0.4846915352405685,0.25545635248834053,0.02441671980882163,8.167814241755295,55.0,POOR,SYNTHETIC_RESEARCH_BASED,ML_TRAIN_TEST_DEVELOPMENT_ONLY,PCL literature-informed morphology + FTIR + mechanical latent-quality simulation,TRAIN
SYN_00068,175.71402261759098,32.87087765501407,0.34893094810052755,0.4269621674815095,0.2529158781236281,0.7587602601107634,0.6706123683292676,0.7057491164371311,5.819119290628507,1.250483015976742,1728.1617388908357,0.8895688856114902,2943.5902389856774,0.6863589182182647,1230.2375689838586,0.5453190357929684,1.1147259649667212,0.5181736951216663,0.19302681828769117,0.010067935921767275,0.8852739245085658,17.828484706450453,0.5295150131423009,0.266002080178453,0.03136265307183506,10.721207831245005,70.88,GOOD,SYNTHETIC_RESEARCH_BASED,ML_TRAIN_TEST_DEVELOPMENT_ONLY,PCL literature-informed morphology + FTIR + mechanical latent-quality simulation,TRAIN
SYN_00069,134.49134987542496,42.39133403405022,0.4830046960267009,0.38281606058970186,0.1390312651974814,0.6100255169873642,0.35374569733937755,0.7090528602078796,6.001825268164468,2.1282553161770137,1714.1375880672576,0.7982189662903352,2940.9256390505093,0.6091863583233972,1242.5037293557398,0.3960995217809228,1.1856398463816,0.41619848478913374,0.18583255720679492,0.018124110331929465,0.7291808259418646,11.989915881614666,0.33973851763544394,0.29780907795924605,0.021041371788996753,6.99452927967888,30.339,POOR,SYNTHETIC_RESEARCH_BASED,ML_TRAIN_TEST_DEVELOPMENT_ONLY,PCL literature-informed morphology + FTIR + mechanical latent-quality simulation,TRAIN
SYN_00070,189.82004852332932,38.280525661377375,0.4683488621775786,0.35861340351516957,0.18754118534661626,0.5799567408094388,0.48520987577285485,0.7414927851586468,5.815544996618195,1.5846207793599172,1727.8274132586564,0.8813988424027426,2938.3309383800333,0.651445652052062,1239.3458732106737,0.5664536423970042,0.9291693619387105,0.3661084137591882,0.191874598684312,0.011807987804542246,0.7722759173162618,11.30805420991224,0.44832704072396634,0.373684040498079,0.025321447291951057,7.056432433732467,43.761,POOR,SYNTHETIC_RESEARCH_BASED,ML_TRAIN_TEST_DEVELOPMENT_ONLY,PCL literature-informed morphology + FTIR + mechanical latent-quality simulation,TRAIN
SYN_00071,149.67130312314944,26.433173503731126,0.3202043354463525,0.4354721985697721,0.2705895241960071,0.7638506045860014,0.728344774295938,0.8543669870447446,5.740524373074495,0.6069494041762518,1721.8216251880094,0.9584139211091967,2944.00894985438,0.8142093856923679,1249.0956150509326,0.6727800167298303,1.5105544734974705,0.564957745535972,0.17193136761060374,-0.0028697787123917002,0.9153365649219989,19.526753725329623,0.7653562130787989,0.18640022997316757,0.04680008183984145,15.11674786682733,93.029,GOOD,SYNTHETIC_RESEARCH_BASED,ML_TRAIN_TEST_DEVELOPMENT_ONLY,PCL literature-informed morphology + FTIR + mechanical latent-quality simulation,TRAIN
SYN_00072,145.3958486884092,29.538990509666398,0.2602152780865494,0.41205392653087536,0.2313584946318045,0.7912887295504536,0.7091080347701081,0.8579645921872864,4.7767217960699675,0.9458105282050748,1724.5814736824918,0.9555243250100887,2951.3475163254902,0.6637461645542759,1247.666983656026,0.5301918279667214,1.1056222903944721,0.49730493129039255,0.13515949471751754,0.017199018106142924,0.7517325126073726,14.128813841086288,0.4938790393054271,0.3032886157477336,0.02272257118263752,8.85301508115133,72.238,GOOD,SYNTHETIC_RESEARCH_BASED,ML_TRAIN_TEST_DEVELOPMENT_ONLY,PCL literature-informed morphology + FTIR + mechanical latent-quality simulation,TRAIN
SYN_00073,147.46909452132252,31.17560670194473,0.33594976070631327,0.4352156061689656,0.2205630325513352,0.758331255973602,0.6563090278888487,0.7468034207614866,4.646690196670513,1.4496361157087267,1722.2001079309166,1.0272326516869623,2938.279079082491,0.7240242727800549,1241.3547780289036,0.5696320853142225,1.485388229617977,0.5407583558696364,0.16744976505071488,0.004885619908821357,0.990793672237352,19.827165409508186,0.559869766442798,0.2523011988613043,0.04032483660451369,14.453510915768694,92.785,GOOD,SYNTHETIC_RESEARCH_BASED,ML_TRAIN_TEST_DEVELOPMENT_ONLY,PCL literature-informed morphology + FTIR + mechanical latent-quality simulation,TRAIN
SYN_00074,132.33124214708477,38.94092078250451,0.4138674063410861,0.3460313441126265,0.20715570867417377,0.6239916825448656,0.5945525599583437,0.6768251137845921,7.043555178967718,1.6805970176577116,1725.1319448580555,0.8202842050194703,2939.659462693928,0.6178517119064274,1236.1725625597282,0.6359425241230869,1.2958063582812822,0.45312334595113324,0.1678124124420535,0.012697446416719226,0.7309840375648764,15.02353422965307,0.45645142262773836,0.26852799734864385,0.029116456305075394,8.817568012997226,61.434,POOR,SYNTHETIC_RESEARCH_BASED,ML_TRAIN_TEST_DEVELOPMENT_ONLY,PCL literature-informed morphology + FTIR + mechanical latent-quality simulation,TRAIN
SYN_00075,150.2870811281324,31.63213641107771,0.2716189626424369,0.39348322930402385,0.26159198124963184,0.7359310540074642,0.7255353612862074,0.7980001784565568,6.127879166069299,1.3448397832585655,1726.318696713338,1.0343253936235077,2943.7291418851514,0.7449946895136041,1231.8811207304814,0.6967221658795967,1.2971401220882302,0.5698381053690932,0.17324931549944747,0.006954567081404924,0.9382174712176649,18.23450295323199,0.5779691096826567,0.2301531153425415,0.03332494163157507,10.464119872082781,88.613,GOOD,SYNTHETIC_RESEARCH_BASED,ML_TRAIN_TEST_DEVELOPMENT_ONLY,PCL literature-informed morphology + FTIR + mechanical latent-quality simulation,TRAIN
SYN_00076,138.2977134716958,24.120636564306853,0.30913561084435615,0.33644716441300426,0.2141614570419831,0.6493896139675388,0.609175197019386,0.7180777797301784,6.697319006847781,1.4166996153704268,1731.9036341254143,0.9131655062688075,2940.9384990594917,0.6460426707157095,1237.355135337372,0.6373363169315643,1.2298867373278983,0.44274920020146646,0.17197553799660348,0.010930552045464123,0.7708950657814171,15.960147805533296,0.6897511910549108,0.21652680745340835,0.03631013991793935,9.747384152482045,66.04,POOR,SYNTHETIC_RESEARCH_BASED,ML_TRAIN_TEST_DEVELOPMENT_ONLY,PCL literature-informed morphology + FTIR + mechanical latent-quality simulation,TRAIN
SYN_00077,165.24524669273623,44.92151551609165,0.4946456004706227,0.31979919361814857,0.16007346374572162,0.5966763990216816,0.45214818372287285,0.6079334380931115,6.243638984551871,2.2767618769160314,1723.3612671973626,0.7867757951035866,2942.493185042903,0.593588406329984,1243.989649034325,0.5968362796895375,0.9891341810469841,0.4026825300052216,0.16718854343144846,0.015503638080731835,0.6281043158914927,8.758884702002653,0.37480009974214235,0.31684737928721063,0.009878878696756594,7.138613251463049,30.002,POOR,SYNTHETIC_RESEARCH_BASED,ML_TRAIN_TEST_DEVELOPMENT_ONLY,PCL literature-informed morphology + FTIR + mechanical latent-quality simulation,TRAIN
SYN_00078,165.39295843761946,32.468297910866426,0.3290215563373592,0.386221106917705,0.24246356701223437,0.6972021816263358,0.6688406582389186,0.7776913589254296,6.481121475338351,1.732098897204944,1723.7150712911084,0.9161460495040624,2945.722262987507,0.6768596784831585,1244.2221755930402,0.5278021535127352,1.2171484676138407,0.44040379573471167,0.13501122530530768,0.008327059885744321,0.7804403967032443,15.911302401289145,0.5064731074649399,0.23725698445825566,0.02193607838821541,12.236562525411715,79.284,GOOD,SYNTHETIC_RESEARCH_BASED,ML_TRAIN_TEST_DEVELOPMENT_ONLY,PCL literature-informed morphology + FTIR + mechanical latent-quality simulation,TRAIN
SYN_00079,160.9527980609741,29.304584238974385,0.449905390926612,0.38388597667803936,0.19379185856711748,0.717965030586504,0.6380577776659477,0.6995750108082213,6.596566472384763,1.3456292179436924,1724.1338223063012,0.9775348203852853,2941.2903822556,0.7024013734079853,1240.000368536558,0.629729449257125,1.3259313054409192,0.461795965242822,0.14331560550707967,0.007982710485048996,0.7302259550352368,20.261795787740066,0.6313305760912554,0.11779945994642063,0.02168124240455735,10.982090729647963,68.969,POOR,SYNTHETIC_RESEARCH_BASED,ML_TRAIN_TEST_DEVELOPMENT_ONLY,PCL literature-informed morphology + FTIR + mechanical latent-quality simulation,TRAIN
SYN_00080,172.36596274946743,32.33867114423232,0.3896333460764405,0.3526280183093223,0.16544649005487252,0.62540658693208,0.43995998284377846,0.6983127436949439,5.944639167779524,2.0418787735793833,1723.7265142251972,0.869694430148327,2934.413810677907,0.6243422785334715,1234.4046952920892,0.49062780791610694,1.1169401273925523,0.45625512926308776,0.18159353193889588,0.01582711311332068,0.7897903999545615,11.847056625270415,0.3691738608452174,0.24744089200154804,0.01894364743937101,4.6828898842630995,36.17,POOR,SYNTHETIC_RESEARCH_BASED,ML_TRAIN_TEST_DEVELOPMENT_ONLY,PCL literature-informed morphology + FTIR + mechanical latent-quality simulation,TRAIN
SYN_00081,162.76929139837637,37.655148777509766,0.32625460341502577,0.35175328033435904,0.19606651901888297,0.6927890173604384,0.6333075580495026,0.711474383062702,4.886048660838328,1.8865839280957721,1722.2296015387917,0.9632797826201288,2933.1472814975996,0.713124878596147,1248.545325702636,0.6934753648451338,1.322396813170942,0.4323629840288481,0.1760187512591988,0.002445252331659654,1.0073548816570799,17.52609591389582,0.5223050028396985,0.24316747924259344,0.042098529127237376,10.61500099286088,78.787,GOOD,SYNTHETIC_RESEARCH_BASED,ML_TRAIN_TEST_DEVELOPMENT_ONLY,PCL literature-informed morphology + FTIR + mechanical latent-quality simulation,TRAIN
SYN_00082,144.32084305700928,32.74766575174868,0.2885063178497721,0.4046453604242291,0.20469175104749487,0.7402824297715402,0.7111150707753647,0.800087688551502,5.393749986023381,0.9645290982582442,1720.6578500199196,0.9833540952227464,2946.0920006958067,0.6614908444098375,1243.7265685080667,0.7344824648464384,1.381510470303078,0.5613597929499452,0.1360622362626931,0.008022623334034223,1.0833952121104113,23.0,0.6405445914089768,0.3208399706666217,0.0415526490306885,12.740596408204823,96.651,GOOD,SYNTHETIC_RESEARCH_BASED,ML_TRAIN_TEST_DEVELOPMENT_ONLY,PCL literature-informed morphology + FTIR + mechanical latent-quality simulation,TRAIN
SYN_00083,160.76901934804448,33.83453751140298,0.3755325211992481,0.398604133306097,0.24457172876527228,0.7322561444683813,0.6789556497390693,0.828717736046926,6.025007014299678,1.0252374188943696,1726.593000457633,0.9451983302649534,2935.1136562309407,0.6555864685823585,1247.6291956339605,0.5740498365262893,1.2539994876351497,0.48803642097186783,0.16686488383797915,0.006699430545556443,0.8745762628097458,16.879052899964453,0.5328608790224534,0.25764534984927395,0.034830790477135117,11.276234927327389,79.035,GOOD,SYNTHETIC_RESEARCH_BASED,ML_TRAIN_TEST_DEVELOPMENT_ONLY,PCL literature-informed morphology + FTIR + mechanical latent-quality simulation,TRAIN
SYN_00084,132.53369084557042,45.48425502691452,0.3421352411657449,0.37805012125567755,0.19043926014041965,0.6638053372491666,0.6736920647286441,0.7211727542576563,5.765561435033611,1.23361854633561,1721.2742806198896,0.868933939538674,2931.11120668404,0.6405929532995799,1235.2214445682043,0.449128877085508,1.2681595128108736,0.5038971979164657,0.1770507737297087,0.004272831520378741,0.8937831910010167,13.786955384943067,0.49122712953020614,0.2658591440219483,0.018223455403575492,10.478747329966177,60.721,POOR,SYNTHETIC_RESEARCH_BASED,ML_TRAIN_TEST_DEVELOPMENT_ONLY,PCL literature-informed morphology + FTIR + mechanical latent-quality simulation,TRAIN
SYN_00085,133.90440372095895,30.41832520771319,0.415029182730678,0.31209187746614697,0.13810236518286548,0.609078360914378,0.3325095629386,0.6252796085682428,5.590084368582307,1.6450760362244599,1719.7083240413442,0.7200366963090634,2951.0736115406435,0.5114794517983637,1239.8923360539648,0.5439671911846768,1.10247279460281,0.3850473207854369,0.20821915390888676,0.011536060731420675,0.5533595848761321,11.885227981320547,0.5642782695820565,0.337337643632068,0.0021544977656838254,6.069947062114223,27.493,POOR,SYNTHETIC_RESEARCH_BASED,ML_TRAIN_TEST_DEVELOPMENT_ONLY,PCL literature-informed morphology + FTIR + mechanical latent-quality simulation,TRAIN
SYN_00086,162.50982154540168,30.90323959424999,0.3162493968175423,0.41833758924912495,0.22831788960905386,0.7360041131991066,0.7258961827550124,0.816322973877645,5.591546617628477,1.5281322656681238,1716.3972155679087,0.9231709904515374,2940.1930625924338,0.7652743119614515,1237.1052164897574,0.6340638442140522,1.3024232644825615,0.5586387453333697,0.14038151523755196,0.00974535031102872,1.1743953498058144,13.911263780641178,0.6368844532129805,0.21668646114799017,0.04324333755837061,13.998820588995986,95.203,GOOD,SYNTHETIC_RESEARCH_BASED,ML_TRAIN_TEST_DEVELOPMENT_ONLY,PCL literature-informed morphology + FTIR + mechanical latent-quality simulation,TRAIN
SYN_00087,150.5076553123331,43.40676373719948,0.2537071395700585,0.3802549305086002,0.22068267878004985,0.7520172687044026,0.7077539664030267,0.754425339050365,5.405175365531162,1.368875086113293,1719.252621961451,1.0168012826083135,2939.673869172316,0.7311002445447844,1240.7733486098482,0.7535189003998829,1.1851896071484207,0.5779515879848903,0.1494000801670973,0.012514797167324846,0.8530784853520106,17.61369716452045,0.5992742461077389,0.23971845515666584,0.03273193489072892,11.48775804388769,77.937,GOOD,SYNTHETIC_RESEARCH_BASED,ML_TRAIN_TEST_DEVELOPMENT_ONLY,PCL literature-informed morphology + FTIR + mechanical latent-quality simulation,TRAIN
SYN_00088,146.78041710301642,33.23474186012052,0.40682407336724635,0.3461691545460954,0.2222008445022272,0.743642618376659,0.5501925786607551,0.7385870945491587,4.538796254755336,1.591505044631972,1723.644189177712,0.7903942755135677,2934.882675831821,0.70469233411964,1234.173130317314,0.530939149117309,1.0300937696071513,0.4651057408198121,0.1727965847041057,0.012924389747414968,0.9062883929578746,18.324092458261962,0.5348743613320525,0.20201175450267467,0.03724241395302731,12.642917924040702,62.892,POOR,SYNTHETIC_RESEARCH_BASED,ML_TRAIN_TEST_DEVELOPMENT_ONLY,PCL literature-informed morphology + FTIR + mechanical latent-quality simulation,TRAIN
SYN_00089,185.64413569062953,34.08078216329787,0.31462651882306886,0.3387335902480779,0.22063177756559096,0.6605821181311216,0.6714144169348101,0.7275818130307052,6.263518940440322,1.3019992325882679,1723.226108378187,0.9252397409924267,2957.044418674371,0.6691696875275559,1239.9571883685899,0.6277400570215378,1.348632272841167,0.5175831266583593,0.15112763029936968,0.006977566522360134,0.7517310532993728,16.609184902681424,0.6517366534436388,0.2500308563429147,0.03334770635448664,10.936437209222257,84.054,GOOD,SYNTHETIC_RESEARCH_BASED,ML_TRAIN_TEST_DEVELOPMENT_ONLY,PCL literature-informed morphology + FTIR + mechanical latent-quality simulation,TRAIN
SYN_00090,124.30743205301793,46.26558763183295,0.4359201564978318,0.2978465205283589,0.1585280771708486,0.5876581742190571,0.2776822235785367,0.6121996765998371,7.388776599014821,2.233204598510453,1731.6838655004499,0.8321984218044198,2945.689303510279,0.6138562886305835,1228.4647621778315,0.5114411330532003,0.9816057022687887,0.40112229425960777,0.2024924931228162,0.015067368964639439,0.43973234875548006,7.445872917449702,0.4272104732753256,0.3267270481994163,0.011576389776513056,5.850835603560877,25.294,POOR,SYNTHETIC_RESEARCH_BASED,ML_TRAIN_TEST_DEVELOPMENT_ONLY,PCL literature-informed morphology + FTIR + mechanical latent-quality simulation,TRAIN
SYN_00091,137.80508517943602,33.92271003272669,0.3624468198480513,0.38169861636605934,0.2177072689042561,0.7064971573563731,0.6889534739724233,0.7737261449068313,5.586644054795021,1.8320211971923643,1717.8110951547067,0.9186468947434442,2950.117207888404,0.5886862166222131,1241.4618638927168,0.5705223609190748,1.1992763139370761,0.517344679132302,0.1395693842382837,0.0024739557136911425,0.8346989221248747,13.059814907851061,0.5903132493306774,0.27323224098296317,0.033358880497654966,8.087684354808138,66.488,POOR,SYNTHETIC_RESEARCH_BASED,ML_TRAIN_TEST_DEVELOPMENT_ONLY,PCL literature-informed morphology + FTIR + mechanical latent-quality simulation,TRAIN
SYN_00092,143.10637942448903,43.07037331987968,0.3533365415075595,0.38495752379726006,0.21029878040466143,0.6323126266652384,0.5603153428621395,0.7511574135740252,5.581127245377931,1.5830911314272913,1719.1038959946031,0.8767566060142524,2930.1383461388023,0.641066102831546,1245.7247250200173,0.6531154315879777,1.3045045166923264,0.509356337223708,0.15041892493753753,0.014179832987805771,0.8723003437512614,14.650402352752652,0.5173649257974794,0.15446657281402387,0.026611738800038302,10.085693338063786,65.601,POOR,SYNTHETIC_RESEARCH_BASED,ML_TRAIN_TEST_DEVELOPMENT_ONLY,PCL literature-informed morphology + FTIR + mechanical latent-quality simulation,TRAIN
SYN_00093,155.52420018372118,24.850869940875953,0.33130509830534505,0.40099132390867503,0.22985041401786993,0.7760393199969469,0.6555388665159114,0.7902238250003354,6.098056868393092,0.7855500019833808,1716.9705358527565,0.948365954357908,2942.313518682311,0.6377381885099759,1235.7874244752386,0.6231664177739502,1.4647764445330924,0.5899322992005249,0.16923343021842618,0.004371904533105594,0.8385136161232177,18.609935167876518,0.7162263478673592,0.3008871043055267,0.0389105095334887,12.9135024905319,92.751,GOOD,SYNTHETIC_RESEARCH_BASED,ML_TRAIN_TEST_DEVELOPMENT_ONLY,PCL literature-informed morphology + FTIR + mechanical latent-quality simulation,TRAIN
SYN_00094,156.13280181960286,39.22286655400645,0.4169675595701926,0.3124647751580099,0.1713514819850523,0.6242811829621367,0.43558493626409905,0.6511353788622757,6.860720086264842,1.9787104185548003,1718.299962593361,0.8926389171606659,2940.9065364232024,0.6530483353115232,1242.1052608585392,0.5300273729183469,1.1354350219285905,0.4189350054095032,0.16975561035665634,0.01075520722217621,0.5872890948245465,12.709457363531126,0.44741921644652505,0.2552907645037643,0.01519552274068638,9.714291519557515,43.771,POOR,SYNTHETIC_RESEARCH_BASED,ML_TRAIN_TEST_DEVELOPMENT_ONLY,PCL literature-informed morphology + FTIR + mechanical latent-quality simulation,TRAIN
SYN_00095,167.10735096480332,41.27840134466344,0.4599404453354604,0.3341251776651468,0.1371314431987445,0.5892968336988731,0.34776852985095746,0.6027575232842852,5.7117025648781015,1.9836909337484327,1721.58664401872,0.663526716164494,2931.6293370983103,0.5917779976488976,1235.6760015872558,0.4744597765079886,0.9116601499004311,0.3952185453856603,0.1828781043866874,0.013499641324855928,0.5265353487904596,9.111334242124546,0.498324365202103,0.25142809642306563,0.0062414204733356946,5.010731719322301,32.039,POOR,SYNTHETIC_RESEARCH_BASED,ML_TRAIN_TEST_DEVELOPMENT_ONLY,PCL literature-informed morphology + FTIR + mechanical latent-quality simulation,TRAIN
SYN_00096,147.97753443888539,37.76975682835947,0.4090005687701627,0.36115742529257694,0.2083456527663917,0.7305448826535289,0.47975572905012476,0.7061979126410248,7.032689726112473,1.3696802461085968,1721.5802556951746,0.9049797318782506,2931.0989368180644,0.7064531729334967,1240.0411090061866,0.5157436929821841,1.0079348743334386,0.4482179467620339,0.17423077822381106,0.01373004672790156,0.8374443045421571,15.010926318597772,0.44347525673392546,0.3317519101140745,0.020349020508075636,8.263933519776451,49.528,POOR,SYNTHETIC_RESEARCH_BASED,ML_TRAIN_TEST_DEVELOPMENT_ONLY,PCL literature-informed morphology + FTIR + mechanical latent-quality simulation,TRAIN
SYN_00097,128.04731487926676,50.254608919957064,0.48477370791463403,0.288854440430946,0.1364083146535489,0.601341278770303,0.3840256877255892,0.6186442119537017,6.3230712352308736,2.2060953042017712,1719.7043169701717,0.9098099798744584,2934.4740970191137,0.5354541500302012,1247.9126487589133,0.41988876557615357,1.012374875110223,0.43841694495832434,0.188203034166784,0.014758823343022968,0.6967255989298926,12.78583135960199,0.4866270059375126,0.20090272451959235,0.02822963013516324,6.196728663242936,27.304,POOR,SYNTHETIC_RESEARCH_BASED,ML_TRAIN_TEST_DEVELOPMENT_ONLY,PCL literature-informed morphology + FTIR + mechanical latent-quality simulation,TRAIN
SYN_00098,178.86549446136976,36.92872591853944,0.35794326042682895,0.380722390609761,0.22481813950836657,0.7127167222062328,0.7923145239193683,0.7480602855777119,5.798959251877552,1.5608242493130873,1718.02615789841,0.9289654435628022,2943.067364480189,0.7243035245010558,1240.5308187643677,0.5188271318634397,1.3134247993399186,0.4962901814681057,0.15388867089380381,0.011072137855668976,0.944926086624962,15.641356433848685,0.6151787924316383,0.17862885708297221,0.03909377529064821,12.175202860062004,86.223,GOOD,SYNTHETIC_RESEARCH_BASED,ML_TRAIN_TEST_DEVELOPMENT_ONLY,PCL literature-informed morphology + FTIR + mechanical latent-quality simulation,TRAIN
SYN_00099,190.99703910029618,33.80790575801092,0.33778718110924577,0.4089023542771223,0.24524404230108476,0.7447388222281733,0.8836832655379648,0.798302019620836,5.456060746814034,0.8819621519525305,1714.494942972997,0.9343100916845957,2936.719370944217,0.734783043742246,1236.7872228809788,0.4476889961738785,1.3274997237699295,0.5197954433250198,0.1665163008713104,0.015575784624212028,0.9448284141059046,17.87150805556171,0.5833513278723538,0.2637912474282296,0.04004359848944211,12.0491660878734,87.807,GOOD,SYNTHETIC_RESEARCH_BASED,ML_TRAIN_TEST_DEVELOPMENT_ONLY,PCL literature-informed morphology + FTIR + mechanical latent-quality simulation,TRAIN
SYN_00100,145.25186040194265,28.07563299640004,0.304056819504198,0.43923505332250956,0.25596932939787864,0.7548156407354912,0.7596144890360845,0.7757419132033656,5.019588300592314,1.287182990180701,1717.766831793324,0.9602328297351298,2938.00413864461,0.784640018195041,1247.0337806019438,0.5754687530443529,1.2567179472918402,0.5804420421366068,0.16159307155736943,0.012130206197158678,1.0949844965083393,21.246497405404583,0.6558402688907292,0.2817986897768104,0.047453266662408435,11.640709035046804,92.125,GOOD,SYNTHETIC_RESEARCH_BASED,ML_TRAIN_TEST_DEVELOPMENT_ONLY,PCL literature-informed morphology + FTIR + mechanical latent-quality simulation,TRAIN
SYN_00101,133.4717022622454,48.05313222012752,0.41055600070703,0.34385950851824915,0.20268583542756946,0.6988648914692633,0.4575246748710769,0.7218687192551394,6.652457025484561,2.148651608406525,1727.9864465988487,0.9633274838117963,2937.2256582540213,0.6481653012000785,1233.0703224352362,0.584185519213883,1.1444802226100994,0.49492681925617554,0.170998865912443,0.013325168092036635,0.6279764026135455,14.34126848618832,0.5843359451392871,0.23122187517447124,0.03492574095215105,9.258340306846451,56.21,POOR,SYNTHETIC_RESEARCH_BASED,ML_TRAIN_TEST_DEVELOPMENT_ONLY,PCL literature-informed morphology + FTIR + mechanical latent-quality simulation,TRAIN
SYN_00102,129.54248228158295,39.5395926620185,0.31133071011063607,0.3607104940911118,0.20772070371681545,0.68955738746555,0.7456085098095144,0.7933981375247078,5.489494365543524,1.4349695748506355,1726.4183895468875,1.0253111872205247,2956.091566224251,0.8182347978412301,1242.6253188442033,0.692858619005085,1.2142110922002227,0.5306621654848548,0.1651952184666227,-0.0007171796483928985,0.7547142183189472,13.40291339430202,0.5029104762461236,0.22622630597016083,0.03896263252485741,13.039787386708763,77.37,GOOD,SYNTHETIC_RESEARCH_BASED,ML_TRAIN_TEST_DEVELOPMENT_ONLY,PCL literature-informed morphology + FTIR + mechanical latent-quality simulation,TRAIN
SYN_00103,176.2052051017179,30.198139805870603,0.31173410094186327,0.4029638012635354,0.2573383475431164,0.7940431573243857,0.7771652121836569,0.8982616428597131,5.587673068070753,1.3979316277309335,1730.7043481267742,0.9697323895856184,2944.2378383892265,0.7633226491465817,1246.586576851909,0.6256229233032313,1.4732218129835624,0.5628821301196666,0.13676698729863387,0.007237680939673559,0.8655148294661718,16.12496090194684,0.6551442933732105,0.2832007826245777,0.03869914049470213,14.937083873808492,94.71,GOOD,SYNTHETIC_RESEARCH_BASED,ML_TRAIN_TEST_DEVELOPMENT_ONLY,PCL literature-informed morphology + FTIR + mechanical latent-quality simulation,TRAIN
SYN_00104,134.54160149584118,41.586150989307086,0.3446707256221434,0.44608858919647976,0.24799437312544906,0.7649051011079174,0.6860453600133657,0.7938622293352537,5.277178980479401,1.1898980511820256,1719.8441723898952,0.8983824256019101,2936.5429537461,0.7454505591846069,1242.476864348414,0.6119629942580931,1.502751973134147,0.5470460762990755,0.17111401530519843,0.006861279720944458,1.0419604067170392,19.727506431727832,0.5407836404472083,0.22142631541439298,0.0455686750070125,11.965749807826821,76.627,GOOD,SYNTHETIC_RESEARCH_BASED,ML_TRAIN_TEST_DEVELOPMENT_ONLY,PCL literature-informed morphology + FTIR + mechanical latent-quality simulation,TRAIN
SYN_00105,140.6060392060052,33.84035231285367,0.3502579637848599,0.3854743171944618,0.2231983236794135,0.6595439274047104,0.5752876411436298,0.7379497484618117,6.4928761162929804,1.4060151512433996,1721.296483965155,0.9735415511775327,2940.934118876956,0.6695328461995782,1246.079675116775,0.626557977676165,1.344491452487934,0.4890129052289287,0.17621922479093222,0.011583641272572633,0.7860820921383891,17.75910652876079,0.5256069248564998,0.29708941844239733,0.027430703548715397,8.285328594257658,68.188,POOR,SYNTHETIC_RESEARCH_BASED,ML_TRAIN_TEST_DEVELOPMENT_ONLY,PCL literature-informed morphology + FTIR + mechanical latent-quality simulation,TRAIN
SYN_00106,169.69722609963276,33.5521363445814,0.38715946092918246,0.3576700881863797,0.21868649047349745,0.6903713804630635,0.5487526239935387,0.7705277778329986,5.74720477143556,1.1048009411187767,1718.044743313089,0.8815418860496864,2937.4451033678065,0.6091626573738547,1236.7727295394216,0.5613335326733356,1.0638510581507508,0.5456609201634107,0.1646953608515189,0.0010248864157530657,0.8426904904178627,16.258597434093083,0.48670130830388114,0.2664614259681107,0.03149816091498632,8.388105303965215,74.736,GOOD,SYNTHETIC_RESEARCH_BASED,ML_TRAIN_TEST_DEVELOPMENT_ONLY,PCL literature-informed morphology + FTIR + mechanical latent-quality simulation,TRAIN
SYN_00107,197.949431727432,33.13957438971285,0.30551469020341365,0.4097946601976147,0.24240012375983042,0.7498031181802673,0.6567101106506668,0.760582493944562,5.036642609201903,1.3403322306823422,1722.938700142826,0.9399124844721092,2943.3133658125157,0.7215616805544852,1240.6308290086233,0.6228660974891181,1.4688078429790965,0.5593600313977389,0.17470344122581846,0.014162744508046797,0.9435225118741898,17.779550515596107,0.7444550033269514,0.21106009793947253,0.049545274774373205,13.763202606397469,93.227,GOOD,SYNTHETIC_RESEARCH_BASED,ML_TRAIN_TEST_DEVELOPMENT_ONLY,PCL literature-informed morphology + FTIR + mechanical latent-quality simulation,TRAIN
SYN_00108,123.55489012489568,43.37841163579099,0.48452517976682585,0.3342010197673959,0.15326132473750123,0.6275631534883613,0.34767391185664875,0.6264493502794687,6.406962942814538,2.07751980059188,1725.7846614729242,0.8096407581419741,2931.5661484231255,0.6136710015579194,1244.0599791700333,0.5624658087329018,1.1268686165785218,0.3737299393612581,0.18280424571636492,0.02383614327216657,0.4952001852673862,11.202453636671178,0.33161062607470826,0.39056839304532764,-0.0013681427800184519,7.436370303774856,28.854,POOR,SYNTHETIC_RESEARCH_BASED,ML_TRAIN_TEST_DEVELOPMENT_ONLY,PCL literature-informed morphology + FTIR + mechanical latent-quality simulation,TRAIN
SYN_00109,179.64495520781682,45.06044273588619,0.4341272026846462,0.29107683881888746,0.1636694884496303,0.6725882124297962,0.5340031989667267,0.6970371036083256,5.807484912082074,1.449751028714183,1722.192300321467,0.7880320035221638,2945.1465464636867,0.6817638720924892,1241.1866912773855,0.5029101852375651,0.9581137032335119,0.45638381078648727,0.19057588965515135,0.010216012704531964,0.5251609178297708,13.821789949120916,0.1844882975077946,0.31002430324693175,0.012144173271455824,6.106948743336063,38.736,POOR,SYNTHETIC_RESEARCH_BASED,ML_TRAIN_TEST_DEVELOPMENT_ONLY,PCL literature-informed morphology + FTIR + mechanical latent-quality simulation,TRAIN
SYN_00110,127.87886545876022,41.50301865766189,0.362697133715531,0.3560784853333894,0.18663610254849772,0.6708492659314225,0.6178116701391254,0.7197107785656003,5.208302094913086,1.7963376220451184,1724.9655805100867,0.9946166078676996,2940.9220255153687,0.5923197025583231,1241.4876768227723,0.6013227837691312,1.1535553206937015,0.47586204397616666,0.14980963727460928,0.01737956342735636,0.6637696188222785,16.0401229047417,0.44785816554301033,0.3579235470633515,0.03755046640325804,6.941102920234053,59.295,POOR,SYNTHETIC_RESEARCH_BASED,ML_TRAIN_TEST_DEVELOPMENT_ONLY,PCL literature-informed morphology + FTIR + mechanical latent-quality simulation,TRAIN
SYN_00111,146.43035856151093,40.13659361738465,0.39943365829567246,0.3353694346365631,0.19962601246053618,0.6738300034778714,0.6065075237907939,0.6704583859049362,6.560853698482211,1.7365791134327515,1726.3113415309972,0.9321200719261975,2945.90874005609,0.6686277369541083,1236.6567560947808,0.5759792311740162,1.297802838898154,0.49053383647043564,0.17808155221657015,0.009075885555220178,0.6554381763805001,15.034654152230187,0.43048527226741823,0.2879871679139435,0.03250809777625395,8.802014320358879,66.584,POOR,SYNTHETIC_RESEARCH_BASED,ML_TRAIN_TEST_DEVELOPMENT_ONLY,PCL literature-informed morphology + FTIR + mechanical latent-quality simulation,TRAIN
SYN_00112,134.62601345091713,29.90551092846766,0.2493635082800719,0.37999729959133643,0.19227570451410256,0.8240453366170182,0.7196689584487643,0.8394583216527512,4.782076862515938,1.087361331456932,1718.7532338217868,0.9168298946502647,2938.501117357367,0.7319617082513277,1236.6515600571745,0.6579097798918763,1.3868617733771955,0.564978485210071,0.12406461931783862,0.005112540103290985,0.8571811471413616,16.860781892701812,0.6045405543228737,0.2127657835731387,0.03147615668307417,14.173224249208985,89.71,GOOD,SYNTHETIC_RESEARCH_BASED,ML_TRAIN_TEST_DEVELOPMENT_ONLY,PCL literature-informed morphology + FTIR + mechanical latent-quality simulation,TRAIN
SYN_00113,112.56772225544246,45.12023291784726,0.2391802627195423,0.3935761729838584,0.23099495001831288,0.7018348896150329,0.7034843314340947,0.731976968586811,4.014066407037505,1.4042391331988295,1720.1979567077165,0.9506310902984463,2935.833329948435,0.8189459939546823,1233.5330548875013,0.5526073235522686,1.2936185219348184,0.4563405935552957,0.13423995485755413,0.005253990160821415,0.9611946827987197,16.41502954033753,0.6778349703937796,0.2192898341068513,0.02914917253607512,8.918633289625745,86.476,GOOD,SYNTHETIC_RESEARCH_BASED,ML_TRAIN_TEST_DEVELOPMENT_ONLY,PCL literature-informed morphology + FTIR + mechanical latent-quality simulation,TRAIN
SYN_00114,163.6042362429069,30.085642251036465,0.3763350861788951,0.4102427236456437,0.21913722891281348,0.7466670394365211,0.5869009363373979,0.7583209397628088,5.363451888339905,1.1867342049243175,1724.2581535633901,0.9055820447769107,2941.8337642988918,0.7098938028640868,1231.6716549507653,0.5232068251066935,1.4275406508770216,0.5125146392512261,0.13551945196016538,0.0051471635193830086,0.8777003908748898,15.099963056823192,0.6536129590073727,0.2649035695826403,0.023405928777394114,10.09874299014508,80.127,GOOD,SYNTHETIC_RESEARCH_BASED,ML_TRAIN_TEST_DEVELOPMENT_ONLY,PCL literature-informed morphology + FTIR + mechanical latent-quality simulation,TRAIN
SYN_00115,135.11040962763366,38.00360352638972,0.3884361550552309,0.355200701418285,0.17230485210876445,0.7172193822883625,0.5487650412834144,0.7339600563899069,5.602655692530971,1.2261670136642933,1727.8847465886543,1.0022935523935133,2938.60100562595,0.6832404978722869,1235.6774017041805,0.675083518370853,1.264142647576249,0.43223770379495496,0.1575939524962604,0.006661134381741463,0.4952156087563846,14.358775258888214,0.4215696720449509,0.36956415633981643,0.015867562193586815,7.628234824372005,50.459,POOR,SYNTHETIC_RESEARCH_BASED,ML_TRAIN_TEST_DEVELOPMENT_ONLY,PCL literature-informed morphology + FTIR + mechanical latent-quality simulation,TRAIN
SYN_00116,134.5672716185542,42.701820426470924,0.45237118250110064,0.2776419399142921,0.13329664205572203,0.5673109306483445,0.3506070272415943,0.6068653872065352,6.5724312916507275,2.0245328088407364,1717.5849801786967,0.9570590891626394,2944.8158961992126,0.6906645339263717,1246.299169073892,0.5011214082583388,1.0104262444757803,0.4327148080181904,0.20082795754463204,0.008860188675109334,0.5526323468956605,8.06785547772383,0.38307766415555566,0.31256559699817865,0.02019325218131468,4.407041631267302,27.05,POOR,SYNTHETIC_RESEARCH_BASED,ML_TRAIN_TEST_DEVELOPMENT_ONLY,PCL literature-informed morphology + FTIR + mechanical latent-quality simulation,TRAIN
SYN_00117,147.44196313877515,40.7699796041075,0.46148023684690154,0.373353248833595,0.16131767820863538,0.6409289470571641,0.4255965502695577,0.6511123233127845,5.595949814680084,1.7632586930360596,1711.4828152782059,0.942066704254612,2946.6539870017996,0.6672113970555082,1244.1416996578937,0.5143449243107348,1.173123222832656,0.43513045219683266,0.19269689976025756,0.014515886857137486,0.6287074968780663,10.410995872231107,0.29736650175579754,0.28532656497446424,0.0246305358548514,6.5987445486489,42.2,POOR,SYNTHETIC_RESEARCH_BASED,ML_TRAIN_TEST_DEVELOPMENT_ONLY,PCL literature-informed morphology + FTIR + mechanical latent-quality simulation,TRAIN
SYN_00118,172.2066529746829,44.714746252540166,0.4064738548704758,0.26992099235328937,0.15783117377880307,0.6164595502577004,0.3935158510583655,0.637216656494226,6.116659810952263,2.124197558185021,1723.2475700474927,0.9325554761380518,2944.082373078486,0.646831192942924,1238.6189233430305,0.5384907930215167,1.0274483894372646,0.4116235459887776,0.20202917880235002,0.014904038000999514,0.5176656604522679,12.292753482577586,0.4029505701943251,0.2704921562006367,0.012733271433614347,5.43370254960362,25.014,POOR,SYNTHETIC_RESEARCH_BASED,ML_TRAIN_TEST_DEVELOPMENT_ONLY,PCL literature-informed morphology + FTIR + mechanical latent-quality simulation,TRAIN
SYN_00119,121.64600963786076,35.41601414063919,0.446768021500521,0.31982670430356075,0.16128422728981875,0.594425576153534,0.40652292251166866,0.657269705452292,6.584690931483906,2.230085135177651,1730.201863722267,0.8024725660533489,2931.5542687065345,0.6000365962109361,1240.1232942478257,0.579094487054416,1.1428731899548539,0.3891176582134738,0.1639289349380236,0.01838801936624751,0.49421280126227596,12.181202116116918,0.3494707219764821,0.3218514842090079,0.018078417028477997,3.0491685856312594,29.542,POOR,SYNTHETIC_RESEARCH_BASED,ML_TRAIN_TEST_DEVELOPMENT_ONLY,PCL literature-informed morphology + FTIR + mechanical latent-quality simulation,TRAIN
SYN_00120,138.70933798559017,38.750407650985856,0.3281873528588883,0.41644198828104395,0.25106170391871496,0.7655048813118273,0.580229696730903,0.7894185081200583,5.921434858013608,1.5803457245156853,1723.8670582074344,1.0406700835056235,2934.8676281646594,0.8162086212607345,1243.1641878647933,0.5368876087234173,1.3488759399705257,0.5463142961092345,0.1583457394073548,0.01141339958875568,1.2,15.35330715295617,0.5471281027180862,0.20221454689395282,0.03908276348100143,13.222767695167759,84.321,GOOD,SYNTHETIC_RESEARCH_BASED,ML_TRAIN_TEST_DEVELOPMENT_ONLY,PCL literature-informed morphology + FTIR + mechanical latent-quality simulation,TRAIN
SYN_00121,128.26027497465384,38.3454562647557,0.3875361905804163,0.34294239174198415,0.2070418526560089,0.6372528156503093,0.5081658945008802,0.6950111572219282,6.179771749409495,2.262750708184626,1721.463240471725,0.796708788802003,2932.389419474929,0.5240719033258624,1235.3401376010986,0.5154039347916655,0.9656099307207049,0.41272822026403666,0.18780068061993138,0.010653074617430498,0.8876775990871368,12.151022856295782,0.3581292261559429,0.3395995328943961,0.04292558397032352,8.368694890503836,48.78,POOR,SYNTHETIC_RESEARCH_BASED,ML_TRAIN_TEST_DEVELOPMENT_ONLY,PCL literature-informed morphology + FTIR + mechanical latent-quality simulation,TRAIN
SYN_00122,151.16807860111774,42.85391080774443,0.3829314825729286,0.31253808101732655,0.17413296216332982,0.6511070557155635,0.40907686764361384,0.7249969868175576,5.547289679894195,1.7437749003104086,1712.6374837518872,0.8305379084199519,2938.3204472578573,0.6591425283501957,1243.629579653572,0.5713155779634381,1.2275206628724713,0.5188091427278791,0.17339367038619197,0.01593846016793968,0.707705712189255,13.092597941342328,0.4136873295053832,0.30878999721145095,0.025018127266106596,6.620965342322664,55.504,POOR,SYNTHETIC_RESEARCH_BASED,ML_TRAIN_TEST_DEVELOPMENT_ONLY,PCL literature-informed morphology + FTIR + mechanical latent-quality simulation,TRAIN
SYN_00123,161.2013142263236,35.77067188810656,0.32108977626813984,0.3372326314346269,0.19771442677094248,0.6525728477477208,0.6714922495512572,0.7734092668394679,5.958604020763818,1.3301963559939212,1727.4209010844227,0.9079632444999226,2937.018867541954,0.6155655090496468,1233.387354337586,0.5193113004660845,1.048882683370107,0.4698423617054337,0.17594138439708543,0.0012589825552979418,0.5937322883884155,13.371285127851301,0.531038226831498,0.21355345546922833,0.03142081883864146,11.739272884551768,59.47,POOR,SYNTHETIC_RESEARCH_BASED,ML_TRAIN_TEST_DEVELOPMENT_ONLY,PCL literature-informed morphology + FTIR + mechanical latent-quality simulation,TRAIN
SYN_00124,181.66614803232028,36.19212061577113,0.2986883136434667,0.40930171049660014,0.24036185863191808,0.7578880935118634,0.6604998581403614,0.708950772864773,6.034347081715345,1.6444101244106413,1730.016013817839,0.9838367423733926,2940.969139835148,0.7420859999399252,1244.4937147674132,0.6862704054876322,1.4299650749126387,0.5639689000119397,0.1650885025893214,0.0048619532205474245,0.7634469831590747,14.305913356313509,0.6538554329839986,0.21354415400165774,0.04309106636767803,12.535621632141947,73.554,GOOD,SYNTHETIC_RESEARCH_BASED,ML_TRAIN_TEST_DEVELOPMENT_ONLY,PCL literature-informed morphology + FTIR + mechanical latent-quality simulation,TRAIN
SYN_00125,182.71838750322053,28.371460114752264,0.482590685680066,0.3280603418886149,0.19626603982538857,0.6557858612035928,0.3970906387099271,0.6477232123754229,6.268554568731446,1.631512469813883,1716.4797578302278,0.868879848329674,2946.8872715046223,0.5732968654854054,1237.4859187561724,0.5149122179449763,1.1335601694647008,0.44705986592800967,0.1599414151686793,0.01816934481138848,0.571213946912356,13.003546070610087,0.5752280314528797,0.3007156562461558,0.023285456416739785,8.398717913178652,39.758,POOR,SYNTHETIC_RESEARCH_BASED,ML_TRAIN_TEST_DEVELOPMENT_ONLY,PCL literature-informed morphology + FTIR + mechanical latent-quality simulation,TRAIN
SYN_00126,148.49515564944159,36.27851742750683,0.235041341415051,0.4158248335162565,0.2576029458382995,0.7794174431701593,0.7457856030181507,0.7757362523063552,4.931117743375203,1.302226063548182,1720.8206034012078,0.8990472367534703,2946.953220153355,0.7005194433393389,1236.2511804353016,0.6693518459716105,1.4237586028146763,0.5441469814771813,0.1678844534632107,0.0038297731815844205,0.8464661556017539,19.23883092801506,0.691138189415911,0.17901888479686828,0.035742839623922336,9.554374749268481,80.616,GOOD,SYNTHETIC_RESEARCH_BASED,ML_TRAIN_TEST_DEVELOPMENT_ONLY,PCL literature-informed morphology + FTIR + mechanical latent-quality simulation,TRAIN
SYN_00127,162.0757041355699,42.002284233203945,0.4394578299527092,0.2550800792198352,0.15455392243507385,0.5944874229696497,0.432476732055102,0.6477483279668298,6.841564227592262,2.234065890263681,1717.959493169135,0.8405425126686249,2938.937702970292,0.5392880131252467,1243.3077901281006,0.6218991909066234,1.0941688114232968,0.3925852083782634,0.1874271778657144,0.014975372530169546,0.5585662412936758,7.889516031245601,0.4125085948186544,0.326254498143791,0.01362447295668847,4.091300539770469,25.919,POOR,SYNTHETIC_RESEARCH_BASED,ML_TRAIN_TEST_DEVELOPMENT_ONLY,PCL literature-informed morphology + FTIR + mechanical latent-quality simulation,TRAIN
SYN_00128,144.62199937905027,32.588873456066615,0.3179686349536955,0.4104116552497018,0.22830839229667219,0.6816997550052056,0.6693724223730898,0.7787818980040007,6.359177920038807,1.3936722497017986,1718.0032722832118,0.9193464058235337,2949.3007468285323,0.7527099688721877,1237.197405714733,0.6134545974767335,1.3718796403356128,0.5421007226215587,0.1773356130763685,0.009450634232226788,0.7883988342086707,14.67911743402021,0.5035023173785175,0.2692980460877045,0.022046515215663188,10.795170843169952,72.482,GOOD,SYNTHETIC_RESEARCH_BASED,ML_TRAIN_TEST_DEVELOPMENT_ONLY,PCL literature-informed morphology + FTIR + mechanical latent-quality simulation,TRAIN
SYN_00129,148.94001730347716,36.532290717153444,0.3299268677070114,0.39738826613773937,0.22272012718915118,0.8030162792787618,0.6536010572122598,0.8954764890985263,5.36838043515929,1.112303655332142,1721.7546853369263,0.9585922714813316,2942.3618215666042,0.8616001761615606,1241.678186969022,0.6745874057524648,1.427509599627622,0.4650001746855698,0.1610198536642263,0.0070704714414982685,0.9390412992027721,16.500668924082504,0.6253763386603036,0.2424782710949548,0.030050485416953918,9.988270233533692,93.779,GOOD,SYNTHETIC_RESEARCH_BASED,ML_TRAIN_TEST_DEVELOPMENT_ONLY,PCL literature-informed morphology + FTIR + mechanical latent-quality simulation,TRAIN
SYN_00130,130.87968947724627,38.694528850447874,0.41868288025600336,0.35341496014348645,0.2224397976538593,0.6493062554378596,0.5144932391508082,0.7473090900932587,6.331743324285968,1.641820136719706,1725.0429311315277,0.8347068455276148,2943.8802811508926,0.5401450570921646,1237.4622658242097,0.5932115982066897,1.0321834368721083,0.45741990619491313,0.1854590024091723,0.013303993673768697,0.5931652277116399,13.906828241101469,0.5334600987908833,0.24321609539500694,0.021182501944705456,7.053510744217316,56.531,POOR,SYNTHETIC_RESEARCH_BASED,ML_TRAIN_TEST_DEVELOPMENT_ONLY,PCL literature-informed morphology + FTIR + mechanical latent-quality simulation,TRAIN
SYN_00131,164.76018205702653,18.83163367510594,0.2819106296329399,0.4158847211553094,0.2546965678593984,0.7223378235711548,0.9077225183130505,0.8534113852076549,5.379496365402727,1.2093608661179862,1724.3269070259007,0.9980820825964681,2938.2729943825893,0.6881270318767387,1239.3473646457142,0.7064591187750879,1.3787825248572418,0.5796941617179953,0.10971247889718047,0.005532912876666272,0.9368280661324742,19.041640472604204,0.6202614724807166,0.21123402199992541,0.04318987742006176,12.622958462151288,93.773,GOOD,SYNTHETIC_RESEARCH_BASED,ML_TRAIN_TEST_DEVELOPMENT_ONLY,PCL literature-informed morphology + FTIR + mechanical latent-quality simulation,TRAIN
SYN_00132,171.12258402619804,38.92297702627851,0.3386346234782895,0.3951012140744633,0.21873989170391978,0.7559260631059257,0.6581652816918834,0.6936407884384247,4.870003052948699,1.9520793203303648,1720.4919196684664,0.8201420094703389,2942.8032827767106,0.6873984350468983,1243.4356866093824,0.6123115639008362,1.4737034430489484,0.5111428543948217,0.14086126683301467,0.01706510256707732,0.9990025346403881,18.577398456228103,0.6937307330884481,0.12980256092784714,0.03447274567915578,12.647714888102993,78.572,GOOD,SYNTHETIC_RESEARCH_BASED,ML_TRAIN_TEST_DEVELOPMENT_ONLY,PCL literature-informed morphology + FTIR + mechanical latent-quality simulation,TRAIN
SYN_00133,136.15919774188177,39.69814130269869,0.36549990965750634,0.4046845547757799,0.23875227356462408,0.6880139707790499,0.6458273622577505,0.6475519241072127,5.496947422294367,1.811404971976931,1720.5570877262087,0.917836041219116,2945.5632124801336,0.6739031766517476,1242.1997608145741,0.6383425796669376,1.3057077849422913,0.5499105012222465,0.15551113302673278,0.0059870049218521204,0.8212421616038339,14.508596671140293,0.6378802240984447,0.2622122737826143,0.030908022296703613,11.449168829406814,70.783,GOOD,SYNTHETIC_RESEARCH_BASED,ML_TRAIN_TEST_DEVELOPMENT_ONLY,PCL literature-informed morphology + FTIR + mechanical latent-quality simulation,TRAIN
SYN_00134,150.58961036045616,33.73709188424955,0.35802306035805465,0.37513964435579233,0.24849166095711586,0.7392639170719423,0.6272662265250063,0.7095089317636155,5.87999499371451,1.266580239210102,1723.471673856195,0.9198223592413314,2948.782497153568,0.638554148468516,1242.182255398781,0.6206220919109355,1.4578705554418947,0.5286108825416936,0.20588115508980354,0.010876006289252125,0.9585086225733132,15.853743827474405,0.7227422462658372,0.316550842966744,0.03770866582449425,13.486509652102452,77.0,GOOD,SYNTHETIC_RESEARCH_BASED,ML_TRAIN_TEST_DEVELOPMENT_ONLY,PCL literature-informed morphology + FTIR + mechanical latent-quality simulation,TRAIN
SYN_00135,153.1655936595617,40.61837354442569,0.38820541228410754,0.3765984693459956,0.2222126627992963,0.7794031447080837,0.5480319483709722,0.7944162753362985,6.990475370124697,1.1987441435002375,1723.848033258276,0.9438054398731299,2941.8381026745697,0.5484249803599119,1238.7503603909108,0.5461532465755232,1.4672629739753804,0.4577816447991521,0.16173072560547808,0.01107411539500257,0.8592000095249122,15.344249271268017,0.606945989969573,0.259897994203071,0.027846858906331345,10.466481664526334,73.78,GOOD,SYNTHETIC_RESEARCH_BASED,ML_TRAIN_TEST_DEVELOPMENT_ONLY,PCL literature-informed morphology + FTIR + mechanical latent-quality simulation,TRAIN
SYN_00136,162.24761823490036,34.64671018145168,0.3061118787997626,0.3980796189435077,0.2340605695169286,0.6758914131152031,0.6140519618587872,0.7634772855911334,5.93688396414764,1.2214021594446516,1725.6363663417023,0.9649033664058058,2943.376247129862,0.6743001065904749,1244.1056771689762,0.7365984631309398,1.3156034457203,0.5277737356282626,0.1823134297267499,0.005397528812129319,1.1228941020790357,16.793859301191898,0.6725110926449885,0.23725284920832682,0.036124186634019465,12.009148328802956,91.959,GOOD,SYNTHETIC_RESEARCH_BASED,ML_TRAIN_TEST_DEVELOPMENT_ONLY,PCL literature-informed morphology + FTIR + mechanical latent-quality simulation,TRAIN
SYN_00137,136.5033797424366,37.053355879826874,0.4038712553904654,0.38179453312354183,0.18738536556160443,0.6719105279837804,0.5919299731907651,0.685026863719533,5.941495875736363,1.479676145149439,1722.4671891422465,0.9477012748484871,2937.688358705812,0.6251474597225923,1240.572021798435,0.5512348612561275,1.239370774925074,0.5134120457272352,0.16854785090379265,0.009961475832195112,0.6291338423884976,14.772990230048283,0.5461953309550457,0.2898126044669668,0.015463060350858142,8.520670710934542,60.855,POOR,SYNTHETIC_RESEARCH_BASED,ML_TRAIN_TEST_DEVELOPMENT_ONLY,PCL literature-informed morphology + FTIR + mechanical latent-quality simulation,TRAIN
SYN_00138,159.3078782316079,25.450470332011378,0.41180399477960217,0.3199454325862079,0.20570814377984972,0.7084543217266214,0.5070382256355805,0.6794113257687621,5.775532109540655,1.5824719063781276,1726.3516610531483,0.8588349377870614,2935.7789954081622,0.5895952047617101,1240.7940322529334,0.5151198692881198,1.2808066685553277,0.468954412184489,0.15203616047470261,0.01653063564408739,0.6949923454574993,14.0579132654001,0.41343934653639186,0.25295241526708684,0.01747289093252668,8.765457470008949,53.066,POOR,SYNTHETIC_RESEARCH_BASED,ML_TRAIN_TEST_DEVELOPMENT_ONLY,PCL literature-informed morphology + FTIR + mechanical latent-quality simulation,TRAIN
SYN_00139,158.17116145153133,38.37397590053456,0.4018046019702548,0.33583139044155946,0.19788788376578914,0.6141200596041118,0.35081427850609975,0.6037259191889749,6.24510605408671,1.555793027332669,1729.6375697097012,0.8928606804671182,2935.9435513364883,0.6097308359985475,1248.9664504388757,0.5309421765357805,0.8991723496972669,0.3876590601106876,0.16812344265616483,0.017856663704487696,0.5874854504407847,11.93862622895641,0.4172149923207152,0.28876052145541453,0.01755654563360934,6.137473397177062,38.271,POOR,SYNTHETIC_RESEARCH_BASED,ML_TRAIN_TEST_DEVELOPMENT_ONLY,PCL literature-informed morphology + FTIR + mechanical latent-quality simulation,TRAIN
SYN_00140,161.77722144682954,40.97681136238299,0.38758523013794594,0.2844106203517779,0.16526755688541994,0.6123420875790093,0.3749196989405432,0.6324976976740085,6.0142895510233885,2.0308912331973827,1720.5119974856327,0.7947880731239988,2945.6025498527474,0.5029331056175548,1234.9295659477696,0.40746869888964843,0.8994334305538706,0.3494567991022846,0.18590085270016535,0.019627438542070868,0.5462081537511038,11.19880628108113,0.3319946296322619,0.38073049359083055,0.008640212382966174,4.575812759490758,28.322,POOR,SYNTHETIC_RESEARCH_BASED,ML_TRAIN_TEST_DEVELOPMENT_ONLY,PCL literature-informed morphology + FTIR + mechanical latent-quality simulation,TRAIN
SYN_00141,129.7620674722537,43.6989542989656,0.30246621468627616,0.39736759453372983,0.24782601822701483,0.7585818207776138,0.7301142126841822,0.7750019370915878,4.987405722590645,1.1740897726040067,1715.4285810339304,0.9914664043863175,2941.431339796923,0.7187602629328164,1249.6175217287243,0.626466520949424,1.1258362420988839,0.590489920675896,0.15092591264886634,0.006488442497183614,0.926913096194754,19.423328557578355,0.7267928282715639,0.2217070515703336,0.04883597540904407,14.619284603637233,89.315,GOOD,SYNTHETIC_RESEARCH_BASED,ML_TRAIN_TEST_DEVELOPMENT_ONLY,PCL literature-informed morphology + FTIR + mechanical latent-quality simulation,TRAIN
SYN_00142,144.68235398843575,20.75707003740096,0.3350250149160135,0.4202263893213345,0.21122562764463487,0.7312759474217444,0.5485052591884914,0.7345698863690432,5.063819184440406,1.9364399098964753,1722.8815924567366,0.8263538400911282,2937.5293157396723,0.7881943094152908,1240.5606538246,0.61488890056297,1.141580761559671,0.49793772945679904,0.178380636399176,0.003069417350907557,0.783012174749728,17.732313841642465,0.5687311755493284,0.30747770025913257,0.04460531600783749,12.870736524455632,77.641,GOOD,SYNTHETIC_RESEARCH_BASED,ML_TRAIN_TEST_DEVELOPMENT_ONLY,PCL literature-informed morphology + FTIR + mechanical latent-quality simulation,TRAIN
SYN_00143,165.80149495821152,23.269145360213972,0.34440477500966493,0.37216336047560417,0.19924933033689532,0.6768286798316183,0.6247963582598566,0.6711309186187528,5.546450804714651,1.8821706343772362,1725.98684959845,0.8921694294521415,2939.9886979863513,0.6369073122013564,1242.6990260856091,0.6097395278775766,1.210553706429859,0.48338783982322847,0.1738415239753826,0.011401434060173458,0.7840194596289338,14.349964162533702,0.556322192064946,0.3041236946091235,0.025940153130393863,10.979542036325478,53.019,POOR,SYNTHETIC_RESEARCH_BASED,ML_TRAIN_TEST_DEVELOPMENT_ONLY,PCL literature-informed morphology + FTIR + mechanical latent-quality simulation,TRAIN
SYN_00144,149.14941922364773,33.7613712996087,0.42687673636503454,0.368155172369486,0.2088741078455826,0.7026870709225903,0.6843792499849173,0.7216575314000822,5.220854071495184,1.4555193770892652,1719.75468511159,0.8033550710426581,2938.269662244223,0.7207570039554674,1238.3020100774982,0.6250602260892565,1.3196735963207757,0.45340443220778676,0.14508796757594766,0.003913934785918277,0.7190357944428488,15.345679602833224,0.45697250552670327,0.25139316683241236,0.042960274104715646,10.405615718101465,79.895,GOOD,SYNTHETIC_RESEARCH_BASED,ML_TRAIN_TEST_DEVELOPMENT_ONLY,PCL literature-informed morphology + FTIR + mechanical latent-quality simulation,TRAIN
SYN_00145,155.66603253420845,32.706627140167,0.32998591957958817,0.3741480950802495,0.22425996631289286,0.7810042087904495,0.7715656201278007,0.7337707146785416,5.175422072610955,1.2314884223267224,1726.5425925094246,0.9223965388335438,2941.7139494396415,0.6305017071623357,1230.5013270034485,0.6265191200686789,1.4115751910828165,0.5753959636963244,0.14340989689553144,0.004821702341833165,0.9693514563187465,20.024459352254624,0.7740127241283835,0.16674443506264108,0.03889925092304898,15.64121887686663,95.72,GOOD,SYNTHETIC_RESEARCH_BASED,ML_TRAIN_TEST_DEVELOPMENT_ONLY,PCL literature-informed morphology + FTIR + mechanical latent-quality simulation,TRAIN
SYN_00146,150.29061098916324,46.17317894691821,0.4392188632254346,0.35150480519757893,0.18699927894298737,0.6511090887716806,0.4974751553656003,0.6808676731667028,5.712450449382573,1.7816935651609678,1710.174632156428,0.8630462822232444,2929.4211250329577,0.5103578194559308,1248.7179098026143,0.5683681720090278,1.2947350971928853,0.41632000218935844,0.19768588050302477,0.012587430912136042,0.805331614442731,14.529706658230817,0.4869882690271212,0.1887670797240481,0.025139925834724176,8.616887551535394,51.014,POOR,SYNTHETIC_RESEARCH_BASED,ML_TRAIN_TEST_DEVELOPMENT_ONLY,PCL literature-informed morphology + FTIR + mechanical latent-quality simulation,TRAIN
SYN_00147,167.34902463578865,38.50738248030024,0.3388997421093136,0.4030791136919202,0.2325713479875427,0.6501323416289649,0.6322208446217104,0.6937937184675046,5.260935361723421,1.2610745177088472,1721.5220702852023,0.9287995056714704,2946.9201235206137,0.7721941938911472,1238.9626079868146,0.6457450747492743,1.318775476474601,0.5492974588447607,0.16909909053210453,0.007784211596172992,1.107444447456278,15.05627209534511,0.5719859879205648,0.2172068942598001,0.04091676486578126,12.043918135466026,85.314,GOOD,SYNTHETIC_RESEARCH_BASED,ML_TRAIN_TEST_DEVELOPMENT_ONLY,PCL literature-informed morphology + FTIR + mechanical latent-quality simulation,TRAIN
SYN_00148,157.44718031047614,31.73917359852655,0.3462264342128923,0.34616424889315606,0.17180768885984996,0.6176519550120496,0.42741167908405614,0.6442109846153055,5.567012001227354,1.8329852113689618,1726.1373674548781,0.8557221420987186,2939.3682296376046,0.6129287276692553,1240.2567820447637,0.5253709158735015,1.1680107093247756,0.46558622758516965,0.1688746855711255,0.01022949635361414,0.8009770471113585,15.093486253404166,0.6752127563888408,0.21574893947911378,0.03262745670124156,12.122673040652085,56.832,POOR,SYNTHETIC_RESEARCH_BASED,ML_TRAIN_TEST_DEVELOPMENT_ONLY,PCL literature-informed morphology + FTIR + mechanical latent-quality simulation,TRAIN
SYN_00149,182.20328540726874,29.61834084423766,0.35248769276769315,0.3847349431868999,0.22272868157280376,0.7338246982407769,0.6235304477819643,0.7554070613023676,4.814449662473353,1.1864356412731751,1723.1913414870521,0.8520302331487877,2940.6759220150375,0.6455983940845188,1237.539961100166,0.5625222260914969,1.2190697202554714,0.4992341774468213,0.16566929152576668,0.00757616381007695,0.9476828044681037,15.497055322054932,0.5439105530731009,0.3938060936263361,0.03026998342406289,11.54473868101678,77.868,GOOD,SYNTHETIC_RESEARCH_BASED,ML_TRAIN_TEST_DEVELOPMENT_ONLY,PCL literature-informed morphology + FTIR + mechanical latent-quality simulation,TRAIN
SYN_00150,158.7650261846262,31.76282503012709,0.30099660874686135,0.40532789673434644,0.24462227507130344,0.6745897581918796,0.5778706014551004,0.7769579900095869,5.174523878684112,1.5963287776628123,1721.9984743037608,0.9650007523057835,2934.54794955714,0.7968405408807657,1249.341321913406,0.6308520676873425,1.4696070066732496,0.5557086888586339,0.11001732906240985,0.0036938844391920917,0.9544795291736791,18.16398945043784,0.7041590153092712,0.18631228423232915,0.03758962460968804,12.28507028632885,96.543,GOOD,SYNTHETIC_RESEARCH_BASED,ML_TRAIN_TEST_DEVELOPMENT_ONLY,PCL literature-informed morphology + FTIR + mechanical latent-quality simulation,TRAIN
SYN_00151,160.4771914924293,36.071591649127036,0.3656792541345474,0.3926999316423156,0.21406068083818713,0.6059636796732356,0.5539421071689901,0.6924092938695132,6.25939198508732,1.566910058220302,1723.0969125699505,0.9208419597686082,2941.1537264696844,0.6293095806241723,1234.5829540005986,0.6688814473180105,1.2298389131259193,0.45575110999913815,0.19432800421907204,0.015495518180318343,0.6334681787133473,15.763043440808634,0.4640034333236333,0.2733348425183129,0.02892465104079988,8.47833429231463,55.105,POOR,SYNTHETIC_RESEARCH_BASED,ML_TRAIN_TEST_DEVELOPMENT_ONLY,PCL literature-informed morphology + FTIR + mechanical latent-quality simulation,TRAIN
SYN_00152,139.41973477920956,31.438840786533895,0.3788594203711858,0.3892817432997663,0.1723293241417023,0.7250290406319017,0.5998646559770552,0.6918328517163189,6.278011824672583,1.709090207012009,1710.2352064461838,0.7906417981541276,2935.2633750412533,0.5452630331615591,1239.31702834307,0.4813688117539162,1.3120489556816468,0.4412568803173166,0.1866867309328926,0.012206507449946098,0.7899559263746645,9.971240105786553,0.5660462499706739,0.27244870266026927,0.032031096712649476,10.799169337872966,66.611,POOR,SYNTHETIC_RESEARCH_BASED,ML_TRAIN_TEST_DEVELOPMENT_ONLY,PCL literature-informed morphology + FTIR + mechanical latent-quality simulation,TRAIN
SYN_00153,148.63263909680688,42.99515808515872,0.4423647593619832,0.37562586784734137,0.19667129949173406,0.6539224518451571,0.5217592834056091,0.7200406405907964,4.475857392190244,1.5764934955068455,1724.978145980587,0.9504601792380457,2926.0428291183216,0.7473925079689111,1238.162277762242,0.5732697333115204,1.0301236596516614,0.4287555453612092,0.18615861252232033,0.015729068472984314,0.5989885523992335,12.119464196624936,0.39994841542178344,0.27411125486463095,0.021443419693001328,5.184020016679887,45.323,POOR,SYNTHETIC_RESEARCH_BASED,ML_TRAIN_TEST_DEVELOPMENT_ONLY,PCL literature-informed morphology + FTIR + mechanical latent-quality simulation,TRAIN
SYN_00154,144.90502648596774,41.05776793863823,0.4396518381620489,0.3198150640125465,0.16746026862373675,0.615201824020142,0.4256222332322023,0.6236868962918011,6.778146375763708,2.038831372165433,1713.6395608815183,0.8542011514533165,2941.7009113752474,0.5465529156318127,1231.6520137293346,0.5153784525538877,1.249122549638177,0.425015336822356,0.15342802227216576,0.012741000461015018,0.6089736343524346,11.572427156397769,0.5222308639173963,0.28424450875023477,0.015303079337903333,7.319955077112734,40.964,POOR,SYNTHETIC_RESEARCH_BASED,ML_TRAIN_TEST_DEVELOPMENT_ONLY,PCL literature-informed morphology + FTIR + mechanical latent-quality simulation,TRAIN
SYN_00155,138.37079717787947,24.722753898453202,0.4796039262944576,0.24421976892930167,0.16440518096690007,0.5835319891750266,0.358334566492491,0.5759715462298807,7.744699323792076,1.7417774671475517,1724.2096039144685,0.788794640829939,2941.2863287885975,0.5394056876188607,1245.5723185893517,0.3861926956852414,1.1833799605463904,0.38137835641078716,0.17561980851013637,0.01553186360012989,0.534739508979478,15.134183526976656,0.46306041375026763,0.25971781739901906,0.013675136168082235,5.120134402525585,34.65,POOR,SYNTHETIC_RESEARCH_BASED,ML_TRAIN_TEST_DEVELOPMENT_ONLY,PCL literature-informed morphology + FTIR + mechanical latent-quality simulation,TRAIN
SYN_00156,150.8006106351231,41.86459344524483,0.4677057198398184,0.3208137092939649,0.1787090428334717,0.6469357183159734,0.4231863040278383,0.6540607288314004,6.420657200322095,1.6734890414200625,1726.291575145873,0.7887182263097018,2940.213497612624,0.6362949855603603,1234.1577561988559,0.4621717050271913,1.1644121684377566,0.4845249133188577,0.16554640422130495,0.020732603001724498,0.5287649439445898,9.902291643937133,0.49873060193906915,0.31340759023807097,0.025461480378445242,7.113953616868541,52.102,POOR,SYNTHETIC_RESEARCH_BASED,ML_TRAIN_TEST_DEVELOPMENT_ONLY,PCL literature-informed morphology + FTIR + mechanical latent-quality simulation,TRAIN
SYN_00157,145.1518507379732,43.9513952919292,0.44259284539241434,0.31986508161311666,0.1264787453061667,0.5620034643143458,0.27051263187559094,0.6797019830751094,6.0079380050565065,1.5990156133764046,1721.2785438298247,0.8760473636064869,2948.442451108121,0.5649416100389832,1230.4067846148487,0.5753817318454849,1.1853487805941831,0.4382782215047583,0.13117999575353198,0.014211720452351535,0.5133198498940243,13.760550170606736,0.3802031716187939,0.29169033808742034,0.00952085293322037,5.019570048088663,31.694,POOR,SYNTHETIC_RESEARCH_BASED,ML_TRAIN_TEST_DEVELOPMENT_ONLY,PCL literature-informed morphology + FTIR + mechanical latent-quality simulation,TRAIN
SYN_00158,159.21485103650224,26.32802769440282,0.28380139512713753,0.4309079914066143,0.23986729251959668,0.713946090429938,0.8231606539163343,0.7803496133715189,5.220995414866256,1.0184620037242726,1717.3578051599625,0.8361623890292131,2940.70201033677,0.6431701723589055,1236.4740543545242,0.6795689756588876,1.2905952027344285,0.5154208696188951,0.1419536562797474,0.011725425634874187,0.9955335754924516,16.8892009711714,0.546374361976254,0.28478037109915577,0.047075132487737134,13.804664958159105,95.107,GOOD,SYNTHETIC_RESEARCH_BASED,ML_TRAIN_TEST_DEVELOPMENT_ONLY,PCL literature-informed morphology + FTIR + mechanical latent-quality simulation,TRAIN
SYN_00159,164.89047500993294,23.790043650957642,0.3724851228673838,0.3762674941958403,0.19440283279928117,0.6880333775006384,0.5791516901059407,0.7243428921359484,4.836977290909299,1.0903864437051627,1712.91622932681,0.8013828273557368,2948.1659144342207,0.6578220492265534,1247.325346278556,0.4639056608813742,1.0579302700610276,0.49573924318195095,0.1577012855747466,0.013716596367341382,0.6775497560194673,15.010567514347057,0.4771823771912955,0.2933786109593636,0.023269718841159824,6.953171478843639,52.362,POOR,SYNTHETIC_RESEARCH_BASED,ML_TRAIN_TEST_DEVELOPMENT_ONLY,PCL literature-informed morphology + FTIR + mechanical latent-quality simulation,TRAIN
SYN_00160,156.67858623405107,37.91116579719263,0.33344137408935465,0.3824308338783937,0.20736427758985843,0.6775372261871588,0.5589242573448695,0.7671234884766508,5.823173617733191,1.6710846306050966,1720.8234320648758,0.9607258044934887,2952.4779925926673,0.6025380393757815,1238.427321390012,0.592765782151929,1.398677615896172,0.5411829077967643,0.17074298219342562,0.006171266141875721,0.8790390207125184,13.619832219083587,0.4837058816136969,0.1745102523501943,0.03720830369433413,12.130778727212565,71.654,GOOD,SYNTHETIC_RESEARCH_BASED,ML_TRAIN_TEST_DEVELOPMENT_ONLY,PCL literature-informed morphology + FTIR + mechanical latent-quality simulation,TRAIN
SYN_00161,146.02096229529374,50.916898679460516,0.4136253350078658,0.35408314630213683,0.1892840544688855,0.6733834254816461,0.5480094783418019,0.7633207999398547,6.292113088273153,1.4738511562349688,1717.093373131658,0.8708339060106047,2938.6835577641596,0.6868555505493051,1239.6977541432477,0.5347550129719466,1.1913456799514954,0.44014130540161034,0.15595921476484417,0.016175912662677653,0.7245620828529812,16.419603020660997,0.6024766493162201,0.27272278077306816,0.025877538074253224,9.928521764756587,65.103,POOR,SYNTHETIC_RESEARCH_BASED,ML_TRAIN_TEST_DEVELOPMENT_ONLY,PCL literature-informed morphology + FTIR + mechanical latent-quality simulation,TRAIN
SYN_00162,154.11833913303147,30.134243886404377,0.3260047790926584,0.38359528147303623,0.2095069719609593,0.6780604088392657,0.5684442507196137,0.7822747403148352,5.232327276029922,1.7481133074068187,1727.7134502254314,0.9321370772718053,2938.6861884682353,0.7068595122762217,1242.3485060457726,0.5346425735407604,1.3110259974138148,0.4722565022035193,0.16398684589243084,0.010919940184968504,0.6644854486686576,15.447999678701475,0.5544562465696807,0.22408390697071634,0.024070690489548574,6.8903897282272855,70.67,GOOD,SYNTHETIC_RESEARCH_BASED,ML_TRAIN_TEST_DEVELOPMENT_ONLY,PCL literature-informed morphology + FTIR + mechanical latent-quality simulation,TRAIN
SYN_00163,145.48291320768112,31.034842173605533,0.37108888528749717,0.44065510483671705,0.19429207411849997,0.6343905662697968,0.6918409488706146,0.6866380445044857,5.733750766681397,1.500842322136974,1726.845148345709,0.9807816785037806,2936.853729022856,0.6606123908798462,1237.6237763975992,0.6754984104818361,1.2335348750750874,0.5152347469977264,0.1491836336976226,0.011863823261120093,0.9460868178149214,20.781770194507434,0.6362300164548222,0.20517097877688362,0.04228184299096036,15.888617165978513,91.139,GOOD,SYNTHETIC_RESEARCH_BASED,ML_TRAIN_TEST_DEVELOPMENT_ONLY,PCL literature-informed morphology + FTIR + mechanical latent-quality simulation,TRAIN
SYN_00164,135.90593360763063,38.6435107657633,0.3975248786596981,0.30161589697525004,0.18472749851236445,0.641787738390881,0.3181154657321207,0.6791137160940092,7.411935056984761,2.1390456785727494,1716.533407044346,0.8495114533238133,2942.995889001063,0.615299023877008,1244.1639814882815,0.5721344077674364,1.0144862272488706,0.4515703958718994,0.18639057960999683,0.01650264132667943,0.6589689472040221,13.005478714839645,0.3760243658859365,0.2850916888931584,0.01818559014611866,5.218859768435144,39.832,POOR,SYNTHETIC_RESEARCH_BASED,ML_TRAIN_TEST_DEVELOPMENT_ONLY,PCL literature-informed morphology + FTIR + mechanical latent-quality simulation,TRAIN
SYN_00165,151.01856886106174,36.1110069075947,0.4656041088596148,0.283785678516827,0.14470683436573822,0.5734350017534827,0.32413586114970255,0.6584134066504966,5.605911088410247,1.6634243697532294,1729.9965810873448,0.8465016500944895,2951.0573283513945,0.5957225983356944,1248.4047837797934,0.5485048477038991,1.1966468890748316,0.4239155084296306,0.20021506287947813,0.019670800398806577,0.5768662705641693,13.207452542108621,0.3167977587880136,0.38260044517078684,0.014432695529336554,5.62319802614647,38.794,POOR,SYNTHETIC_RESEARCH_BASED,ML_TRAIN_TEST_DEVELOPMENT_ONLY,PCL literature-informed morphology + FTIR + mechanical latent-quality simulation,TRAIN
SYN_00166,148.76805379919944,28.098289140486198,0.30166609388895343,0.41868282057434897,0.2530606520254455,0.6973885649698652,0.6889613083211208,0.7775011884331915,6.371692703968774,1.5038234732212707,1715.7705208330606,1.1478394196418238,2942.2228547599952,0.7085286761922092,1242.9882000548985,0.675935938507789,1.3990786819840053,0.6116672625481036,0.17845192794570677,0.005389012050133435,0.8856263700660716,16.376452613205487,0.4881823915092426,0.2871860666221887,0.04220621970464517,14.445415622874629,91.882,GOOD,SYNTHETIC_RESEARCH_BASED,ML_TRAIN_TEST_DEVELOPMENT_ONLY,PCL literature-informed morphology + FTIR + mechanical latent-quality simulation,TRAIN
SYN_00167,164.16703175037856,37.54813045544303,0.32695214380935567,0.3765145029199322,0.19670002384330826,0.6773920754220618,0.7232860046251832,0.7160723805866006,4.829859809176642,1.384279239536831,1719.7436404944401,0.8595311607103319,2947.7620211684675,0.567987369944043,1233.4965001994847,0.5288773297232874,1.166246362098874,0.5092540283088098,0.16776942138433965,0.005872065972571533,0.9338462572740782,18.080497092794573,0.6228586737092311,0.22063372777896834,0.031311565715671605,13.679970478673384,86.35,GOOD,SYNTHETIC_RESEARCH_BASED,ML_TRAIN_TEST_DEVELOPMENT_ONLY,PCL literature-informed morphology + FTIR + mechanical latent-quality simulation,TRAIN
SYN_00168,174.62338594675634,47.28962067120205,0.39301440502843943,0.3949634136090531,0.2522429549483823,0.7436842095889183,0.6326893820489684,0.7970660649187747,5.498686517126698,1.0129581550992555,1723.0638633982703,1.0245855237790065,2942.277328762207,0.8341637570014198,1245.284231791502,0.6580214794519886,1.256503324853936,0.5166396399883487,0.14156906002229572,0.004626945765809018,0.9960558960498083,20.438422235425016,0.6050951446792084,0.1972665666708001,0.037556651973130066,11.688975997611758,82.01,GOOD,SYNTHETIC_RESEARCH_BASED,ML_TRAIN_TEST_DEVELOPMENT_ONLY,PCL literature-informed morphology + FTIR + mechanical latent-quality simulation,TRAIN
SYN_00169,145.1360741167616,21.557799217513903,0.3948981389075587,0.36869131995650256,0.1704452836865213,0.6754837582910739,0.5558552049819525,0.687295820238209,4.729809373530939,1.3983053384818085,1722.3763022588057,1.0014586420270828,2930.2973551325736,0.6061054379810599,1239.2668223876017,0.6222744842687098,1.1377682388868493,0.4191901338984631,0.18419272878921328,0.012421968632305162,0.7164515377093053,12.31632587807819,0.531350705976445,0.2795554913638619,0.019290240153824908,9.614408724209218,52.358,POOR,SYNTHETIC_RESEARCH_BASED,ML_TRAIN_TEST_DEVELOPMENT_ONLY,PCL literature-informed morphology + FTIR + mechanical latent-quality simulation,TRAIN
SYN_00170,163.15215829268388,31.338826908651907,0.4001414947399127,0.3685784163263511,0.19244764621743848,0.7412103768119443,0.5485478276190822,0.7529812683537306,6.380564987693401,1.3958631860663628,1730.9421597170333,0.8393570452755686,2947.5246331479225,0.7154964707146644,1240.6532993998262,0.5609727118891153,1.3142837095811424,0.5586494059829671,0.16972055048249235,0.009826596186443947,0.7718142475981746,14.776345110459136,0.6688274187504603,0.1655134971963578,0.03885825566299955,12.428517715006988,75.216,GOOD,SYNTHETIC_RESEARCH_BASED,ML_TRAIN_TEST_DEVELOPMENT_ONLY,PCL literature-informed morphology + FTIR + mechanical latent-quality simulation,TRAIN
SYN_00171,130.50114988673184,29.14460472237259,0.4043022075640586,0.4049554937348322,0.22636338638307213,0.7667804209985357,0.5739885866680429,0.7574375503678933,7.048845914092301,1.3269550240887424,1725.328765847563,1.065985609369745,2936.695668409897,0.6633596388045375,1236.8339417088478,0.5946654004755405,1.312123380800429,0.5511980508352282,0.13749321058634534,0.005708755124594653,1.0216697342670407,17.800810200384884,0.6089628333540189,0.1576786284760031,0.03957648747146786,12.705029467993437,85.82,GOOD,SYNTHETIC_RESEARCH_BASED,ML_TRAIN_TEST_DEVELOPMENT_ONLY,PCL literature-informed morphology + FTIR + mechanical latent-quality simulation,TRAIN
SYN_00172,156.92380983227457,43.82459260737799,0.5027403334757536,0.3329048650606708,0.18411500127346553,0.5797332490699316,0.39920980156990094,0.6411353979811204,5.7563950461768,1.634052806023338,1733.0130119195558,0.7870360754542299,2938.672267345161,0.6842804320073766,1245.893292348133,0.615773373656298,1.155130814680056,0.45784872393209436,0.1689003570932384,0.018823499832058437,0.5688459155449987,10.560433789364424,0.4441330787988883,0.2963957279034381,0.013370962043057244,7.71395641139609,38.976,POOR,SYNTHETIC_RESEARCH_BASED,ML_TRAIN_TEST_DEVELOPMENT_ONLY,PCL literature-informed morphology + FTIR + mechanical latent-quality simulation,TRAIN
SYN_00173,167.06998152089912,33.99806501913529,0.2923590967174111,0.4085092660340736,0.24766224872444564,0.7536270999483154,0.6803874922639511,0.8319878705552881,5.107767084360993,1.6386052535430675,1720.5847822487149,1.0601388848102498,2941.224758702661,0.7756636255135686,1245.3733800562993,0.7081915131628266,1.4906323456538442,0.5940993905052201,0.1362266152020821,0.004497386634219793,1.148240581703194,16.985190202780373,0.8079496682072981,0.22549716557075422,0.04923006982128478,14.996695355688834,94.257,GOOD,SYNTHETIC_RESEARCH_BASED,ML_TRAIN_TEST_DEVELOPMENT_ONLY,PCL literature-informed morphology + FTIR + mechanical latent-quality simulation,TRAIN
SYN_00174,137.66613257952818,35.88234109493613,0.3511133871886022,0.36375114200138897,0.20723071506087407,0.6621849886544497,0.609467023909466,0.7462218316925556,5.5861045543492365,1.7193730859734635,1726.785607741675,0.9363025969232179,2936.2928633350034,0.5937064960894068,1238.8091110925773,0.5519004282151109,1.3115532471601705,0.4990880413518471,0.14210113797976026,0.010652087207760029,1.0533039863753766,13.516218733899208,0.5347490230243696,0.2662197278634243,0.026839007083353923,8.423160830399308,64.429,POOR,SYNTHETIC_RESEARCH_BASED,ML_TRAIN_TEST_DEVELOPMENT_ONLY,PCL literature-informed morphology + FTIR + mechanical latent-quality simulation,TRAIN
SYN_00175,175.9727201464419,37.329130599690565,0.3201820077180141,0.396816492807211,0.22518150147237231,0.7332511055186831,0.6609977375341436,0.759814597013569,5.557974823322964,1.2947136474637497,1724.4191980181624,1.0063397111297139,2931.216970385433,0.637542990062927,1243.0166458885806,0.5476218976857767,1.2414039288432197,0.6076605661877944,0.1627736634484187,0.003952355378017934,1.0021093318998515,13.103543831124831,0.6667378845638251,0.18202358795007603,0.03239721693332098,11.043905291520177,85.898,GOOD,SYNTHETIC_RESEARCH_BASED,ML_TRAIN_TEST_DEVELOPMENT_ONLY,PCL literature-informed morphology + FTIR + mechanical latent-quality simulation,TRAIN
SYN_00176,148.819273127917,39.065829189574856,0.30205524511108645,0.33759559714384635,0.1922172598390043,0.7415979407290566,0.6760804070249573,0.731893670169957,5.174235582228918,1.5167602413283752,1716.0868532447364,0.988780532001003,2943.9676944153057,0.7514501170698824,1242.545669850983,0.567003896227717,1.221841117595312,0.5124311751772688,0.15710201241269847,0.0073150102042469885,0.8525975181467288,14.233549449818302,0.6192723491605108,0.299411833829293,0.016183093290842415,9.733513340239753,71.549,GOOD,SYNTHETIC_RESEARCH_BASED,ML_TRAIN_TEST_DEVELOPMENT_ONLY,PCL literature-informed morphology + FTIR + mechanical latent-quality simulation,TRAIN
SYN_00177,149.09869378302358,31.156496777402122,0.3617628785547051,0.3931874770589091,0.22222235508111834,0.7194382534003896,0.6739262340788466,0.750715603981855,6.527759867998818,1.2887408847652302,1724.3707631473046,0.8590196908518688,2946.570299727804,0.6820768305868543,1240.9350792588973,0.4732964265726041,1.26204259272638,0.5060346812605055,0.1634951977149557,0.010942235762936325,0.7953696399634553,13.175382134342412,0.5510707466834097,0.27546652198424176,0.022330041303205782,10.019828371982602,67.743,POOR,SYNTHETIC_RESEARCH_BASED,ML_TRAIN_TEST_DEVELOPMENT_ONLY,PCL literature-informed morphology + FTIR + mechanical latent-quality simulation,TRAIN
SYN_00178,180.28842395936985,39.29663317790842,0.38290536477436476,0.3663682410386445,0.2294173995365516,0.6953051655718163,0.6344420088018947,0.7230731658621647,6.105894201304879,1.4763875573257632,1725.7524796632836,0.87299812821541,2947.2166109677673,0.6653945565668574,1235.0177588025413,0.5309612838648592,1.2637551846781454,0.5439881371863424,0.12880305505824985,0.007850453680869932,0.78311309971619,13.276492134018689,0.5310372654721656,0.2647524200232527,0.02790300654555094,11.204605782115413,73.528,GOOD,SYNTHETIC_RESEARCH_BASED,ML_TRAIN_TEST_DEVELOPMENT_ONLY,PCL literature-informed morphology + FTIR + mechanical latent-quality simulation,TRAIN
SYN_00179,139.09473596680732,31.02924803614643,0.3381884273501435,0.3460053163160294,0.19416219619895456,0.6465918906868746,0.5637747202977744,0.692600918020702,5.545785203104096,1.772044399805044,1727.831137812414,0.8945991067881606,2945.9499068328273,0.7426976905011824,1247.0392998659102,0.5197238207490638,1.3417163415861646,0.5238270869539509,0.16159912217707947,0.0006579857683385246,0.8671969368082924,14.426162023924146,0.5616955178997444,0.251689865027707,0.03364501015920677,10.961831150927232,71.369,GOOD,SYNTHETIC_RESEARCH_BASED,ML_TRAIN_TEST_DEVELOPMENT_ONLY,PCL literature-informed morphology + FTIR + mechanical latent-quality simulation,TRAIN
SYN_00180,130.7102148335719,40.18239406428713,0.4121291525613438,0.3770133696384771,0.20743871841125583,0.7118248013671823,0.6221190355708053,0.667283136870801,4.857536763539954,1.6522898349305897,1730.6224564425293,0.8467437254486859,2951.095109571259,0.6501671798850494,1246.3649177028478,0.5312363960314667,1.3464971534243522,0.43494338782108866,0.16948681830174064,0.009088201319771599,0.8863765692160017,14.28423459809355,0.39802626666890717,0.271432623297638,0.03192866081932977,9.040264049366804,59.997,POOR,SYNTHETIC_RESEARCH_BASED,ML_TRAIN_TEST_DEVELOPMENT_ONLY,PCL literature-informed morphology + FTIR + mechanical latent-quality simulation,TRAIN
SYN_00181,147.0583854816349,26.39291576082711,0.39115356479661334,0.3486261273740075,0.16059246005832783,0.5903189757134345,0.4737076324338212,0.633545996795797,6.103228470700575,1.7752346007530377,1721.98182854253,0.9335554093620925,2943.505900342366,0.6262807206974058,1239.1107197215695,0.5300526476598337,1.1526560422037917,0.4787586941987115,0.15754978505354159,0.016222223455478434,0.7887515681813849,14.007492317559386,0.5204343331296836,0.29189250685074486,0.020064210279533083,9.8142017169359,51.335,POOR,SYNTHETIC_RESEARCH_BASED,ML_TRAIN_TEST_DEVELOPMENT_ONLY,PCL literature-informed morphology + FTIR + mechanical latent-quality simulation,TRAIN
SYN_00182,171.29054641073273,37.86737301850187,0.37708094822722527,0.37551212071138623,0.20329025662447,0.5987032643530367,0.5046805130662289,0.6899056304503373,5.237314682403316,1.5055905934896294,1720.7398881328554,0.9132342459183621,2939.449734096429,0.6842689567925742,1244.2140739219947,0.5918250991179524,1.0774877625546715,0.4314981893025107,0.16290841400216968,0.008243376567484457,0.8223635271466962,13.551315475526488,0.5380378699093197,0.284898040846855,0.027229036641701284,7.634889885860487,61.228,POOR,SYNTHETIC_RESEARCH_BASED,ML_TRAIN_TEST_DEVELOPMENT_ONLY,PCL literature-informed morphology + FTIR + mechanical latent-quality simulation,TRAIN
SYN_00183,121.92301792803434,32.178314144770034,0.43935512150235406,0.30415846631114224,0.17907419382042572,0.5716125941922092,0.47460244910841126,0.6954342212088986,5.816065161237753,1.7187338041617664,1723.6637013372892,0.8638961056873826,2945.446157404057,0.5434242825288892,1239.5529283605445,0.5334348497024026,0.9850743033294894,0.4008777832584875,0.19627900305166973,0.019573000942679716,0.7897662968296554,13.399450650708001,0.49432822522977576,0.25767256346005757,0.018002240978055778,8.423956683563045,42.821,POOR,SYNTHETIC_RESEARCH_BASED,ML_TRAIN_TEST_DEVELOPMENT_ONLY,PCL literature-informed morphology + FTIR + mechanical latent-quality simulation,TRAIN
SYN_00184,153.26929534551203,33.139446850942804,0.36216898373595724,0.39310810636492055,0.22762466135472634,0.6687529313694002,0.4618028605071267,0.7457231082256754,5.426907570428268,1.5558684785289336,1729.5200291492417,0.866786828332929,2938.3014900518815,0.6635692572821441,1239.576644602174,0.4853359971531264,1.1776016327254089,0.48671255826904763,0.1444100903319682,0.011785903478589318,0.73755907558308,15.70244329527001,0.5091404661142459,0.25175093857603553,0.03587352749738215,7.7805537540815735,59.857,POOR,SYNTHETIC_RESEARCH_BASED,ML_TRAIN_TEST_DEVELOPMENT_ONLY,PCL literature-informed morphology + FTIR + mechanical latent-quality simulation,TRAIN
SYN_00185,182.7169144098409,33.36518847155774,0.43766214225489025,0.3493426985627114,0.1761651029305742,0.6078558973173145,0.5265708323983539,0.6226686523741289,6.243445301088035,1.9784166369751022,1726.4333117614317,0.8286935338100977,2931.991701508719,0.5485942402603976,1246.3205341221924,0.606930821324411,1.3430917023016493,0.4418458810036507,0.1649662962091347,0.009036010008460334,0.6385442654391565,14.047533318089823,0.42956909915931035,0.3378709389869658,0.01634183861144885,6.743083970787313,41.201,POOR,SYNTHETIC_RESEARCH_BASED,ML_TRAIN_TEST_DEVELOPMENT_ONLY,PCL literature-informed morphology + FTIR + mechanical latent-quality simulation,TRAIN
SYN_00186,166.89186840449352,47.20950670706406,0.2906403285246984,0.411278304802334,0.2364375798670143,0.7586050898321239,0.7565190554995206,0.8018056076990036,5.797640146717068,0.9604160879975404,1726.5019655286094,0.9370670416691729,2937.0345785972863,0.7359408041985692,1235.7408979013221,0.6289842394161922,1.2466181186584784,0.5477727405762793,0.1234254182990643,0.006745458515687257,1.0257368856489713,21.119621065526374,0.5281648492442734,0.27907348952328404,0.03324098526529897,12.736359712980367,83.719,GOOD,SYNTHETIC_RESEARCH_BASED,ML_TRAIN_TEST_DEVELOPMENT_ONLY,PCL literature-informed morphology + FTIR + mechanical latent-quality simulation,TRAIN
SYN_00187,127.0801743345415,26.384169559600792,0.30989802603299615,0.3783188240697656,0.25634487690889646,0.8526791509495812,0.7492251578091063,0.7862091488870354,4.936501136029465,1.2735986792955087,1724.4790093498768,0.8519776029969754,2938.137411822851,0.7220702438264809,1235.9553146612816,0.5764803375494404,1.5020681445429005,0.601326815755356,0.12692352110274463,0.0008701363745523202,0.8439107143997681,17.36899928793769,0.6741280800657795,0.21389848968121986,0.04721752996249669,15.242182821462148,88.237,GOOD,SYNTHETIC_RESEARCH_BASED,ML_TRAIN_TEST_DEVELOPMENT_ONLY,PCL literature-informed morphology + FTIR + mechanical latent-quality simulation,TRAIN
SYN_00188,169.5029635754536,40.70109527234742,0.3396017294531963,0.34616888816215097,0.21464131401504144,0.6223344577514559,0.45522231928127577,0.6895896437783512,5.495173863089768,1.6972443745461534,1717.7937084896578,0.9609677716327681,2943.0057267008146,0.60944477317511,1240.1420329983932,0.42890662803328894,1.108653697748364,0.42823359928007826,0.1342557747119531,0.013505546327854362,0.6794407967099774,13.782984548026933,0.41715313227929596,0.24441316337615132,0.025304087404905546,7.101893495872142,38.775,POOR,SYNTHETIC_RESEARCH_BASED,ML_TRAIN_TEST_DEVELOPMENT_ONLY,PCL literature-informed morphology + FTIR + mechanical latent-quality simulation,TRAIN
SYN_00189,146.60136748003688,45.26883984459014,0.4953210622284916,0.32246511421130636,0.17717669388594529,0.5610075897236058,0.34457625415315846,0.6584291128233714,5.813332251447384,2.0106867186196595,1724.8574212086132,0.8269106340747103,2946.9131831132054,0.6512938659965982,1248.0156346974095,0.5127012969954777,1.1325397574347718,0.37416482118849165,0.1838026065616594,0.020306319186208375,0.538112641876735,12.907249422689407,0.5267313364513405,0.37399215613820186,0.027537507670767396,7.527774121982736,48.302,POOR,SYNTHETIC_RESEARCH_BASED,ML_TRAIN_TEST_DEVELOPMENT_ONLY,PCL literature-informed morphology + FTIR + mechanical latent-quality simulation,TRAIN
SYN_00190,136.0119098079829,43.07801105496966,0.44403369375512985,0.3312112676395151,0.1493285105082782,0.599508190108455,0.3262031139607877,0.6366593149918086,5.692340890690657,2.0136188499318384,1723.4313024603523,0.8231023353012754,2944.317821136129,0.5968601035954039,1237.445621249779,0.5687506269227239,1.273061619979065,0.3945071851206087,0.16840344417756622,0.019490635993822558,0.5215571657686191,9.899533801888515,0.43784331498646345,0.3934210330897945,0.024621041954458217,6.499355159424542,36.821,POOR,SYNTHETIC_RESEARCH_BASED,ML_TRAIN_TEST_DEVELOPMENT_ONLY,PCL literature-informed morphology + FTIR + mechanical latent-quality simulation,TRAIN
SYN_00191,177.64919855763645,33.22078551178379,0.3582024782443944,0.41002517357748014,0.18325038550501188,0.6694922374637217,0.65730874619693,0.7164859611353291,5.874034687841088,1.505234933258472,1716.4977504718788,0.8159419602106266,2946.5217702281293,0.7090249459268568,1243.491449529689,0.6835413587370504,1.2142728369814066,0.5757689634413677,0.19317831111994485,0.009062365130439086,0.8713142178493154,11.457435138589638,0.48720240176186885,0.19350657173835095,0.03594038219720115,8.783734376866624,71.269,GOOD,SYNTHETIC_RESEARCH_BASED,ML_TRAIN_TEST_DEVELOPMENT_ONLY,PCL literature-informed morphology + FTIR + mechanical latent-quality simulation,TRAIN
SYN_00192,154.91586283838615,40.530982434894085,0.3300310227299533,0.4351855933511386,0.23726490255138422,0.6963526761463368,0.659984415153055,0.7546375763558797,5.114020280318446,1.6238179058962279,1719.7161546283548,0.8565916341612111,2942.1609666302065,0.6358688119085782,1234.5396163067298,0.6127662998934222,1.2523508844998046,0.5018287928112739,0.1482727505239688,0.005226103731505947,1.001073924827754,20.230537910247296,0.7261066843731535,0.2762306458584392,0.043083827228033805,15.176259344083165,91.855,GOOD,SYNTHETIC_RESEARCH_BASED,ML_TRAIN_TEST_DEVELOPMENT_ONLY,PCL literature-informed morphology + FTIR + mechanical latent-quality simulation,TRAIN
SYN_00193,158.9978321849355,52.770799521431705,0.42420502651194686,0.27445108557546516,0.15364254166769736,0.5741777782970331,0.3360608979324332,0.5996774947333318,6.682719856135448,2.124134396854832,1715.1937773371296,0.8313195484774513,2938.508305325495,0.6359987643338221,1242.2809561837878,0.4501066624410857,0.930147144845506,0.3874480613448365,0.1701089213110976,0.023298274738622365,0.6811299051812751,10.673762653964303,0.29606433973108426,0.31843153533987656,0.012824055399214737,3.3478241797189074,28.601,POOR,SYNTHETIC_RESEARCH_BASED,ML_TRAIN_TEST_DEVELOPMENT_ONLY,PCL literature-informed morphology + FTIR + mechanical latent-quality simulation,TRAIN
SYN_00194,153.1662349982649,33.54773340057553,0.2564431880093053,0.39667419661845227,0.24393175337410858,0.7464233305795863,0.6120059511541894,0.7856535491156653,5.5562679318490185,1.6596664338798137,1727.9774036126241,0.8666111199600259,2930.194457062974,0.6432821161738597,1243.546835989602,0.6454792335058613,1.3339006642749736,0.4933904989888468,0.16116959411548434,0.010819009455094074,0.97648701376859,15.349293384385874,0.634583543013499,0.14644033884720054,0.04154290672353683,16.20693722720697,88.998,GOOD,SYNTHETIC_RESEARCH_BASED,ML_TRAIN_TEST_DEVELOPMENT_ONLY,PCL literature-informed morphology + FTIR + mechanical latent-quality simulation,TRAIN
SYN_00195,119.16670407538633,35.64488208598899,0.3764433662075997,0.3465513756968269,0.1919654757417443,0.5535093728092281,0.5162772446527435,0.6768558571260186,6.525525872423582,1.5073073880145802,1714.0966544889707,0.8251414097980551,2943.0436415114073,0.6918010611116773,1238.1647073823917,0.5884118804042942,1.0406916887531668,0.4024475308050329,0.1976929075519116,0.024863609527327676,0.6304654965509522,9.782032002398998,0.3847692467084524,0.3205021204859703,0.013362389300524467,6.893050863355017,35.868,POOR,SYNTHETIC_RESEARCH_BASED,ML_TRAIN_TEST_DEVELOPMENT_ONLY,PCL literature-informed morphology + FTIR + mechanical latent-quality simulation,TRAIN
SYN_00196,156.46760117175597,41.19533703333991,0.4825318778646455,0.3030014099060089,0.13657852956485028,0.5540664678778038,0.3844584765586902,0.6747308847576434,6.59925362856192,2.225201234354053,1719.4487600425944,0.9794570382101846,2954.8821110180274,0.6067353566830195,1243.0195684462021,0.48027050490315726,1.1833278742488826,0.48841025419414386,0.17263106004986384,0.0121828546442707,0.6912309551796978,10.341450789452981,0.41221939463448204,0.34665842437767147,0.018003830030713975,4.593611122615705,37.249,POOR,SYNTHETIC_RESEARCH_BASED,ML_TRAIN_TEST_DEVELOPMENT_ONLY,PCL literature-informed morphology + FTIR + mechanical latent-quality simulation,TRAIN
SYN_00197,146.94373905428782,44.46299435214459,0.3868463546761864,0.3531262044370465,0.19384396140120808,0.5909875079783312,0.4305397103937249,0.6556154322753243,6.287475138617335,1.644403671581027,1726.6364871349501,0.7352005669694168,2939.301371187512,0.5718322805416586,1253.0587501939867,0.557489084261562,1.226894663184843,0.35626701741288624,0.18605563295689756,0.01754904181689724,0.6648790927435089,10.974517805295235,0.3603529817486627,0.321009183147257,0.017765600480409312,6.585020274826025,43.521,POOR,SYNTHETIC_RESEARCH_BASED,ML_TRAIN_TEST_DEVELOPMENT_ONLY,PCL literature-informed morphology + FTIR + mechanical latent-quality simulation,TRAIN
SYN_00198,133.49504855916922,31.212032228446958,0.4182132651795694,0.3532000429857424,0.21196063557545214,0.6640232297009265,0.6452645713571719,0.7155359593864633,4.570496153467822,1.5532578527732248,1724.3032746779113,0.9299191445789289,2924.5804358713954,0.6109915761895256,1235.1171510835418,0.4331747485090616,1.1557176871219446,0.4357670015703423,0.15712295770240323,0.013208488810386734,0.7728292511921725,15.662995077556493,0.6411304384613673,0.2554485458143766,0.018193767831096296,9.943112154998959,67.775,POOR,SYNTHETIC_RESEARCH_BASED,ML_TRAIN_TEST_DEVELOPMENT_ONLY,PCL literature-informed morphology + FTIR + mechanical latent-quality simulation,TRAIN
SYN_00199,174.4936692790062,34.22619811046748,0.27369012584896,0.4061068891226975,0.2663178337466654,0.6688078747281092,0.7147688367016175,0.7894702983205523,6.13118553335398,1.3194584190220358,1722.148662682017,0.9411018600191092,2938.4760788455465,0.5896272389945186,1242.4088237910355,0.6565809651909716,1.1461703909011765,0.4805631920784721,0.17875271138805993,0.007561782082430541,0.9991312818928801,14.64718837107191,0.61279063812735,0.24275479476060388,0.03200733705640161,13.228594239169952,84.702,GOOD,SYNTHETIC_RESEARCH_BASED,ML_TRAIN_TEST_DEVELOPMENT_ONLY,PCL literature-informed morphology + FTIR + mechanical latent-quality simulation,TRAIN
SYN_00200,146.17088640061903,43.66108218071516,0.3255398616147806,0.35055892225047,0.20346002885686415,0.7136899254891511,0.6467629629209349,0.7257854676334844,5.862067259359726,2.0373823399076594,1719.626312299851,1.07320459479378,2943.9927831258947,0.6863921121178523,1246.5943815241342,0.5797106418256243,1.0643840499517239,0.5154099780558578,0.15088985807548855,0.010998904221220754,0.8348117730057457,18.246064722752685,0.5569052085579741,0.33137296557531415,0.03198730171990199,12.543193333630477,65.964,POOR,SYNTHETIC_RESEARCH_BASED,ML_TRAIN_TEST_DEVELOPMENT_ONLY,PCL literature-informed morphology + FTIR + mechanical latent-quality simulation,TRAIN
SYN_00201,146.21077769339752,46.042755124978896,0.4106033385246743,0.3594643102458281,0.16655289210790747,0.640342409774143,0.4644712755277763,0.6270092124679381,5.969679361022921,1.8249025858990733,1724.9163944011348,0.8548701415764187,2934.867113732727,0.6349249403258913,1239.2622919802704,0.5516876460211732,1.1019827308085497,0.4901100565500436,0.19732431769532466,0.022292294428569455,0.5891070985958041,11.19072416927769,0.408250699609886,0.3189289465499606,0.004172699242887856,7.94713378273095,40.05,POOR,SYNTHETIC_RESEARCH_BASED,ML_TRAIN_TEST_DEVELOPMENT_ONLY,PCL literature-informed morphology + FTIR + mechanical latent-quality simulation,TRAIN
SYN_00202,162.6211636035234,31.54520027627907,0.41225818695508365,0.3733144724121196,0.21282097570303346,0.715815457570574,0.7018658160656044,0.7484080113823144,7.012641007566727,1.7966477885453112,1730.4510139505232,0.825601677796876,2942.829106099065,0.7070409801302766,1240.5247685464858,0.5720070296628831,1.2325008936452502,0.43759576019451873,0.17822339415208452,0.010266311064832338,0.9707704838097041,20.462936229045564,0.6613526019778789,0.2694515576945976,0.02966560616364239,14.58927657701771,71.418,GOOD,SYNTHETIC_RESEARCH_BASED,ML_TRAIN_TEST_DEVELOPMENT_ONLY,PCL literature-informed morphology + FTIR + mechanical latent-quality simulation,TRAIN
SYN_00203,175.63703752140674,45.208413947069936,0.4071221515727743,0.3018075024059727,0.15756212470827455,0.6260974680508752,0.49913168669459124,0.6606343234349424,6.25867726610572,1.5251973760939181,1712.1623992841287,0.8177173553411836,2937.502391549877,0.5847094176568046,1227.3378882968045,0.5442355674988957,1.241305055272794,0.4218314623458975,0.15838299081312485,0.00741685561280872,0.7067417624346444,13.369959770511123,0.42683087875306835,0.21827503675975435,0.032543473361234816,10.07658786925785,51.126,POOR,SYNTHETIC_RESEARCH_BASED,ML_TRAIN_TEST_DEVELOPMENT_ONLY,PCL literature-informed morphology + FTIR + mechanical latent-quality simulation,TRAIN
SYN_00204,162.1674557463676,33.01003217552356,0.40422214332134176,0.4284606874063696,0.25621553703082317,0.7267782157942123,0.7014549673923721,0.7528257568341704,6.180618060727956,1.27853986389964,1716.1380323972478,1.0333224330271835,2943.23326462309,0.6342261359086573,1243.442774779074,0.6326293318403347,1.369378990262492,0.5714756585286624,0.16664200241374172,0.014517465126614292,0.9486871175227327,17.017845138276694,0.6458358824124579,0.2515692782725061,0.04093677335877148,10.58673978917494,79.715,GOOD,SYNTHETIC_RESEARCH_BASED,ML_TRAIN_TEST_DEVELOPMENT_ONLY,PCL literature-informed morphology + FTIR + mechanical latent-quality simulation,TRAIN
SYN_00205,153.06831163465705,32.23050351620977,0.40621331737614896,0.3608250700112411,0.19134986752902466,0.6276760350718108,0.626312233157605,0.7551159429466346,6.664938724652751,1.7500519324772985,1716.5094024847751,0.907843572218267,2940.285770234706,0.7240339893898776,1240.9591012023345,0.5328132840709654,1.2895117503628544,0.4544490288868434,0.17492168057437202,0.012595250694263108,0.8549941605886643,16.237682861225895,0.5667214559596602,0.21959879152043993,0.03506648207782037,10.875062858011386,74.603,GOOD,SYNTHETIC_RESEARCH_BASED,ML_TRAIN_TEST_DEVELOPMENT_ONLY,PCL literature-informed morphology + FTIR + mechanical latent-quality simulation,TRAIN
SYN_00206,132.03031656220116,45.52408697512841,0.4390414661469469,0.28801556272467943,0.20561432998527765,0.5965906084153605,0.45224953320315353,0.569632386285343,5.981757753587223,1.7809774519180128,1721.225494316395,0.846932747824914,2946.1208748652257,0.5566221246562331,1244.582855541508,0.6615139116846765,1.0779633294136137,0.44456947922321544,0.1977803954677704,0.0074812605433402955,0.5403090724985683,10.523736514098657,0.3322121140930937,0.3255421810982933,0.014916473962946156,4.666642279307642,44.936,POOR,SYNTHETIC_RESEARCH_BASED,ML_TRAIN_TEST_DEVELOPMENT_ONLY,PCL literature-informed morphology + FTIR + mechanical latent-quality simulation,TRAIN
SYN_00207,167.21724209240776,34.47953588748784,0.2826345368968771,0.42214148837000054,0.23546457619637287,0.728260891200888,0.7244252563973861,0.7433006233783788,4.147451733556984,1.0539515429430173,1718.1288558308042,0.9446421105539863,2949.4808165819754,0.6570287116289635,1243.1002552448294,0.6318066973120324,1.1330324803763594,0.5405432852331552,0.15676701439684057,0.007810043366750725,0.7532559153147758,14.25797246535181,0.5451254893081094,0.25869985440709425,0.030524318323702934,10.777250261486047,73.578,GOOD,SYNTHETIC_RESEARCH_BASED,ML_TRAIN_TEST_DEVELOPMENT_ONLY,PCL literature-informed morphology + FTIR + mechanical latent-quality simulation,TRAIN
SYN_00208,164.2637405556473,30.560727721538672,0.3483166109230154,0.3458077773532073,0.2176283118546069,0.6909568444125163,0.7210545774716425,0.7779882249929473,5.428897384839501,1.3446429642000082,1724.0411996814635,0.9519207146808687,2952.157407848042,0.6536967748648288,1240.9869008098835,0.5801037630942986,1.165642938383938,0.5162344590379627,0.15751227346018237,0.0070294395093072415,0.9905110252604999,17.34090938400447,0.47666297591235984,0.2605373994630484,0.03854603086580493,8.096459339238843,83.94,GOOD,SYNTHETIC_RESEARCH_BASED,ML_TRAIN_TEST_DEVELOPMENT_ONLY,PCL literature-informed morphology + FTIR + mechanical latent-quality simulation,TRAIN
SYN_00209,111.88092684146248,45.004634893281306,0.42478869453390583,0.2752713795644261,0.1402987749079963,0.6006497628788507,0.43849254670603155,0.6433090141500704,5.9535595424490015,2.1772450682556093,1723.8605325994297,0.8477551879098374,2935.788672253689,0.43903851774700675,1250.0279737137016,0.5072467784299306,1.075601853025408,0.48644030937368726,0.19633867582567832,0.0187692742197264,0.37607700798267896,13.659949310540338,0.494630687242175,0.37224292385121815,0.018549402069628986,5.683577883873793,43.134,POOR,SYNTHETIC_RESEARCH_BASED,ML_TRAIN_TEST_DEVELOPMENT_ONLY,PCL literature-informed morphology + FTIR + mechanical latent-quality simulation,TRAIN
SYN_00210,159.4795799164863,39.81876622574778,0.41797361740302397,0.38518777933364046,0.2230891982156326,0.6717839085615649,0.6878336406431945,0.7369881606607208,4.893921581031731,1.4275970034938135,1727.2116931684368,0.9468406980496074,2934.0710718190862,0.6489326840291759,1226.2096329410374,0.47900454078746213,1.1303908117403227,0.5448796124817766,0.12451932311714367,0.0019103261390267618,0.908790742412451,17.4066456780092,0.6580186309412899,0.18723477339722638,0.04153265439523801,12.759679047491135,82.872,GOOD,SYNTHETIC_RESEARCH_BASED,ML_TRAIN_TEST_DEVELOPMENT_ONLY,PCL literature-informed morphology + FTIR + mechanical latent-quality simulation,TRAIN
SYN_00211,154.3899238223787,33.56004290338677,0.4187270965753908,0.3384803221305558,0.2145947474658739,0.661478860139929,0.5299221172538574,0.6922458957984186,6.635254028571529,1.7070046674596075,1729.70995357135,0.8946658157222668,2943.4653751509704,0.6489025038165133,1240.1322439012847,0.5170379377561036,1.2746774428317555,0.5037876313950254,0.16552952260703424,0.010140825320924893,0.8050062347231124,16.915564531274466,0.5298715673685993,0.2623588564724929,0.022700382295795796,9.686007514659437,54.655,POOR,SYNTHETIC_RESEARCH_BASED,ML_TRAIN_TEST_DEVELOPMENT_ONLY,PCL literature-informed morphology + FTIR + mechanical latent-quality simulation,TRAIN
SYN_00212,124.73022878956193,38.453471403553884,0.3525452647167115,0.2831877691104683,0.24185855713613816,0.6765889328502447,0.6703977285480777,0.781488760832386,6.241108571309805,1.3138043191347237,1726.0151687496827,0.9021200838281589,2940.418039670436,0.7183565286398967,1235.7444901754518,0.5809263059434712,1.3270798272474735,0.530634385702282,0.12506119425764656,0.010715773730036347,0.8161377971937378,18.22310594980936,0.6460480970476844,0.3250714109993953,0.033137572628465124,13.077286430733478,81.36,GOOD,SYNTHETIC_RESEARCH_BASED,ML_TRAIN_TEST_DEVELOPMENT_ONLY,PCL literature-informed morphology + FTIR + mechanical latent-quality simulation,TRAIN
SYN_00213,156.8340643531989,25.53699375156088,0.38073607896749756,0.3599519927816266,0.1986368713341128,0.6145647717772913,0.5584144943786411,0.7333109076554745,5.603387627220629,1.5195600947620602,1724.1095186995378,0.8618651064997377,2940.9363298886947,0.5829745883846928,1236.876364562827,0.572137760322586,1.3575588013445918,0.47560362780327214,0.17012427042097314,0.012506019827734312,0.6696589856080917,10.681659178349594,0.454158869855833,0.3145124981346199,0.028938414560508843,7.383346241157705,48.722,POOR,SYNTHETIC_RESEARCH_BASED,ML_TRAIN_TEST_DEVELOPMENT_ONLY,PCL literature-informed morphology + FTIR + mechanical latent-quality simulation,TRAIN
SYN_00214,160.80339054278264,28.706746601400468,0.32741412332187414,0.3644734367980952,0.2041929395475014,0.7164236664118131,0.5972492322085636,0.7122438313658912,6.839997001611732,1.1388428579724974,1726.9834133508089,1.061728394162636,2935.5585080336486,0.6938628178932535,1242.047757766782,0.5859775773340107,1.1639918136085357,0.4908510268540021,0.14747928892961176,0.008448549675012145,0.8164720401914984,14.94590839224199,0.585760060994295,0.2437906445240318,0.02944471090872961,10.52110428714942,60.699,POOR,SYNTHETIC_RESEARCH_BASED,ML_TRAIN_TEST_DEVELOPMENT_ONLY,PCL literature-informed morphology + FTIR + mechanical latent-quality simulation,TRAIN
SYN_00215,167.74190314457294,46.4408562816391,0.4557463764714072,0.31109322704757353,0.1681762524224147,0.6479482927542519,0.3954949416572963,0.5967783360767673,7.132628598940648,2.3375126218206317,1720.3611297110253,0.8116328506674544,2930.1580896399796,0.6704778747646183,1229.037412664923,0.5295220306477509,1.2038903244988142,0.45942130717625124,0.18474967198748157,0.01209079833916186,0.5775932406247933,12.45227833002004,0.23900825754240856,0.27445946679210415,0.0129559687226843,2.948737473190286,38.176,POOR,SYNTHETIC_RESEARCH_BASED,ML_TRAIN_TEST_DEVELOPMENT_ONLY,PCL literature-informed morphology + FTIR + mechanical latent-quality simulation,TRAIN
SYN_00216,182.0471122838495,36.68933489473813,0.4091940182390808,0.3066027390161547,0.1892231849206017,0.5943549351813697,0.5405876175010008,0.720411384223031,6.7280190810388145,2.2564646519804503,1730.1805206967538,0.9214668628994966,2937.5095868440376,0.6145664231980494,1237.9590434744748,0.5668208752826246,0.9757198124770715,0.4505187265669255,0.1416787798915639,0.017508136414823645,0.6401131873748604,12.554695162240257,0.5671090997544197,0.3112700169297406,0.02442982274269987,7.235208964294943,56.077,POOR,SYNTHETIC_RESEARCH_BASED,ML_TRAIN_TEST_DEVELOPMENT_ONLY,PCL literature-informed morphology + FTIR + mechanical latent-quality simulation,TRAIN
SYN_00217,162.9005885460603,41.31257077370706,0.3787800026946384,0.3637063049970561,0.2108865777928329,0.698052671356061,0.647249842803123,0.7142929016633893,6.1008124340921475,1.6243812667164723,1718.7908613117613,0.9269475358910744,2943.359156779551,0.7180522167651986,1241.6619494459428,0.5159789049982736,1.0910272991148313,0.44771263643683995,0.1555117034150095,0.011344018297856612,0.8060439379102651,17.910731558559775,0.43799196503053495,0.2867130322217262,0.03402483581261435,11.387813659597356,60.609,POOR,SYNTHETIC_RESEARCH_BASED,ML_TRAIN_TEST_DEVELOPMENT_ONLY,PCL literature-informed morphology + FTIR + mechanical latent-quality simulation,TRAIN
SYN_00218,153.04000552037587,41.95792746911817,0.47054804868858563,0.275141869399667,0.13309671599457737,0.5790048714519622,0.2936178936854618,0.6118403551047003,6.170298078763794,1.7588603256262139,1719.347462888695,0.7445422214492582,2921.0760069024154,0.6157449895604751,1241.1827824156803,0.4670322850810107,0.8184885899809569,0.42147569804372675,0.21491990829267507,0.015389311988184504,0.572108091867679,14.080313708078954,0.41138434861090867,0.3556594099140219,0.014547468779648002,5.968495752041731,27.364,POOR,SYNTHETIC_RESEARCH_BASED,ML_TRAIN_TEST_DEVELOPMENT_ONLY,PCL literature-informed morphology + FTIR + mechanical latent-quality simulation,TRAIN
SYN_00219,158.2684138171766,36.34474839882842,0.38046570868902707,0.38710848550963517,0.23751109282395969,0.5949521189962583,0.6828229641273236,0.7486439884213651,5.342963171444702,1.5602932001034575,1726.3336963303936,0.9507435517180908,2936.9896900174695,0.8335831048748932,1240.0147096182154,0.5859876698289366,1.1735735540189856,0.5828161734740942,0.1428938057143702,0.0008262719764593526,0.808815588730619,19.23656009366446,0.5904210536142172,0.24746759746408242,0.025323151982217736,7.918797683319966,85.478,GOOD,SYNTHETIC_RESEARCH_BASED,ML_TRAIN_TEST_DEVELOPMENT_ONLY,PCL literature-informed morphology + FTIR + mechanical latent-quality simulation,TRAIN
SYN_00220,165.4402534515488,45.46033472734696,0.4004904479593938,0.30167711441093714,0.1915384651831579,0.6880387027785692,0.45215076460667986,0.6748894516266201,5.37998273060126,1.7755360369469897,1728.6276196431454,0.7651200647995238,2926.5466474822965,0.4695372912620741,1244.5234905862542,0.4413241573153797,1.2300425172350793,0.4112886613874849,0.17076935769979756,0.013467302392699509,0.6038558356830643,7.183292251746282,0.4781161795895826,0.3572621807224292,0.015429235746256821,6.489257950788912,38.007,POOR,SYNTHETIC_RESEARCH_BASED,ML_TRAIN_TEST_DEVELOPMENT_ONLY,PCL literature-informed morphology + FTIR + mechanical latent-quality simulation,TRAIN
SYN_00221,164.02038523513085,25.286709794834877,0.30968832817469694,0.42732312989709353,0.23111021713834623,0.7132636510603863,0.7764745470406195,0.7611904994849963,5.045282744822736,1.244867903179783,1730.88387611041,0.8694964474393343,2938.3524312678787,0.8201403163482794,1245.3693932954675,0.6399642210110591,1.309068960436115,0.5833222914121408,0.185058064015796,0.005969209262584064,0.9110506291274874,19.324184126059713,0.6768008084478475,0.15213748946258449,0.04810349860303828,15.383401561487595,91.245,GOOD,SYNTHETIC_RESEARCH_BASED,ML_TRAIN_TEST_DEVELOPMENT_ONLY,PCL literature-informed morphology + FTIR + mechanical latent-quality simulation,TRAIN
SYN_00222,149.52412274646076,34.43774235516647,0.4197612666447512,0.3226496800093115,0.20576017396464946,0.5781727531767598,0.504941077141444,0.6805401014574334,7.479797409601228,1.551961209098776,1723.390355744007,0.87315030362635,2928.357466126476,0.5890970259244365,1239.0554512240421,0.5780240414498921,1.143105770872489,0.383134592755651,0.14832848684464092,0.014096638051313413,0.4662509407245409,13.933738807969288,0.4781457564339794,0.23080358198917839,0.011463106559730252,3.531426175270114,44.963,POOR,SYNTHETIC_RESEARCH_BASED,ML_TRAIN_TEST_DEVELOPMENT_ONLY,PCL literature-informed morphology + FTIR + mechanical latent-quality simulation,TRAIN
SYN_00223,146.6487045675319,34.3936832412659,0.34365261764774113,0.39475319045512497,0.21297331678843687,0.6675101422713358,0.5325780350006798,0.7644422427017022,5.602949522009338,1.6018065323157054,1726.35362322307,0.9446484049201541,2946.197685266151,0.5810616429479722,1242.474609392259,0.517488394539704,1.0392558394224733,0.46161989768894257,0.16788226435131484,0.013474027321841215,0.9243277501196683,15.877368186207429,0.6462464038068418,0.20643707053332455,0.03282934446666627,12.668695742580516,59.763,POOR,SYNTHETIC_RESEARCH_BASED,ML_TRAIN_TEST_DEVELOPMENT_ONLY,PCL literature-informed morphology + FTIR + mechanical latent-quality simulation,TRAIN
SYN_00224,174.47435946678442,34.06337346340426,0.3093110776818661,0.34027612185959344,0.20112733899419516,0.6925406880466506,0.6096016716354532,0.8011322213505409,6.614019491273294,1.6592775782992761,1722.5208199469032,0.9820229098814615,2932.491263049687,0.6661693874309991,1239.7881491801386,0.6591884235076446,1.2829232958788093,0.4789097021426068,0.15831280520284932,0.005071174263812788,0.7668521218879225,16.154563705624895,0.5153625198695528,0.2401927366806928,0.02694168924542142,10.710231400200724,61.711,POOR,SYNTHETIC_RESEARCH_BASED,ML_TRAIN_TEST_DEVELOPMENT_ONLY,PCL literature-informed morphology + FTIR + mechanical latent-quality simulation,TRAIN
SYN_00225,146.21715292936125,37.107858556799805,0.43377703795695566,0.3873750428189619,0.2094038227708961,0.6790582844318785,0.6106963185535916,0.7518146564161636,6.014381295284547,1.5226336917981116,1718.4989690597934,1.014170764445771,2940.694137121888,0.5939046845783476,1242.4590840599026,0.6420876756993421,1.3368120605425153,0.48986231440134104,0.14730886425372364,0.016581386349302327,1.021403547622528,18.53183390754384,0.5641476266598151,0.25835673755484656,0.04398306211935085,13.5759408341929,84.425,GOOD,SYNTHETIC_RESEARCH_BASED,ML_TRAIN_TEST_DEVELOPMENT_ONLY,PCL literature-informed morphology + FTIR + mechanical latent-quality simulation,TRAIN
SYN_00226,172.4003258814082,30.947991737871885,0.34062858643932714,0.29541591421507685,0.193613104010469,0.6884564567042081,0.46524692512488186,0.7526168006326943,6.380316569536605,1.6308660373056112,1718.4513977317617,0.9874057789951741,2931.724137079218,0.6401480295194816,1243.509720267717,0.5490623099939116,1.1289795157369724,0.48774382095758495,0.19370760094955985,0.013374524952895175,0.7175849396570885,14.53936108730544,0.5930423284777355,0.25039169949670137,0.024135569294423814,11.77263581687884,65.646,POOR,SYNTHETIC_RESEARCH_BASED,ML_TRAIN_TEST_DEVELOPMENT_ONLY,PCL literature-informed morphology + FTIR + mechanical latent-quality simulation,TRAIN
SYN_00227,140.00764217962623,39.45596941849267,0.44510811759835567,0.30383398345239926,0.15364027784199583,0.551182922330939,0.4593253329548772,0.6346015816532804,6.521886179424098,1.4950464855484102,1712.725491737388,0.7613914186426202,2938.0341389783493,0.4973094212848802,1245.0932967568056,0.5511811438151244,1.0156525648104198,0.3644330926311991,0.1906194351605211,0.023225897857586754,0.5380818119480428,12.731258567977335,0.43454001279439414,0.26992920225204087,0.006306628619823524,5.635271778292455,28.336,POOR,SYNTHETIC_RESEARCH_BASED,ML_TRAIN_TEST_DEVELOPMENT_ONLY,PCL literature-informed morphology + FTIR + mechanical latent-quality simulation,TRAIN
SYN_00228,162.05593271731675,39.21580446020537,0.2627305638716008,0.3983501063874182,0.25808996840834036,0.708601660427937,0.745746473791025,0.7520651875507925,5.5698508161548,1.8579635418430247,1716.1211784901172,0.8969483557685273,2939.741228181358,0.6442336747542431,1241.856504500359,0.5474420197178846,1.4106603629498542,0.515221495491445,0.10150087669298616,0.0006648278735338449,1.002276115383963,18.009071439542872,0.5719426378842599,0.18571357124769255,0.05737329059959351,16.603600052675276,94.789,GOOD,SYNTHETIC_RESEARCH_BASED,ML_TRAIN_TEST_DEVELOPMENT_ONLY,PCL literature-informed morphology + FTIR + mechanical latent-quality simulation,TRAIN
SYN_00229,139.0799830414932,46.05237977012776,0.3815473196059502,0.2900177237083745,0.19062406097459808,0.6407986477579168,0.5888514730345088,0.6545110839563687,6.282183844181701,1.481391706137954,1729.6398924105986,0.8847450604824048,2940.196746655666,0.6957484473217928,1248.8571980307438,0.5415155932610715,1.1701353857227643,0.4260872967573861,0.18910514884184784,0.01901186196222615,0.6052315070363328,14.692899504152786,0.5180555681836002,0.2583974447618818,0.031643234364051066,8.602073787645503,45.037,POOR,SYNTHETIC_RESEARCH_BASED,ML_TRAIN_TEST_DEVELOPMENT_ONLY,PCL literature-informed morphology + FTIR + mechanical latent-quality simulation,TRAIN
SYN_00230,132.09674330112276,29.732752199096296,0.46522695278557724,0.264885586288224,0.15524775764971405,0.5219158982411901,0.38030994695705383,0.6573440493867617,6.524008762392848,1.7024284465451989,1726.6673278067385,0.8431689179002962,2933.2208160973996,0.5987004344062457,1243.0656393961483,0.5239291771183769,0.9756142350131473,0.369236607089702,0.1774894495078917,0.01998354893178427,0.544442832027463,8.477837049180792,0.43160673905138514,0.3614609282411044,0.00366463433843682,7.513642713262676,28.652,POOR,SYNTHETIC_RESEARCH_BASED,ML_TRAIN_TEST_DEVELOPMENT_ONLY,PCL literature-informed morphology + FTIR + mechanical latent-quality simulation,TRAIN
SYN_00231,138.74346484525253,26.508359832485986,0.36919858238469977,0.38744417745317716,0.2511432619211822,0.6756206000550735,0.7780686599392779,0.7818727541403684,5.251530885102815,1.3161734366926972,1724.7053796082812,0.9340448054481757,2947.261101508504,0.6964808182768133,1238.700513411212,0.6508510476639559,1.305228867275794,0.491535685934005,0.15623451382539932,0.006232550530907642,0.8945489232722699,16.63116923405559,0.6364166963600442,0.2190610648560961,0.03208860809273342,12.523426415979447,78.842,GOOD,SYNTHETIC_RESEARCH_BASED,ML_TRAIN_TEST_DEVELOPMENT_ONLY,PCL literature-informed morphology + FTIR + mechanical latent-quality simulation,TRAIN
SYN_00232,148.13906208339728,29.71868696971486,0.3411294872092194,0.35428085061266223,0.20030468798284026,0.7212878849378972,0.6612508511480276,0.7417868989741472,5.809604418451956,1.7048257520152132,1715.7800504765926,0.9832686918957922,2936.2582777212697,0.6782380851407148,1235.3996438361648,0.7065252776639686,1.2483905477204509,0.4642769474338415,0.14791180810092133,0.005760475727761311,0.9090442650686252,17.45009303271695,0.5797259384343124,0.20482385629107874,0.03498257506651238,11.331287852979283,79.833,GOOD,SYNTHETIC_RESEARCH_BASED,ML_TRAIN_TEST_DEVELOPMENT_ONLY,PCL literature-informed morphology + FTIR + mechanical latent-quality simulation,TRAIN
SYN_00233,165.92315654149797,35.933738911259894,0.33663852776852865,0.3765997073260191,0.2176600632403726,0.7112471432328435,0.615430771894582,0.799657700929226,6.007276796292724,1.857309272302375,1715.792472484028,0.92819763351699,2937.7410187977666,0.7107721094848564,1249.2461935371655,0.6673298716276321,1.2930334889239732,0.5107091727608845,0.1886632190155769,0.01386325976924834,0.895783596225901,18.21144094708718,0.6220261963184615,0.25659628978520627,0.02839416379029891,13.107473508448743,79.988,GOOD,SYNTHETIC_RESEARCH_BASED,ML_TRAIN_TEST_DEVELOPMENT_ONLY,PCL literature-informed morphology + FTIR + mechanical latent-quality simulation,TRAIN
SYN_00234,146.08028293318918,30.755924935331777,0.33503379066943845,0.39544121573874785,0.21156454639062502,0.7696491775344584,0.6575184988063303,0.7543582050858012,5.020455901159702,1.4307438052410892,1724.124197452019,0.798251849901414,2941.244080952157,0.6695491107974847,1246.759239725333,0.6314597331935698,1.1591550439399605,0.4838004764451742,0.19231994517008702,0.0022534992445357536,1.0463494318841149,17.35093699303836,0.7131509897926477,0.22166448415555226,0.04403507197368797,14.884393998901114,79.254,GOOD,SYNTHETIC_RESEARCH_BASED,ML_TRAIN_TEST_DEVELOPMENT_ONLY,PCL literature-informed morphology + FTIR + mechanical latent-quality simulation,TRAIN
SYN_00235,176.32832424733624,35.028938565472295,0.3716114124417195,0.4225703880289085,0.22628842000660035,0.7184915445406032,0.5110289349167695,0.7925784644537417,6.587707051443257,1.3027857351198764,1721.6490424566252,0.9208088802982161,2939.782054506642,0.6478457540250878,1237.7918868546456,0.6024905360819851,1.2239841845958157,0.5374271210821366,0.19182889828504981,0.008614189739950944,0.7830501239946764,12.623424104263822,0.7487031135792042,0.23951009615659663,0.03080072818621074,9.27304085357506,71.909,GOOD,SYNTHETIC_RESEARCH_BASED,ML_TRAIN_TEST_DEVELOPMENT_ONLY,PCL literature-informed morphology + FTIR + mechanical latent-quality simulation,TRAIN
SYN_00236,131.07408888109248,31.377349032327288,0.31721053448981235,0.3740400500690553,0.24434808046227047,0.7421269287644394,0.7313582530772328,0.7948626556453146,6.352193917990198,1.0525119973767616,1716.1175548983226,0.9477124495698704,2942.5769097126395,0.7172840807384524,1235.552374193596,0.5402614675879783,1.173594663859755,0.4696517071619896,0.13766118453013934,0.01437931139295288,1.0348352702582455,19.662539311670958,0.5852840612359028,0.20469462020776052,0.03313806151673976,11.353242075078967,76.622,GOOD,SYNTHETIC_RESEARCH_BASED,ML_TRAIN_TEST_DEVELOPMENT_ONLY,PCL literature-informed morphology + FTIR + mechanical latent-quality simulation,TRAIN
SYN_00237,163.53629334788417,33.16406647385314,0.45046802790488677,0.3450941690735252,0.13570043573991944,0.5669899943789769,0.4221122454626035,0.6712351096916173,7.093521512664552,2.008784234419783,1725.0225744365994,1.011474211211817,2938.2835238616535,0.6976030367796465,1240.135867096281,0.5700945047783823,1.1389604766023547,0.41983282160009333,0.1877655830301259,0.018339973969457024,0.6535223647639952,11.06821159020654,0.4666238285943184,0.35924249358117233,0.016278768273489144,4.502155007006153,35.085,POOR,SYNTHETIC_RESEARCH_BASED,ML_TRAIN_TEST_DEVELOPMENT_ONLY,PCL literature-informed morphology + FTIR + mechanical latent-quality simulation,TRAIN
SYN_00238,167.96428259065203,35.921478258452716,0.3761043019691064,0.38437646423712785,0.22105315239000164,0.7345310499087858,0.6361084114018281,0.7526805480645657,4.399433895522497,1.7621554509102146,1730.0226466065724,1.0506274065684147,2936.1863823052454,0.7674898187080339,1243.8170754115854,0.7083086741863595,1.3916376636342371,0.5115433779752843,0.14265987027136218,0.012333395046562978,0.7163486548260449,13.47429987778839,0.6071106043179105,0.2570589155587412,0.031218589971869003,11.416984421900072,74.945,GOOD,SYNTHETIC_RESEARCH_BASED,ML_TRAIN_TEST_DEVELOPMENT_ONLY,PCL literature-informed morphology + FTIR + mechanical latent-quality simulation,TRAIN
SYN_00239,125.75388892120256,38.851360523987715,0.38182817563995874,0.37453745569186725,0.165436934873824,0.5901295655955158,0.567281637225809,0.7248787207861332,5.229932805688317,1.9813024285410368,1726.525645636396,0.8957191110333462,2944.288814661964,0.7507585567416911,1239.324668068935,0.5896486459206957,1.2058259063772834,0.5590335666248981,0.18464440399182905,0.01671479320813099,0.6660404748566634,14.643978071728625,0.4581259188597101,0.2320837993690835,0.029947346825757715,9.5555778390297,60.571,POOR,SYNTHETIC_RESEARCH_BASED,ML_TRAIN_TEST_DEVELOPMENT_ONLY,PCL literature-informed morphology + FTIR + mechanical latent-quality simulation,TRAIN
SYN_00240,169.7909766380339,46.3638747732383,0.45004152303055395,0.36393435600862667,0.18030270452119676,0.636501809995563,0.4724497589386872,0.6473750295552337,5.593259863365025,1.8458436226339794,1718.3389048072597,0.8796123783044956,2931.6938731034625,0.6620013624894328,1230.8724351714845,0.6609498862464159,1.1427865347821626,0.44796131985866844,0.17950283888213353,0.009180135730760914,0.7936295543368358,17.82236570591282,0.5792276913680482,0.25278892894754634,0.03285403923496921,11.323259922239318,70.222,GOOD,SYNTHETIC_RESEARCH_BASED,ML_TRAIN_TEST_DEVELOPMENT_ONLY,PCL literature-informed morphology + FTIR + mechanical latent-quality simulation,TRAIN
SYN_00241,157.58500557209783,36.40375552190564,0.39484447616888463,0.3791681128241018,0.20366297475876696,0.5840911254526191,0.549641926057751,0.702159893584802,5.886221291440002,2.1064094920980847,1720.0249975882987,0.8504720619378703,2945.565444735415,0.6000423856860908,1244.389623963208,0.44270889956437953,1.2073139561113202,0.4745188673262822,0.17436753638091435,0.018048350296947943,0.7923944453174214,13.8212468266651,0.5581999299455146,0.2851239562846429,0.028159545181887617,10.233336615214556,59.938,POOR,SYNTHETIC_RESEARCH_BASED,ML_TRAIN_TEST_DEVELOPMENT_ONLY,PCL literature-informed morphology + FTIR + mechanical latent-quality simulation,TRAIN
SYN_00242,135.43905812170186,38.78376635717967,0.4270761922520535,0.3372826223867089,0.1813901395402627,0.6174220169621386,0.41042692904663153,0.6684687707656713,6.230676902783424,1.0622991270706788,1716.139449470112,0.8896515030045259,2932.0511836059704,0.5542798913603879,1241.7707585239025,0.49343284515793795,1.0007543679678372,0.450348802631338,0.18239749833816976,0.02120356181688595,0.4819447297346423,11.198694449832546,0.4468299007105596,0.2480288096207213,0.01949056475336418,3.3731242371645784,25.6,POOR,SYNTHETIC_RESEARCH_BASED,ML_TRAIN_TEST_DEVELOPMENT_ONLY,PCL literature-informed morphology + FTIR + mechanical latent-quality simulation,TRAIN
SYN_00243,160.8511623835668,30.95033176685357,0.3533457624112299,0.3924365040721304,0.22217799104801528,0.6858327618961029,0.6465121749427848,0.7510503903051196,4.236489654441711,1.6738355751170455,1723.914613962986,0.924496937757029,2930.7734801470883,0.7106400832918337,1244.194132180149,0.6859457250974959,1.3472156777922168,0.565998290317357,0.13183658412903085,0.007666364046985527,0.7643580673793937,18.956460145738173,0.6557374820506513,0.31950944174909857,0.0456629597880862,14.153477307634098,91.194,GOOD,SYNTHETIC_RESEARCH_BASED,ML_TRAIN_TEST_DEVELOPMENT_ONLY,PCL literature-informed morphology + FTIR + mechanical latent-quality simulation,TRAIN
SYN_00244,165.36545042755296,39.22941474798625,0.36072125723245113,0.39537887321559745,0.2362575918932726,0.7170832612197822,0.6269286567012178,0.7774544338178332,4.806134877821267,1.6381355693540927,1724.999182849792,0.8452394669816596,2945.176667416738,0.7568519630334658,1241.0626356855148,0.5196137959945416,1.289841774821239,0.566465740091633,0.12925975190998962,0.013160643428899728,0.9863853136434552,15.920670912341327,0.7107564971245878,0.1964353350397904,0.03754283241479518,12.497589837801918,88.79,GOOD,SYNTHETIC_RESEARCH_BASED,ML_TRAIN_TEST_DEVELOPMENT_ONLY,PCL literature-informed morphology + FTIR + mechanical latent-quality simulation,TRAIN
SYN_00245,145.2055799989133,38.07307504079599,0.35987981451489715,0.38862571810516944,0.25355896800570055,0.6422121752452923,0.6192247673075044,0.8409707386755306,4.396415511198735,1.4905586678353444,1724.1386261444252,0.9299234148458124,2942.842797464283,0.8390467789955479,1231.6459925331067,0.7053681038134922,1.12015034120953,0.567496334158778,0.1367515701503232,0.0020899925650253387,1.0006348948698731,17.065827029555685,0.4679358864004465,0.2703524775731397,0.052506142203320026,12.798943716700808,91.697,GOOD,SYNTHETIC_RESEARCH_BASED,ML_TRAIN_TEST_DEVELOPMENT_ONLY,PCL literature-informed morphology + FTIR + mechanical latent-quality simulation,TRAIN
SYN_00246,139.5428016374322,47.642173696373376,0.39043025804170184,0.3805928560818252,0.16277022426476684,0.6806999006932956,0.32317586522224284,0.6462116300002277,5.6597644067700505,1.8134294743273562,1729.8208615976232,0.8797780620980573,2947.543390864203,0.59783048186692,1244.304634167205,0.4846958020232143,1.2660025978617075,0.4637375458280814,0.17636987969908094,0.014745376013108246,0.6815010985258027,9.899611062154435,0.5333603134164765,0.23165140151809877,0.028730346913500997,8.61854827462286,41.909,POOR,SYNTHETIC_RESEARCH_BASED,ML_TRAIN_TEST_DEVELOPMENT_ONLY,PCL literature-informed morphology + FTIR + mechanical latent-quality simulation,TRAIN
SYN_00247,169.09907209694887,38.03078089255108,0.37267690697442085,0.4320175947629043,0.23334444399209064,0.7836196934909972,0.7040156638034214,0.7505018151589653,5.105272159225881,1.503133675686652,1714.6784749235105,0.9792979665839772,2945.087507963623,0.7005384334937226,1245.522663800831,0.6089933934152635,1.3753204653725297,0.5868795673835132,0.16339285145712273,0.008399979485986496,0.8199935433296619,14.449440917256148,0.6307367608345922,0.28572925652416875,0.03635569968343648,9.310587522563837,83.529,GOOD,SYNTHETIC_RESEARCH_BASED,ML_TRAIN_TEST_DEVELOPMENT_ONLY,PCL literature-informed morphology + FTIR + mechanical latent-quality simulation,TRAIN
SYN_00248,141.77659212630894,48.45863588335469,0.3988420898246594,0.32129918883007547,0.15824093652196197,0.5967896064140966,0.3859030090029002,0.6493829933095413,7.037825000621655,1.504089133861902,1727.3518808129456,0.8073057277986835,2932.2401622450257,0.6777672164475613,1245.5678256624572,0.47689684366639634,1.1092605963197748,0.47741637209696713,0.2026271182761757,0.014281267720972176,0.5099751105315441,14.37295059744147,0.45113661538742567,0.2532369398525129,0.01219951016361305,5.602575335125701,33.883,POOR,SYNTHETIC_RESEARCH_BASED,ML_TRAIN_TEST_DEVELOPMENT_ONLY,PCL literature-informed morphology + FTIR + mechanical latent-quality simulation,TRAIN
SYN_00249,138.25076341749764,48.78443708900322,0.459230474562037,0.29432598618108774,0.14432451475763725,0.5526196614965156,0.39941690940334595,0.6562563516495274,6.49486957517501,2.0652989980395886,1730.8317579057682,0.9930773673172951,2931.059100992428,0.6730408476219539,1248.6521978986057,0.5341299758265683,1.2602249342568963,0.45382127752419754,0.1614552809604501,0.011537039172261513,0.5129941572637317,8.981882843726364,0.3126643320490472,0.2655606762450546,0.021927258541304496,6.780951191388912,32.411,POOR,SYNTHETIC_RESEARCH_BASED,ML_TRAIN_TEST_DEVELOPMENT_ONLY,PCL literature-informed morphology + FTIR + mechanical latent-quality simulation,TRAIN
SYN_00250,166.2580507169626,40.78820028483112,0.35560235162448595,0.3816131340317775,0.20302289381306246,0.6421162335720378,0.7065980814005145,0.7715119849872344,5.727305912111244,1.1713311327695632,1723.6523851531497,0.9444631938895802,2948.255286857882,0.643868115478271,1239.4839528108125,0.593017729404541,1.3415003398788747,0.5186768809477328,0.1894002894260675,0.00827990058865654,0.8725004950895393,16.311460104746182,0.5239347333319087,0.2910213255076138,0.02787472296332303,13.428782150754376,74.184,GOOD,SYNTHETIC_RESEARCH_BASED,ML_TRAIN_TEST_DEVELOPMENT_ONLY,PCL literature-informed morphology + FTIR + mechanical latent-quality simulation,TRAIN
SYN_00251,149.83683102448805,36.29776408842591,0.33477612910558663,0.39360505810257496,0.19005481062015558,0.6830691320215382,0.5993212259538608,0.753910534199697,5.68707841205729,1.5694286235511046,1715.8979757716668,0.787331439936946,2942.556448528458,0.5850711996166675,1244.1634531393024,0.585411070362231,1.2518586890136574,0.48561817564141857,0.15327663256543417,0.013327741150297176,0.7444088788176386,15.164662108959435,0.5460493016388377,0.2788497057271835,0.023773564107084713,7.68124184555381,65.703,POOR,SYNTHETIC_RESEARCH_BASED,ML_TRAIN_TEST_DEVELOPMENT_ONLY,PCL literature-informed morphology + FTIR + mechanical latent-quality simulation,TRAIN
SYN_00252,139.43497527393725,26.542687836378057,0.29471607458411353,0.3956255087565877,0.24672399995948133,0.7499422241461569,0.6419976854882434,0.7776493688908714,4.626478000332519,1.21194141639415,1724.2407460852326,0.9748437356584836,2939.812844872163,0.6852280290385099,1232.7905395521536,0.5438367271179161,1.5701356360947931,0.5358507236239561,0.13414483338888267,0.009134664068357369,0.7552970338108804,16.060245225268204,0.6777257169028343,0.198308086338517,0.03317853234804084,14.590108639519126,87.74,GOOD,SYNTHETIC_RESEARCH_BASED,ML_TRAIN_TEST_DEVELOPMENT_ONLY,PCL literature-informed morphology + FTIR + mechanical latent-quality simulation,TRAIN
SYN_00253,159.97758312003637,31.318926022972875,0.36673591748083606,0.30287971235280425,0.15178605042681995,0.6546291110751833,0.63395913352171,0.6356036631799642,5.796162198100172,1.7838275668342802,1718.3386013050783,0.7874341627808747,2938.981075935544,0.47358028053805123,1243.6532037259813,0.5082045253306596,1.2356315687075616,0.43722724139759017,0.14500272064248507,0.01315260525167965,0.7903817274551886,13.903123982455133,0.5238892211932815,0.3620953412497757,0.01934062974593359,8.100360291383097,59.475,POOR,SYNTHETIC_RESEARCH_BASED,ML_TRAIN_TEST_DEVELOPMENT_ONLY,PCL literature-informed morphology + FTIR + mechanical latent-quality simulation,TRAIN
SYN_00254,156.05951140571815,34.148399333607465,0.41234431314053377,0.36400110413677167,0.1316999149930863,0.5695449496390989,0.449379728719089,0.7397465397713913,6.3327554887341835,1.4600402538899395,1721.90844866672,0.9491626914959581,2944.238705338215,0.6812220386746818,1248.835478279079,0.45209161963534533,1.2918341704566154,0.4194526792723401,0.1880017975684248,0.009645503372850379,0.6666369253124748,12.65269790972224,0.5870968117457569,0.336358084017357,0.027491270754673953,6.407866637809145,49.06,POOR,SYNTHETIC_RESEARCH_BASED,ML_TRAIN_TEST_DEVELOPMENT_ONLY,PCL literature-informed morphology + FTIR + mechanical latent-quality simulation,TRAIN
SYN_00255,140.78918902068864,44.08394969870848,0.4717364673068699,0.3101647798557668,0.14851248626370145,0.6429056029457589,0.45691601877701826,0.6240956177314848,5.43313644747111,1.911527701917318,1727.509345453983,0.8805061802624363,2927.4535321133753,0.6012088305708713,1240.902803719398,0.48783887345876975,1.000870857159609,0.39988700674397365,0.20285872171303282,0.01261282066376861,0.843620883718056,13.717155808987611,0.42983338764597734,0.2712633232596839,0.022333013273129778,4.807783734307371,47.187,POOR,SYNTHETIC_RESEARCH_BASED,ML_TRAIN_TEST_DEVELOPMENT_ONLY,PCL literature-informed morphology + FTIR + mechanical latent-quality simulation,TRAIN
SYN_00256,127.26966922700419,43.13800232140794,0.3605404409718677,0.4016864751038125,0.23255379283081729,0.707825221998579,0.6797850935821859,0.7500014655463015,3.9925105827629617,1.81028227545948,1726.5444772434569,0.8483523954558114,2939.5026913563684,0.6146455657396305,1237.6626685562528,0.5140214341243843,1.1407312208799498,0.49976852860708215,0.13944515380691935,0.010637766961827196,0.9358155966193215,14.137443638751858,0.6329595190365677,0.2738881237247398,0.03814882517181858,11.638690390070884,77.509,GOOD,SYNTHETIC_RESEARCH_BASED,ML_TRAIN_TEST_DEVELOPMENT_ONLY,PCL literature-informed morphology + FTIR + mechanical latent-quality simulation,TRAIN
SYN_00257,155.54261215342723,23.814777638101617,0.4489445118604813,0.3721079130135723,0.23130193537154414,0.6870402340388271,0.6667871062027046,0.7150636698061016,5.760348672709733,1.3181522046682836,1721.0242842149485,0.9199235086186931,2934.72768284538,0.7311903723650148,1239.7833759378327,0.5191546745491402,1.291459209726421,0.5366742577512921,0.19054941193237493,0.006900103966983551,1.044823146036679,14.671530129487707,0.490252224120971,0.20878348327113117,0.029182208459616762,9.874884189182788,74.591,GOOD,SYNTHETIC_RESEARCH_BASED,ML_TRAIN_TEST_DEVELOPMENT_ONLY,PCL literature-informed morphology + FTIR + mechanical latent-quality simulation,TRAIN
SYN_00258,135.37976731652213,35.842955452001505,0.39922895522254614,0.35288287357656645,0.2213279245075207,0.6698477548597551,0.5801447117607212,0.735725917099286,6.134619364277107,1.4404982793177474,1726.0433891499683,1.0004954320706503,2937.063636370047,0.5619290514407527,1248.7511062691663,0.5411244920447404,1.0422497028858042,0.42587362656162586,0.14015409532546358,0.020698368950479613,0.9002591317457981,13.061965683778563,0.3816496385720649,0.26303474694453893,0.023507505673116637,7.671421323434513,61.92,POOR,SYNTHETIC_RESEARCH_BASED,ML_TRAIN_TEST_DEVELOPMENT_ONLY,PCL literature-informed morphology + FTIR + mechanical latent-quality simulation,TRAIN
SYN_00259,149.06606782906374,46.82883904508196,0.3719052687353288,0.3903643054648555,0.22234133794121302,0.7071003485914656,0.5535521945647335,0.7829307420055323,5.912170189787156,1.40970267575104,1727.3092420569596,0.8981814571078394,2943.5694880673022,0.7024792650789173,1226.758256610271,0.6388565096385661,1.1501983445079773,0.5528457723627658,0.17001513552169298,0.009643272842153477,0.7812778922626142,14.300389330832465,0.4640823461970217,0.27657847439341415,0.026358261702609395,9.405548968579067,64.798,POOR,SYNTHETIC_RESEARCH_BASED,ML_TRAIN_TEST_DEVELOPMENT_ONLY,PCL literature-informed morphology + FTIR + mechanical latent-quality simulation,TRAIN
SYN_00260,153.24088210114337,31.023683659118504,0.37272391992359927,0.3690166460285087,0.22741369169613382,0.6713966719024316,0.6454726216898579,0.7321022564711801,5.7682977882808135,1.267447204903854,1724.3890501358521,0.942482592489504,2937.9590657339913,0.7878438173056703,1239.0234717149797,0.5724658602153947,1.3943026015031434,0.4978901624066444,0.13771357324445455,0.00955497843331024,0.9802944465198451,17.13022651605549,0.7447702850836526,0.32716491860360475,0.03081798726843402,11.882423870104331,74.336,GOOD,SYNTHETIC_RESEARCH_BASED,ML_TRAIN_TEST_DEVELOPMENT_ONLY,PCL literature-informed morphology + FTIR + mechanical latent-quality simulation,TRAIN
SYN_00261,159.30548994380922,40.38747464757381,0.36699556700708214,0.40035335637278824,0.20637009213186022,0.7104862214610961,0.6544128746268856,0.7875472218613986,6.290625091645235,1.9916008577134392,1723.5037181960593,0.7390408846025156,2954.2148453203786,0.6142002920037797,1239.4004744931267,0.581344965434285,1.2583830445732336,0.5134224553258425,0.15657650425409012,0.012035390474574576,0.846710728226946,16.218827165405642,0.6242971704161233,0.23084434537557408,0.02583194047936066,9.352365194004951,67.609,POOR,SYNTHETIC_RESEARCH_BASED,ML_TRAIN_TEST_DEVELOPMENT_ONLY,PCL literature-informed morphology + FTIR + mechanical latent-quality simulation,TRAIN
SYN_00262,160.1094964093429,39.0410621157947,0.39276951660101855,0.36754903475262374,0.1871919296406839,0.577636828885263,0.49925215157623287,0.7003701838968883,4.540595175391287,1.4505516320919103,1724.9706413905096,0.8620339712429649,2933.626243125452,0.7202738439182379,1239.83259388734,0.6176012883340574,1.0461458103166827,0.4956659815892417,0.1749480851655264,0.015143814207358445,0.7223621871876839,11.122764807669338,0.5086853393967067,0.3085479889260037,0.028415066303631997,6.954248323991773,54.526,POOR,SYNTHETIC_RESEARCH_BASED,ML_TRAIN_TEST_DEVELOPMENT_ONLY,PCL literature-informed morphology + FTIR + mechanical latent-quality simulation,TRAIN
SYN_00263,157.8182002884518,40.420951027109496,0.3590876580235436,0.3892095207381326,0.20168505793729824,0.6843847274560384,0.6007173509513939,0.7289342302551316,5.582507270735491,1.5638155214875549,1721.9009210769336,0.9486216901332588,2940.623594796832,0.6862369874095173,1234.4519498859222,0.6017364689673798,1.2103193810959054,0.5578159866347231,0.17181955093289578,0.01099603372691553,0.9585898136597879,15.73502269210595,0.6228699017632949,0.31161344404928215,0.041202432049703946,13.241018256114039,73.5,GOOD,SYNTHETIC_RESEARCH_BASED,ML_TRAIN_TEST_DEVELOPMENT_ONLY,PCL literature-informed morphology + FTIR + mechanical latent-quality simulation,TRAIN
SYN_00264,147.59878928686388,29.76002840728108,0.3290729801721401,0.4167845851401875,0.2534598400651076,0.7415552992897356,0.6718699386637372,0.8742166581120079,7.577966655374166,1.764153272095892,1714.0300563640608,0.8272474592205005,2938.71057130749,0.6627841869605983,1242.6507954241213,0.7264478788476,1.4222290117386647,0.5542514271826356,0.14332308379229586,0.006590999374902328,0.9417965527003953,17.17758950072821,0.6167877458805181,0.29697256611565337,0.0376420924155022,12.876018945560949,92.564,GOOD,SYNTHETIC_RESEARCH_BASED,ML_TRAIN_TEST_DEVELOPMENT_ONLY,PCL literature-informed morphology + FTIR + mechanical latent-quality simulation,TRAIN
SYN_00265,173.04652252003527,44.405575386551064,0.36421505838804014,0.41505877806486363,0.2235987792332268,0.7959961605559682,0.7897342876980171,0.7318975069465419,6.551472600372449,1.1609993558750746,1729.181062233147,1.0030286678792124,2944.026291207559,0.6351118879409821,1241.778429846371,0.606294228152943,1.274710722605595,0.4758896421646011,0.11867955944595227,0.0069809769134731485,1.1187964482739274,20.268635696812588,0.6914731875821284,0.17060013943744762,0.04879737676822763,11.01569433747561,95.756,GOOD,SYNTHETIC_RESEARCH_BASED,ML_TRAIN_TEST_DEVELOPMENT_ONLY,PCL literature-informed morphology + FTIR + mechanical latent-quality simulation,TRAIN
SYN_00266,118.07857876790241,34.10556406567902,0.36151860236985783,0.387703736348442,0.19351774979863953,0.668227937375623,0.5986475399944781,0.6631065429583848,5.69434510438114,1.5830244366606132,1723.0498476903233,0.8975853911723161,2947.2158844698583,0.5841834541542771,1234.169498156491,0.5155644400953303,0.9534175539710835,0.5016374831792365,0.21170806699470412,0.018874247568725234,0.9935621802294019,11.968321511120038,0.6363405887420274,0.20431670150096656,0.02704508407189341,11.203545840204342,60.229,POOR,SYNTHETIC_RESEARCH_BASED,ML_TRAIN_TEST_DEVELOPMENT_ONLY,PCL literature-informed morphology + FTIR + mechanical latent-quality simulation,TRAIN
SYN_00267,161.57561740905916,34.2318122520792,0.30824756024346434,0.39789403934427314,0.26480918516130014,0.7454153787843043,0.7753192113836849,0.8018927704145741,6.675071536111458,1.1676068236720045,1726.3096681851032,1.0565468432362295,2934.8014904630777,0.7196966570111425,1245.0523336612719,0.653992388928173,1.3695630021471004,0.5877583929545002,0.1571206671774574,0.00473982453449543,0.9989266785338439,16.38086608794464,0.6666398521849588,0.2432674207940732,0.04387465931311105,12.625162690139705,95.188,GOOD,SYNTHETIC_RESEARCH_BASED,ML_TRAIN_TEST_DEVELOPMENT_ONLY,PCL literature-informed morphology + FTIR + mechanical latent-quality simulation,TRAIN
SYN_00268,144.58075576169549,42.1220833964923,0.42503741337517265,0.27671676526994293,0.14781049618045713,0.601659857311131,0.44210672269022055,0.7390763937015271,6.279191900917752,1.9316850235702279,1717.113328555937,0.9323888214991631,2943.008688316193,0.6648420259060553,1233.125608757977,0.4660595219003523,1.2041053065055256,0.4492927046946511,0.1764142105148205,0.01709499251621933,0.5509779300576713,10.48917060128163,0.2801160455517776,0.2892527586132214,-0.0019251584014092025,6.979071213814752,33.698,POOR,SYNTHETIC_RESEARCH_BASED,ML_TRAIN_TEST_DEVELOPMENT_ONLY,PCL literature-informed morphology + FTIR + mechanical latent-quality simulation,TRAIN
SYN_00269,159.1923117200995,37.27390335910459,0.39415254800837174,0.3553504729127517,0.21297900172899176,0.611173906094354,0.5019015093602001,0.7852797875956321,6.2196819096502916,2.2881184348580463,1728.2167789067084,0.8816368515064534,2944.0515205521365,0.6312917618096039,1237.4282215368,0.5072075572995332,1.352062978871322,0.4748904468390141,0.19020956941313677,0.008979110553035316,0.8059333585558542,14.290465135100973,0.5972833691269704,0.2772893371802796,0.0267273853753495,11.655131189004365,62.755,POOR,SYNTHETIC_RESEARCH_BASED,ML_TRAIN_TEST_DEVELOPMENT_ONLY,PCL literature-informed morphology + FTIR + mechanical latent-quality simulation,TRAIN
SYN_00270,139.37549490327413,52.01490222166189,0.47682609294247646,0.253056180301972,0.1535097211275366,0.6472299333130322,0.37293264947245164,0.6661729041330122,6.49903133411612,2.471892142828507,1716.9828073877238,0.8169893620095112,2927.676221968712,0.6003153852052131,1240.140246376902,0.5139261613324129,1.119232408754003,0.3333089511271884,0.1795775397696763,0.017241598636367726,0.7406748896932243,12.925853602062844,0.4804521821132137,0.3334625267310002,0.011085633622166432,4.588554674191715,29.64,POOR,SYNTHETIC_RESEARCH_BASED,ML_TRAIN_TEST_DEVELOPMENT_ONLY,PCL literature-informed morphology + FTIR + mechanical latent-quality simulation,TRAIN
SYN_00271,130.37431469841513,40.10847051467817,0.30691964040891073,0.3832896150917707,0.2370922343532923,0.6943679846543893,0.627344073084578,0.7691149442157593,6.285627816757587,1.5256234016895482,1718.644600955476,0.9912543582068876,2939.477027007592,0.7582665851315945,1239.2789369027682,0.6984089520850375,1.2932476034584912,0.5809957669045879,0.18857743906803154,0.008848432944151595,0.9213159277649999,13.01162738709031,0.6455770083137701,0.27265632204207757,0.028315728508515693,11.235305176336233,76.871,GOOD,SYNTHETIC_RESEARCH_BASED,ML_TRAIN_TEST_DEVELOPMENT_ONLY,PCL literature-informed morphology + FTIR + mechanical latent-quality simulation,TRAIN
SYN_00272,152.32097081552774,24.129369275884336,0.3612162894236912,0.3705844980199375,0.20734487978639543,0.6947912850546998,0.633254625342421,0.7350285938925708,5.578278059898164,1.2869499890806526,1723.2005832663178,0.8648785738262377,2944.4201160018097,0.5486717834835005,1245.6633861080638,0.5900758307798614,1.4080840062348616,0.4398799000717791,0.17841650251798358,0.01468585787358907,0.7881544308025548,15.135197237164576,0.5827453274514623,0.2553814703205827,0.02182298400302362,11.31782601589731,74.738,GOOD,SYNTHETIC_RESEARCH_BASED,ML_TRAIN_TEST_DEVELOPMENT_ONLY,PCL literature-informed morphology + FTIR + mechanical latent-quality simulation,TRAIN
SYN_00273,173.44221773734154,39.56159471634918,0.36524418176883633,0.40644194733782285,0.24102305167644467,0.732220591233185,0.7704508864817383,0.765847292365307,6.190939264159791,1.4780360026398571,1718.1045448498917,1.0819801931161028,2933.314406811451,0.6841299923736215,1239.4066470618918,0.6634164626117457,1.2562387913699342,0.5041854859057261,0.12818701379772432,0.002985599839925474,0.9763693734276516,18.059087668313406,0.7701053713383696,0.18417550651460604,0.040180208312338934,14.789774948390477,94.894,GOOD,SYNTHETIC_RESEARCH_BASED,ML_TRAIN_TEST_DEVELOPMENT_ONLY,PCL literature-informed morphology + FTIR + mechanical latent-quality simulation,TRAIN
SYN_00274,128.82140217480753,45.39995300983743,0.41575345490910887,0.3381287411817484,0.19563756984154573,0.6728631087695556,0.491950751396687,0.6542434395625274,5.936066747725925,1.601832759134504,1721.0509115856814,0.8071674229704701,2937.362466699375,0.5944677180684247,1238.5036024742028,0.49129396121949537,1.1971945245948226,0.5492443781032361,0.1754380577420126,0.007843481849601628,0.7225117318992493,14.251751203739293,0.4430540850818966,0.2966761113052683,0.030471883853724707,8.024329619176743,49.177,POOR,SYNTHETIC_RESEARCH_BASED,ML_TRAIN_TEST_DEVELOPMENT_ONLY,PCL literature-informed morphology + FTIR + mechanical latent-quality simulation,TRAIN
SYN_00275,132.3203845668349,36.19077755403846,0.3818027564122007,0.3033517627390044,0.21712223375867012,0.7216372452505587,0.5562648703698423,0.6482530368035695,5.95106521748947,1.590749032938011,1721.9030682149512,0.9838760301028143,2930.9148023455086,0.7611379593437818,1242.9883348886651,0.5093464066947807,1.2670006994957221,0.5170665701409312,0.14149591596957545,0.008534273793228112,0.8384966208728327,16.15485256832036,0.6147655933619949,0.2726978364354732,0.03250518973303119,10.817920015310513,72.219,GOOD,SYNTHETIC_RESEARCH_BASED,ML_TRAIN_TEST_DEVELOPMENT_ONLY,PCL literature-informed morphology + FTIR + mechanical latent-quality simulation,TRAIN
SYN_00276,130.53520569305357,38.873665124503475,0.29778913674923313,0.4250727793577735,0.22046376888336092,0.7286375480102224,0.7633081609543937,0.7568904905666212,5.843260677022017,1.2738845491384287,1721.4060146664945,1.00179773385442,2938.00601309421,0.686346830775748,1231.0087952355057,0.5860194481817428,1.4694336601451101,0.5179195657315546,0.19102234490517317,0.0009280745059683428,1.0043580996696173,16.584480886109535,0.5894087333917095,0.21882681189838227,0.037248954973303716,10.416445791727417,87.575,GOOD,SYNTHETIC_RESEARCH_BASED,ML_TRAIN_TEST_DEVELOPMENT_ONLY,PCL literature-informed morphology + FTIR + mechanical latent-quality simulation,TRAIN
SYN_00277,140.90268757887077,38.78944142892362,0.4406341109966872,0.3650174603201783,0.18597204330245434,0.6952471753833975,0.5410872640165865,0.651841896625052,6.410916468884473,2.0067833929600027,1718.4793490361435,0.9105789430292082,2934.0439844336506,0.6310871017676868,1245.2822623725415,0.6536714506932144,1.0146358147312986,0.4608254962670504,0.1651942008554154,0.018792753424970422,0.6707421361173214,12.634477377978012,0.41151135291643437,0.24612174384273014,0.019082845846006564,9.187929725789909,49.319,POOR,SYNTHETIC_RESEARCH_BASED,ML_TRAIN_TEST_DEVELOPMENT_ONLY,PCL literature-informed morphology + FTIR + mechanical latent-quality simulation,TRAIN
SYN_00278,137.275607279736,38.232465633480864,0.31078716647905075,0.4106740926547591,0.23616577326865532,0.7733943327738687,0.7831772755749662,0.8541702026807236,6.290088209685203,0.7959204602489716,1723.152454175606,1.0541397786112643,2952.7705137332446,0.6673225072748686,1230.5829879162484,0.5686447487460875,1.4699478253540301,0.5863126702247825,0.1299852289759473,0.006203699364738792,1.1420748860489593,16.18069188460613,0.8369299640326586,0.2032465360638553,0.05313226196016741,15.524926088250004,95.662,GOOD,SYNTHETIC_RESEARCH_BASED,ML_TRAIN_TEST_DEVELOPMENT_ONLY,PCL literature-informed morphology + FTIR + mechanical latent-quality simulation,TRAIN
SYN_00279,149.7917132109854,38.0586318507917,0.2793114267244544,0.4324996755599749,0.2656179273293498,0.759431215145046,0.7954542374604913,0.8129887329077532,5.593546937132372,0.9633508453877846,1712.53440723668,0.8935799059914773,2938.873128444613,0.7468190224623783,1235.722082631082,0.592242968694324,1.2923951861663516,0.5923175329275079,0.154817882446087,0.012444883209135872,0.9706402401376049,19.0809999662914,0.6562981504362062,0.2486701474515247,0.03719265119764392,12.569930520120637,95.907,GOOD,SYNTHETIC_RESEARCH_BASED,ML_TRAIN_TEST_DEVELOPMENT_ONLY,PCL literature-informed morphology + FTIR + mechanical latent-quality simulation,TRAIN
SYN_00280,136.14316489406323,37.88780273447267,0.5202901116575993,0.31146950374611965,0.14862907237254291,0.6333265293455311,0.33990572913311173,0.6597777997511312,6.78690433900686,2.165136903538153,1721.3577524531795,0.7128892808101837,2940.1283791343526,0.6968081189056634,1236.245941036707,0.5450612452985379,1.0496296951953559,0.37421639612799446,0.17153846522716223,0.019065143906057912,0.5239676013925543,11.159875820920155,0.3448604680395654,0.32318574524871424,0.007899799377736893,4.696230069030769,36.633,POOR,SYNTHETIC_RESEARCH_BASED,ML_TRAIN_TEST_DEVELOPMENT_ONLY,PCL literature-informed morphology + FTIR + mechanical latent-quality simulation,TRAIN
SYN_00281,119.6065560885886,42.10729387961841,0.40388929502263926,0.32178878872929767,0.18809994785360837,0.6246664494696383,0.3985904327902949,0.6358468563808426,6.30884686656127,1.9179339265188056,1717.5772416533691,0.7980009196854699,2937.909447612919,0.6964553294836374,1243.9959111302373,0.5735707579060796,1.1741731208694814,0.44921692487696296,0.19653366216598192,0.016103100153928126,0.6317294600833482,12.37098902270135,0.3659705617897152,0.27929547818831996,0.019681763117862665,6.146600728683865,40.548,POOR,SYNTHETIC_RESEARCH_BASED,ML_TRAIN_TEST_DEVELOPMENT_ONLY,PCL literature-informed morphology + FTIR + mechanical latent-quality simulation,TRAIN
SYN_00282,161.6775328720004,38.81689963415491,0.42939945806559277,0.363170788876747,0.18597167556486907,0.6818262805978247,0.5869315306258703,0.6997923116377944,6.5079377433898475,1.7349252061293912,1720.735521257158,0.9064610887753982,2931.775420163245,0.6817746420270961,1237.6900610069194,0.5231345351743532,1.0743320539261625,0.4829426801670513,0.16881198506512363,0.014464936749375412,0.8452553795399066,14.893212362028477,0.48938250648280407,0.25639327469688483,0.029656541745508698,10.563500602289018,55.525,POOR,SYNTHETIC_RESEARCH_BASED,ML_TRAIN_TEST_DEVELOPMENT_ONLY,PCL literature-informed morphology + FTIR + mechanical latent-quality simulation,TRAIN
SYN_00283,157.22105410215121,44.00705241292192,0.46685497285450756,0.29255892168642,0.16632474145676737,0.6054575555778682,0.434291875369085,0.6307076447019533,6.972622206058212,2.166293339891854,1716.271760616514,0.8516599171366978,2957.533998992278,0.706154739866794,1244.9402848305733,0.4768689301529575,1.1445066233921724,0.4554535254496671,0.17001586511399805,0.01059662829935591,0.6180149455311064,12.240746690614754,0.3779018756558202,0.23531698952324206,0.015548159313968218,4.806464653335446,41.007,POOR,SYNTHETIC_RESEARCH_BASED,ML_TRAIN_TEST_DEVELOPMENT_ONLY,PCL literature-informed morphology + FTIR + mechanical latent-quality simulation,TRAIN
SYN_00284,149.73030500090374,27.949115396789896,0.3537773303595704,0.37068974417053546,0.23021524781674765,0.7656933774344687,0.6576235445466357,0.7253796150127039,5.138608232079346,1.4347606982757224,1726.4303628918744,0.9800387556251728,2935.8633832103706,0.7878636075878832,1246.7818015518392,0.5352136177103791,1.4548726832087748,0.48669454575433285,0.14350595460961882,0.008927085545937978,0.875306916535762,18.496605316315886,0.5691145511798765,0.24863141116783896,0.044554919481544705,7.707118529725341,89.223,GOOD,SYNTHETIC_RESEARCH_BASED,ML_TRAIN_TEST_DEVELOPMENT_ONLY,PCL literature-informed morphology + FTIR + mechanical latent-quality simulation,TRAIN
SYN_00285,144.37833122929908,32.17674798697355,0.34444451760915873,0.3979910366436581,0.2097417707608463,0.7253979961449454,0.6565516708558269,0.8017400142948358,5.480443139986453,1.9620069812912815,1726.0992368217642,1.1233529698327005,2937.791134360771,0.7141502750833038,1245.3589330066532,0.552124188613015,1.2392722412760093,0.5627441379767288,0.17432326313710733,0.004760093531644154,0.9079799402575068,15.341570945522282,0.5034875787892196,0.17999524359098426,0.026865878312604525,6.809211142582477,76.645,GOOD,SYNTHETIC_RESEARCH_BASED,ML_TRAIN_TEST_DEVELOPMENT_ONLY,PCL literature-informed morphology + FTIR + mechanical latent-quality simulation,TRAIN
SYN_00286,161.11249922213244,34.94795181946542,0.36957927060920065,0.3635485518896463,0.19820538997299755,0.758627867731813,0.48770795336839706,0.6660206318388051,5.51926257624185,2.084008925985855,1724.4295246986399,0.886952297409844,2936.4832652477758,0.6313621440912648,1241.19844862476,0.6146080380934311,1.312340949611449,0.49646292487525717,0.13952732907894405,0.005158197142693649,0.914878299506614,13.81602582250028,0.5259304189060111,0.3365366426561859,0.03363049705815462,7.8142252905419864,56.648,POOR,SYNTHETIC_RESEARCH_BASED,ML_TRAIN_TEST_DEVELOPMENT_ONLY,PCL literature-informed morphology + FTIR + mechanical latent-quality simulation,TRAIN
SYN_00287,149.2351752435865,28.25692089563684,0.2541367245513189,0.3878370156481793,0.2320951149102926,0.6751806008702146,0.6572343108769488,0.6887263980142315,4.458827411988071,1.501993574516075,1729.050685080779,0.8711491723808953,2938.1062963122076,0.6949033122999277,1245.3879902603485,0.6519247421891015,1.4782672599969955,0.5550447394322403,0.1279437846741608,0.0033343575051775305,1.0459471945178322,15.86215801962788,0.5346324374002203,0.24669667356137207,0.04700323760649294,11.660040760301714,92.542,GOOD,SYNTHETIC_RESEARCH_BASED,ML_TRAIN_TEST_DEVELOPMENT_ONLY,PCL literature-informed morphology + FTIR + mechanical latent-quality simulation,TRAIN
SYN_00288,166.71640130611613,40.878999064950435,0.4237981011586156,0.3055140076309376,0.1692845384924188,0.6322413089566615,0.4327737269467649,0.63121007828469,6.56654343891423,1.7339015389265648,1721.5701572696291,0.844722757220413,2930.9177286738145,0.6051896511278885,1239.763353967127,0.4944953136004957,1.2093951201469706,0.39197118488714566,0.16934977650067204,0.02151901777911931,0.45540286671475005,11.329138891396516,0.3823521184310391,0.30699525662833593,0.014464450154551587,6.291585589435624,33.72,POOR,SYNTHETIC_RESEARCH_BASED,ML_TRAIN_TEST_DEVELOPMENT_ONLY,PCL literature-informed morphology + FTIR + mechanical latent-quality simulation,TRAIN
SYN_00289,153.94244597252032,25.73019969435004,0.30861107122729525,0.3668949747505984,0.21025136145980933,0.6859799489282623,0.6401431078763629,0.7199721079894821,5.308140182953999,1.3797691050822718,1718.4200757095603,0.8043638975893296,2936.247524774843,0.6272771613905183,1246.0839685389562,0.4771552259606102,1.435158042220168,0.49492658308315113,0.16165936078842658,0.006523917282570097,0.9260618555991511,15.963221104333456,0.5189039120514587,0.2591812088839426,0.028868612716488558,13.27344484583254,74.389,GOOD,SYNTHETIC_RESEARCH_BASED,ML_TRAIN_TEST_DEVELOPMENT_ONLY,PCL literature-informed morphology + FTIR + mechanical latent-quality simulation,TRAIN
SYN_00290,171.02096167596483,46.81274220679126,0.4172573135131122,0.2734563683912637,0.13705310958258807,0.5402972648090518,0.39530012605254566,0.5593224015803783,6.367112987042073,2.2496882772894176,1724.9293723397989,0.946593006240311,2935.7903226043695,0.5567547761059914,1247.6967229633613,0.5203300551825581,1.0193936024781334,0.429533544403646,0.19182615710069875,0.015621509689186743,0.4544527026343084,12.238046414820062,0.5557699317036062,0.28578919481315085,0.009397511932654177,6.1806424520202725,31.021,POOR,SYNTHETIC_RESEARCH_BASED,ML_TRAIN_TEST_DEVELOPMENT_ONLY,PCL literature-informed morphology + FTIR + mechanical latent-quality simulation,TRAIN
SYN_00291,126.81933473469928,36.5763558083284,0.41484848083235143,0.37184648289873956,0.21632770321340936,0.6313178978388132,0.5687512131095721,0.7463245022403378,5.961401633389822,1.6676205170774094,1728.0412126159586,0.9445424987135929,2951.320723004892,0.6643880299927103,1244.206172212006,0.49851627327772424,1.1211334931350743,0.45800240768542455,0.19146162625928634,0.01714849637623582,1.0287649035309328,16.46147723780563,0.4878611503114777,0.2190787089762808,0.038836333294925,7.9070573399069115,61.987,POOR,SYNTHETIC_RESEARCH_BASED,ML_TRAIN_TEST_DEVELOPMENT_ONLY,PCL literature-informed morphology + FTIR + mechanical latent-quality simulation,TRAIN
SYN_00292,157.77596898194835,38.92392492225399,0.3602155806088227,0.3873383398164295,0.2062860815629903,0.6886260956663687,0.698020906382458,0.7642339965647467,5.1850100260173155,1.4245649213865441,1725.4303580742933,0.8973978178039943,2940.4057275354708,0.6731560066386343,1240.0046131647887,0.6678877336825113,1.173796671369225,0.5660037225332859,0.1322114514419327,0.013333767570557212,0.8807240579541636,16.689620706692768,0.6191829571801067,0.24176370696861924,0.02742649316267241,10.759330454021097,83.412,GOOD,SYNTHETIC_RESEARCH_BASED,ML_TRAIN_TEST_DEVELOPMENT_ONLY,PCL literature-informed morphology + FTIR + mechanical latent-quality simulation,TRAIN
SYN_00293,147.74141581917402,40.87127692887361,0.3275704057570142,0.3953918283371069,0.22083626558929756,0.6580029664735594,0.6264582429307838,0.7411727563284493,5.978054706010244,1.3543815262713463,1720.907233665265,0.9355493985741178,2940.823707631325,0.7120998431547547,1251.192074120372,0.5453189173193621,1.4190384778797205,0.5068254908003158,0.1441052751700984,0.008259296559374485,0.8676410730375211,16.663926376992833,0.43671195547689956,0.25857188183136504,0.040999132387423434,9.52421918457982,66.236,POOR,SYNTHETIC_RESEARCH_BASED,ML_TRAIN_TEST_DEVELOPMENT_ONLY,PCL literature-informed morphology + FTIR + mechanical latent-quality simulation,TRAIN
SYN_00294,163.97370826854387,32.104481905090836,0.29504291809812305,0.42960061688645584,0.24280825055860455,0.7576338408792362,0.7110109072491336,0.8319332474917462,6.355174938206264,1.456217025878787,1733.094808239281,0.9502836190516758,2947.2666260578726,0.7012678138091718,1246.8591432971657,0.6374108736337695,1.3707527898029077,0.5484115339958182,0.13597770446756746,0.016290755821318288,1.0163869420845637,16.203010227469186,0.5805559243869916,0.21069727204462235,0.04074774252816587,11.392187976361054,86.26,GOOD,SYNTHETIC_RESEARCH_BASED,ML_TRAIN_TEST_DEVELOPMENT_ONLY,PCL literature-informed morphology + FTIR + mechanical latent-quality simulation,TRAIN
SYN_00295,183.5329177304053,44.378795720172775,0.5256287379670832,0.3000541007858398,0.18109562341408453,0.5193064057626112,0.39360526881355773,0.6875249162435114,6.073071711615938,1.6675042041842159,1712.1250719591003,0.8522261707328352,2945.573949670458,0.5006642449915351,1244.7749987970753,0.522748786582402,1.0453082961799618,0.408560270649793,0.16897473136757343,0.014789018260118433,0.5324869421347349,11.979412242646442,0.3767335207903268,0.3427138811627291,0.014892031463365592,6.987603067495734,26.074,POOR,SYNTHETIC_RESEARCH_BASED,ML_TRAIN_TEST_DEVELOPMENT_ONLY,PCL literature-informed morphology + FTIR + mechanical latent-quality simulation,TRAIN
SYN_00296,147.51336993093003,41.72181428689364,0.39650063747566006,0.3768369845645154,0.2017265841569737,0.7166015507694815,0.5546923331676898,0.6878974282680398,5.135405039825027,1.6514652537584893,1727.298139895727,0.933120891689894,2943.3388165973374,0.5213892934395226,1227.5165810241183,0.515423306784923,1.2102410714394471,0.4170471410728475,0.15763609692063593,0.014560248967167948,0.7955710574986882,14.7272574663873,0.4061206665630501,0.227567640567242,0.006612503387777913,10.471846362201168,65.154,POOR,SYNTHETIC_RESEARCH_BASED,ML_TRAIN_TEST_DEVELOPMENT_ONLY,PCL literature-informed morphology + FTIR + mechanical latent-quality simulation,TRAIN
SYN_00297,156.11627387229228,31.923270784352294,0.36486155762261646,0.36777158498817186,0.22092365876323067,0.7119474926751446,0.6923676769069609,0.7506334108116693,5.388878931537299,1.2046947255064921,1715.3094087407842,0.9139810333119024,2933.7307899437146,0.7003354544174489,1241.517146502177,0.6247794516088389,1.2295698306354776,0.5548162022696987,0.1479371993467156,0.008355539336227083,1.0050719971527668,21.29319812162939,0.6074211943534162,0.3099698306193597,0.03772941411540119,13.111024439094383,96.806,GOOD,SYNTHETIC_RESEARCH_BASED,ML_TRAIN_TEST_DEVELOPMENT_ONLY,PCL literature-informed morphology + FTIR + mechanical latent-quality simulation,TRAIN
SYN_00298,148.14668662635944,38.93396911710992,0.4757246189261048,0.3130466601412179,0.16492225091165583,0.6162481432924922,0.3332236729468295,0.6249506396198377,5.761005481032255,1.7265896714675673,1717.495542143625,0.9154871926952589,2950.6415182918154,0.6296344868672152,1238.276000505423,0.42097694437377486,1.0282076415481578,0.40229123743454875,0.21305510994128235,0.009962382759277393,0.4733308175628149,11.014724172935857,0.3692115529097145,0.3044286086236018,0.020605822030724356,5.144618346511427,38.035,POOR,SYNTHETIC_RESEARCH_BASED,ML_TRAIN_TEST_DEVELOPMENT_ONLY,PCL literature-informed morphology + FTIR + mechanical latent-quality simulation,TRAIN
SYN_00299,144.61645938818893,44.283651253214586,0.3557080894210093,0.3493874934776395,0.23061065080724472,0.7179723888422047,0.6917686521365876,0.7286266828970821,6.157285083373175,1.530306654891765,1713.6101752134878,0.8298007946918848,2940.5619207942677,0.6432669544025812,1236.2381491640576,0.5969500240463169,1.2617610580125216,0.45963876984177665,0.1757145536507623,0.012392129881916186,0.7940640637118715,12.791662311573953,0.4482884274237581,0.35698099881292883,0.019863652423872356,9.037118970189674,54.089,POOR,SYNTHETIC_RESEARCH_BASED,ML_TRAIN_TEST_DEVELOPMENT_ONLY,PCL literature-informed morphology + FTIR + mechanical latent-quality simulation,TRAIN
SYN_00300,127.8144034061634,41.71790275799374,0.3669580352317529,0.364987443605108,0.1978811979238155,0.6767768021833249,0.5339598651971712,0.7155817468824023,5.93369933780868,1.4213374066167364,1727.4371512754556,0.8947913993132657,2942.4651058448803,0.5523925609531779,1245.0055706657981,0.5645735833360276,1.2241384372353048,0.4544702555002699,0.19252748229235547,0.01205232987997828,0.7531938055950579,10.4301063207382,0.4140015055033459,0.3204410640862916,0.025489389650782804,7.559274754841488,48.89,POOR,SYNTHETIC_RESEARCH_BASED,ML_TRAIN_TEST_DEVELOPMENT_ONLY,PCL literature-informed morphology + FTIR + mechanical latent-quality simulation,TRAIN
SYN_00301,172.94373135441396,31.229099706019085,0.4495226532632348,0.2873585198206399,0.17513377652832235,0.620335964242287,0.5093353521597965,0.6757795914162016,5.467929861444196,1.4047041378340515,1715.578288984675,0.854013519603758,2941.981955179809,0.5978260212779758,1233.1211042909588,0.5717179104598784,1.1268004332434367,0.4416845810371341,0.16702113043330138,0.018527743119262745,0.5707396771596925,10.99467643963323,0.35892447745354383,0.34323181290898375,0.01623009066985668,10.08929183923542,42.408,POOR,SYNTHETIC_RESEARCH_BASED,ML_TRAIN_TEST_DEVELOPMENT_ONLY,PCL literature-informed morphology + FTIR + mechanical latent-quality simulation,TRAIN
SYN_00302,147.8826601507087,47.51235928326359,0.4196725386507975,0.29869196695171496,0.19116438238704486,0.588155954367777,0.2381657595498791,0.6351688765914881,5.915989456085274,1.4930313029750892,1726.392757679451,0.8594140928218836,2936.749285244736,0.5852523530573812,1243.02352666061,0.4746352407254796,1.169922425430273,0.4191376180492031,0.21184153504030714,0.023151952453796282,0.3958489821810818,8.611609450993134,0.3164436145214484,0.3235803902071215,0.011306701781479115,5.542349923193659,27.898,POOR,SYNTHETIC_RESEARCH_BASED,ML_TRAIN_TEST_DEVELOPMENT_ONLY,PCL literature-informed morphology + FTIR + mechanical latent-quality simulation,TRAIN
SYN_00303,128.1482160974346,38.210328966950456,0.38214418514858806,0.31265173200411683,0.18514006695179097,0.755164407359282,0.6035977526681273,0.7284286843407887,5.819408639996351,1.3211262476017678,1714.1339837243613,0.8848365858560944,2933.0561410760674,0.5743168652719283,1246.888697857953,0.542200076130572,1.2396526747412944,0.5213249690366353,0.14409998597396997,0.014687973176268212,0.5861309697902257,11.629337146599063,0.5273052059376073,0.21079724709313225,0.023546864838374607,10.054378518128686,69.413,POOR,SYNTHETIC_RESEARCH_BASED,ML_TRAIN_TEST_DEVELOPMENT_ONLY,PCL literature-informed morphology + FTIR + mechanical latent-quality simulation,TRAIN
SYN_00304,166.13412474172716,38.397641858574545,0.3204886852913903,0.4336081653726516,0.2116918279542483,0.8001063018873851,0.745512008292136,0.7807027485527304,4.923715430117757,1.4137577619985457,1723.8933734577643,0.9623417268727873,2936.9264994160185,0.7055266515262514,1241.2105016929745,0.5693886906864192,1.4795828361015873,0.5663826265700135,0.14341430333911134,0.007380190939108063,1.1669736850791845,19.952552334580435,0.6956566585483513,0.2016324172913998,0.03899057559881315,12.704687500605292,96.126,GOOD,SYNTHETIC_RESEARCH_BASED,ML_TRAIN_TEST_DEVELOPMENT_ONLY,PCL literature-informed morphology + FTIR + mechanical latent-quality simulation,TRAIN
SYN_00305,137.54113815324314,39.33626329484282,0.26842569827815926,0.4100149168588248,0.23028405753918202,0.6856421868206113,0.6465843412708965,0.7764700520900847,5.620144912800812,1.1637832480036931,1721.7309178913447,0.930049759046144,2944.136691660717,0.6891146019313823,1237.526391568592,0.6154428661289473,1.339715242915701,0.5189804272653208,0.16900751339338352,0.007475734705497404,0.8508069125919778,16.428631189631385,0.5521324989941028,0.22064718857648147,0.03347504417986855,11.917297366719058,78.608,GOOD,SYNTHETIC_RESEARCH_BASED,ML_TRAIN_TEST_DEVELOPMENT_ONLY,PCL literature-informed morphology + FTIR + mechanical latent-quality simulation,TRAIN
SYN_00306,152.67063107070038,42.39895994529827,0.43669953508622006,0.3221503855419155,0.16155481062123186,0.6220088378109448,0.41608203489444356,0.6279624135163696,7.120991509803942,1.4876164101000748,1711.793844200553,0.959130534353994,2945.3755677272843,0.652857880594354,1236.9965852940782,0.5573265607490773,1.3008124303693116,0.4215732928257426,0.19073130683859885,0.015790789074945206,0.5469152773928179,13.562971134856395,0.4007789986324147,0.34245203323405304,0.008908261402243541,5.5730517870356895,40.738,POOR,SYNTHETIC_RESEARCH_BASED,ML_TRAIN_TEST_DEVELOPMENT_ONLY,PCL literature-informed morphology + FTIR + mechanical latent-quality simulation,TRAIN
SYN_00307,141.6330854777911,33.446476848620016,0.31620022425867067,0.385954708491409,0.23887391773077093,0.6800296144226853,0.5748409658591618,0.7061251242816374,5.755239032292318,0.8855011392323617,1713.8346268490461,0.8267015342758034,2935.0346356843474,0.6269768825138192,1243.9042966719776,0.4963985379780933,1.3631023110368823,0.4941810394525957,0.13929732922980612,0.012486039620543938,0.695978843495601,14.10069187825404,0.6099801740739633,0.21381334699045923,0.031726213329029446,9.61155022413852,76.131,GOOD,SYNTHETIC_RESEARCH_BASED,ML_TRAIN_TEST_DEVELOPMENT_ONLY,PCL literature-informed morphology + FTIR + mechanical latent-quality simulation,TRAIN
SYN_00308,132.39696871950343,29.77023088672466,0.39787796024856764,0.3638756880641735,0.21046550206444886,0.6348266792102056,0.5722734543027652,0.6781067981458598,6.777972149795898,2.1127664030620448,1715.7750649564673,0.8824381742533255,2940.085860070847,0.7142120558661555,1239.0230548111683,0.5365238296873492,1.2249420490897833,0.47831448675138505,0.1746971423473285,0.01404022243713748,0.8040491523786878,13.902707808028063,0.39931564919734525,0.25954850929240786,0.029933957711890096,8.184826368527558,49.231,POOR,SYNTHETIC_RESEARCH_BASED,ML_TRAIN_TEST_DEVELOPMENT_ONLY,PCL literature-informed morphology + FTIR + mechanical latent-quality simulation,TRAIN
SYN_00309,151.6711072585168,32.317153622254445,0.3948882698434679,0.32823466160478215,0.15152681901310652,0.6213134010436504,0.5372375031376269,0.6473111697546566,4.96850003725095,1.820922247001011,1715.8485049137219,0.9151021615078074,2938.419253940575,0.6530232506901391,1238.1428213027484,0.4538817420657011,1.0796361571849582,0.41328770133081966,0.16785524006726663,0.016117942430823113,0.483558902693108,11.885075211372628,0.4050373687140215,0.2892003238989365,0.01865206863650902,6.055399253816995,33.511,POOR,SYNTHETIC_RESEARCH_BASED,ML_TRAIN_TEST_DEVELOPMENT_ONLY,PCL literature-informed morphology + FTIR + mechanical latent-quality simulation,TRAIN
SYN_00310,150.42051151452512,35.66710664077104,0.32462809274645094,0.41281439816876075,0.2494242184385115,0.7286205064870299,0.6642829241879616,0.8160534291741474,5.070881399102094,0.991524801206864,1718.4648980794445,0.9701150573799459,2939.1352189719782,0.7703764662750946,1235.8594591113615,0.6015261818007608,1.439351292944849,0.5239036975119409,0.13752955591195248,0.008748075343461907,0.9749921275672084,15.891841817433022,0.6777711464785119,0.2433898773700944,0.045679581443590904,11.674692904299551,96.783,GOOD,SYNTHETIC_RESEARCH_BASED,ML_TRAIN_TEST_DEVELOPMENT_ONLY,PCL literature-informed morphology + FTIR + mechanical latent-quality simulation,TRAIN
SYN_00311,160.47816075066854,28.161040199084695,0.3823050682471064,0.3699165637451164,0.19294866675206296,0.6956259776763035,0.5967862504575441,0.7134326556882807,4.793665995859451,1.2270266717303924,1717.992291410771,0.7999808608796914,2939.315607646939,0.6834938369947072,1240.2330223448384,0.6710303298623319,1.217058430228524,0.4992045886349353,0.14786369665355098,0.01189812063589164,0.8392786996767572,15.480837979238244,0.5119167904101259,0.24125491545812394,0.03289995780938011,11.070729662194589,66.93,POOR,SYNTHETIC_RESEARCH_BASED,ML_TRAIN_TEST_DEVELOPMENT_ONLY,PCL literature-informed morphology + FTIR + mechanical latent-quality simulation,TRAIN
SYN_00312,146.47195323291976,39.04007554524565,0.29893853584236146,0.335203895461654,0.1990460381879096,0.6742685950321078,0.7710529891712045,0.7232564837151807,5.097788304634125,1.4905442800822613,1728.9669211260755,0.8860988512968513,2938.809623813457,0.7176021582907933,1235.8437407804704,0.7989779907125629,1.3331245790993784,0.48634118846972707,0.16858907992571093,0.007281053400489779,1.0634747647090919,17.47850645834537,0.5448418205872182,0.20211747593346485,0.026027166441343792,9.81010237188108,82.633,GOOD,SYNTHETIC_RESEARCH_BASED,ML_TRAIN_TEST_DEVELOPMENT_ONLY,PCL literature-informed morphology + FTIR + mechanical latent-quality simulation,TRAIN
SYN_00313,149.65834933394854,44.78563637879239,0.4485369622116163,0.3193868460021787,0.1987411077098582,0.6841320058333058,0.5365943634731207,0.7398344745216264,5.598229629751464,2.0718344750226123,1720.1841911663519,0.8776604858283917,2939.5829467032913,0.5692750340671279,1237.031405098751,0.6136709716219305,1.3668393055306154,0.45777897615535584,0.19267985935748166,0.01259511049888159,0.6811653140815888,10.100654221148108,0.3795323882513438,0.26517047256758197,0.01149157415092153,6.229378833228097,44.706,POOR,SYNTHETIC_RESEARCH_BASED,ML_TRAIN_TEST_DEVELOPMENT_ONLY,PCL literature-informed morphology + FTIR + mechanical latent-quality simulation,TRAIN
SYN_00314,128.57500483691254,28.29126707476841,0.2998200654200601,0.4774200158412903,0.28883056569515864,0.7191190050702442,0.7292754069443331,0.7080531094853928,6.206974943890489,1.074804432411704,1728.9601167994758,0.9042585111880461,2933.904515517384,0.749596045916565,1236.0681580120563,0.5699792072766486,1.3475799634366619,0.544925063338443,0.17690579930181757,0.0013408141378425604,0.9778964816117903,22.831189154191506,0.6431408423664866,0.2010366816826218,0.05551962711545759,14.155812255985744,94.784,GOOD,SYNTHETIC_RESEARCH_BASED,ML_TRAIN_TEST_DEVELOPMENT_ONLY,PCL literature-informed morphology + FTIR + mechanical latent-quality simulation,TRAIN
SYN_00315,149.37520651277967,46.44679278647217,0.37537836189063295,0.3984022795474567,0.21881403174984673,0.7214675655380711,0.7214221826693378,0.7748552341874344,6.286312240280135,1.6037701242126443,1719.732729888425,0.9728851190671168,2938.5182577620008,0.7766268418274921,1244.473621317983,0.5524826043612936,1.4619563236386615,0.502333903956476,0.12191060437076855,0.002395074742545847,0.8626110289018678,16.370447516081054,0.8171806764603937,0.3050193710230355,0.03120477085416838,14.743156593972502,91.038,GOOD,SYNTHETIC_RESEARCH_BASED,ML_TRAIN_TEST_DEVELOPMENT_ONLY,PCL literature-informed morphology + FTIR + mechanical latent-quality simulation,TRAIN
SYN_00316,139.14273809144603,33.57017266904708,0.3953398875847165,0.37131382021865894,0.2048855364227886,0.6925201782971238,0.4804185145397421,0.6364275734942674,6.658091456047649,1.3189352268856467,1725.2979501672366,0.9832017528963156,2933.2316621679247,0.5529037183134032,1235.2301441183633,0.5385558529678276,1.4057289695698207,0.4698099994343098,0.1697011853137632,0.008426680491223896,0.8752095592680554,14.871918959709717,0.4925406097756119,0.28842374374530644,0.028587262032191314,9.454831807100808,72.148,GOOD,SYNTHETIC_RESEARCH_BASED,ML_TRAIN_TEST_DEVELOPMENT_ONLY,PCL literature-informed morphology + FTIR + mechanical latent-quality simulation,TRAIN
SYN_00317,164.74031625332248,39.304499639576306,0.3791443762064927,0.3515442659308856,0.20872706639985047,0.6139564447003141,0.4648443908918502,0.6867150525298547,6.257861314852689,1.576325665367717,1727.1956457884887,0.8120360241385904,2940.7913614409013,0.643155395882617,1248.84943096755,0.5212849075250373,1.354712500899656,0.46920114846829886,0.1691691410817285,0.008574792008054131,0.6560158168592963,13.5567007918728,0.4771845505434442,0.2976544372866884,0.025671976351715867,9.307493556047966,49.873,POOR,SYNTHETIC_RESEARCH_BASED,ML_TRAIN_TEST_DEVELOPMENT_ONLY,PCL literature-informed morphology + FTIR + mechanical latent-quality simulation,TRAIN
SYN_00318,153.49599467037845,20.79491838972108,0.3181413536584252,0.3234519218739778,0.17991867101271614,0.703040781514031,0.6913695713691607,0.7380612233371614,5.508575456461495,1.3931959825827085,1720.9413945246395,0.9546706429392491,2943.2877121296933,0.7293828193862718,1240.2920186238282,0.5990767962067198,1.2143625629570955,0.5734295553873691,0.1506074521674098,0.00549208893125909,0.8999782155808775,16.43329019990131,0.6000509022366373,0.25562806056605264,0.03517214590194002,12.015441648740204,88.293,GOOD,SYNTHETIC_RESEARCH_BASED,ML_TRAIN_TEST_DEVELOPMENT_ONLY,PCL literature-informed morphology + FTIR + mechanical latent-quality simulation,TRAIN
SYN_00319,124.68182546991338,31.87882508496934,0.35603835096051245,0.34981734953473925,0.251697113592251,0.7405694436786053,0.6953635621575893,0.7392916263016702,4.936374653612155,1.733261302656756,1718.7273577521564,1.1116691527551126,2948.8819610627024,0.745789774729232,1240.7821137702333,0.7267641973495944,1.1872997608194196,0.5361270177143634,0.16792198320859497,0.003151628247026989,1.0216505909018687,16.001016859230848,0.787100398371754,0.18272997181639936,0.03505170356049111,12.04131735532146,80.174,GOOD,SYNTHETIC_RESEARCH_BASED,ML_TRAIN_TEST_DEVELOPMENT_ONLY,PCL literature-informed morphology + FTIR + mechanical latent-quality simulation,TRAIN
SYN_00320,158.65157909004773,41.77582910699548,0.4449171178341398,0.3147550307973255,0.13968950890168128,0.6754415010816804,0.39655068815564615,0.6688861262564365,5.608885929651994,2.0085559105431003,1724.4052031727392,0.8542083978095822,2942.597538901213,0.6113541141072923,1233.3655831867673,0.5413760027021164,1.130824863639855,0.386304605204541,0.18744675439133057,0.005576159187250097,0.7147084023362625,12.003227126954286,0.4632140058550727,0.33642658013696397,0.025735951898069646,7.697667276640414,45.845,POOR,SYNTHETIC_RESEARCH_BASED,ML_TRAIN_TEST_DEVELOPMENT_ONLY,PCL literature-informed morphology + FTIR + mechanical latent-quality simulation,TRAIN
SYN_00321,133.83413206069807,43.22617816638053,0.3202348135550344,0.3944494797012674,0.2422795060270623,0.7435355683504253,0.6117167380783464,0.7990626718888008,5.122086059365995,1.8798736715774265,1719.2774952044579,0.8181816126387994,2939.196674350307,0.7625248671319751,1238.186233732946,0.5779737451180647,1.2878586346530112,0.5400252862153293,0.1670290326689851,0.016328617301815083,0.8162975536168077,15.86014569984811,0.598553051712569,0.23929389399508705,0.030942930368662778,7.409468859578331,78.234,GOOD,SYNTHETIC_RESEARCH_BASED,ML_TRAIN_TEST_DEVELOPMENT_ONLY,PCL literature-informed morphology + FTIR + mechanical latent-quality simulation,TRAIN
SYN_00322,164.58641176074318,27.272253922884644,0.35845131184881185,0.3820323779740327,0.21735628781812924,0.7100148598561313,0.6107718838857602,0.7587260936844051,5.1908268676395135,1.0854190926055727,1716.7699472129548,0.9776881194407758,2946.086858638696,0.6796395874786034,1240.266935262644,0.6202619249269874,1.3009421815450357,0.5132420136752053,0.17876675859658672,0.00786845827025319,0.7641319418331203,15.36186364647025,0.5943497338418895,0.28090146599158333,0.045503246762905625,13.35215715062306,76.804,GOOD,SYNTHETIC_RESEARCH_BASED,ML_TRAIN_TEST_DEVELOPMENT_ONLY,PCL literature-informed morphology + FTIR + mechanical latent-quality simulation,TRAIN
SYN_00323,150.51573432499066,31.24374806624146,0.3221626959547117,0.37431999985334324,0.24254428967816868,0.7004648966860908,0.6356727212689932,0.7202354279293869,5.9309475996256085,1.3404530447619947,1726.2616419218666,0.9937452426540497,2940.3022547047576,0.7354712826815178,1240.7971961085425,0.6754884211931685,1.5150310028340181,0.5796316694830925,0.16605169616967105,0.006095617626655258,0.9678529930129511,17.564471790214387,0.7188824103358409,0.2517569649308693,0.050438819793590564,13.549796432169746,95.51,GOOD,SYNTHETIC_RESEARCH_BASED,ML_TRAIN_TEST_DEVELOPMENT_ONLY,PCL literature-informed morphology + FTIR + mechanical latent-quality simulation,TRAIN
SYN_00324,183.98378950683224,37.22195001245708,0.32667980730302887,0.38747124089667034,0.22588557978765936,0.7157634002744498,0.6957115819856825,0.7504520960326059,5.982862468271282,1.1841694983309652,1724.6648001460956,0.9653980452159594,2938.9898218636895,0.7520288951780965,1244.651178302654,0.6217741815672106,1.4284274793896334,0.5406775287132676,0.1424584075203936,0.009678375568625852,0.8694481449934937,18.251988542870258,0.7955235008105674,0.2813409640715315,0.03752177108597545,12.4606749914884,80.573,GOOD,SYNTHETIC_RESEARCH_BASED,ML_TRAIN_TEST_DEVELOPMENT_ONLY,PCL literature-informed morphology + FTIR + mechanical latent-quality simulation,TRAIN
SYN_00325,176.61793990444642,35.30063814477839,0.39768857312785283,0.3583812492274632,0.21312880874507897,0.6442841890455627,0.4201634326932504,0.655396952212014,5.780062513474144,1.7283442498917967,1725.094774879017,0.9645227653209738,2942.182793943262,0.5940825509851948,1232.1651930063915,0.6165426825972626,0.9271906498050109,0.4079511896335819,0.17140100605680336,0.006266215519171881,0.4752781026163805,11.076714472869643,0.3593478252534922,0.3073816499417289,0.018042188541214647,4.949138350963327,35.137,POOR,SYNTHETIC_RESEARCH_BASED,ML_TRAIN_TEST_DEVELOPMENT_ONLY,PCL literature-informed morphology + FTIR + mechanical latent-quality simulation,TRAIN
SYN_00326,131.87913822226557,33.71010708190306,0.4677187548090983,0.27090556628615875,0.1502571580418871,0.6195790424897037,0.39917574294661046,0.7027767301292476,6.609350221838794,1.8792801834831419,1723.8336286792373,0.9365480737361425,2945.7774247010075,0.6002068171560567,1238.0263406691738,0.5013192955004744,1.1288569095716643,0.40378225809900137,0.1354597193988329,0.015975108995837334,0.5163005294795694,7.833963856297565,0.4156746183306052,0.3290901707067967,0.009067286451705701,6.3826287948600395,36.788,POOR,SYNTHETIC_RESEARCH_BASED,ML_TRAIN_TEST_DEVELOPMENT_ONLY,PCL literature-informed morphology + FTIR + mechanical latent-quality simulation,TRAIN
SYN_00327,146.58720623280408,35.05488681390544,0.2589173859669103,0.41021639906194274,0.19894205043805022,0.7354275312297275,0.6526432299128916,0.6654048335937192,4.971218291454567,1.1129028540687729,1716.941756652248,1.0030892632318205,2940.525738189636,0.7567661111807725,1244.2387223162166,0.5698305592951753,1.2934557553013168,0.5286400972347917,0.17559806545857173,0.008954938454519536,0.9750017779624882,16.21877949745949,0.6855024587044277,0.25255289184883395,0.043157986624470145,11.469461502741488,77.088,GOOD,SYNTHETIC_RESEARCH_BASED,ML_TRAIN_TEST_DEVELOPMENT_ONLY,PCL literature-informed morphology + FTIR + mechanical latent-quality simulation,TRAIN
SYN_00328,133.4175515729029,35.04096308866527,0.38383798020070947,0.38787689886610394,0.20559538785044001,0.6802399700337435,0.6584074329287808,0.6694288894838123,4.325717764295022,1.593792954444901,1723.5213480695704,0.9012325262113149,2946.874024007815,0.6668556335884379,1240.4045504450705,0.5745395000771886,1.3507388614848728,0.46696877017855953,0.15440033706154646,0.007932735344684649,0.951551027213275,16.794250103422968,0.5455461395955169,0.30162088976576207,0.03669050257127185,11.923615303198558,66.111,POOR,SYNTHETIC_RESEARCH_BASED,ML_TRAIN_TEST_DEVELOPMENT_ONLY,PCL literature-informed morphology + FTIR + mechanical latent-quality simulation,TRAIN
SYN_00329,163.8856307546676,29.745621284754858,0.38490574749698864,0.399508682385708,0.20478797454875347,0.6604683289095088,0.6054019873029993,0.7398893061117933,5.40079359709542,1.5383968943326773,1717.7671032629014,0.9680119425549373,2945.690817974934,0.5783827079437163,1240.1607477636655,0.4577938847722953,1.3034664764824375,0.542922742505278,0.15479020533258991,0.010918733801580075,1.0965393229514815,18.58932300617404,0.6655267611938975,0.2429742246281948,0.03663526713655766,14.23768485690892,75.764,GOOD,SYNTHETIC_RESEARCH_BASED,ML_TRAIN_TEST_DEVELOPMENT_ONLY,PCL literature-informed morphology + FTIR + mechanical latent-quality simulation,TRAIN
SYN_00330,134.95622235563474,35.35514399985516,0.399457765369513,0.33672535851318935,0.17284245708282842,0.6575493483614595,0.5121477995813167,0.6833851107637336,5.835331048933591,1.591918495041365,1718.8725234170906,0.875211382420945,2929.379776644237,0.5966969241611858,1237.8631174985971,0.47328587528969857,1.2345728549914967,0.4051010346127557,0.17238788058417956,0.0186945707539326,0.38004705071305955,12.007850229787095,0.4014052047811809,0.39012305458762064,0.015291473454111906,5.087660101684875,26.904,POOR,SYNTHETIC_RESEARCH_BASED,ML_TRAIN_TEST_DEVELOPMENT_ONLY,PCL literature-informed morphology + FTIR + mechanical latent-quality simulation,TRAIN
SYN_00331,159.6046636902457,36.170144985045795,0.40213885151712797,0.3567874080580168,0.15372330966117895,0.6305264412437035,0.4353897269975091,0.7240262324387411,7.561567546247389,1.5547485351645993,1717.6610660980082,0.9387250562596946,2951.4606878280665,0.5876361707409488,1242.277283135767,0.471474786653828,1.2320768749597875,0.44221254179810204,0.14370221396018168,0.006511215885225862,0.6717352029097314,11.081493365126846,0.3284545084946434,0.31644868748288074,0.009846671050072971,4.434418461526963,41.804,POOR,SYNTHETIC_RESEARCH_BASED,ML_TRAIN_TEST_DEVELOPMENT_ONLY,PCL literature-informed morphology + FTIR + mechanical latent-quality simulation,TRAIN
SYN_00332,157.63614499046787,34.83054828357649,0.40318740527616037,0.3051510709192974,0.18733011316515832,0.629332741793595,0.47345039865643074,0.6440468183772741,6.637978661647018,2.0557860888737682,1723.759978867848,0.8188689478862937,2952.5015263820183,0.6417755288116177,1234.0197919102768,0.5623017637317081,1.3879981214018569,0.4774047557197439,0.1678237012067087,0.009203997433333853,0.8651165552684433,18.065743058763296,0.5719668740443822,0.25241975449329895,0.03248468578064969,11.111115373978768,70.079,GOOD,SYNTHETIC_RESEARCH_BASED,ML_TRAIN_TEST_DEVELOPMENT_ONLY,PCL literature-informed morphology + FTIR + mechanical latent-quality simulation,TRAIN
SYN_00333,160.5970111646633,40.25625946143791,0.4016700579474493,0.3826446239190991,0.17961990117271898,0.7001752591846181,0.5654517548286707,0.6954953445602685,5.804821805439753,1.2199384175376724,1726.1427345679401,0.9112798378615719,2936.283816038647,0.48161334656171123,1240.826424615477,0.5615717254834602,1.1000069599985616,0.401862626141576,0.16183631131187834,0.016634399493440737,0.5484009222895878,11.87221626923055,0.3439831756769327,0.4138098713648556,0.020088331534807644,6.30773812070509,36.07,POOR,SYNTHETIC_RESEARCH_BASED,ML_TRAIN_TEST_DEVELOPMENT_ONLY,PCL literature-informed morphology + FTIR + mechanical latent-quality simulation,TRAIN
SYN_00334,141.9847958522549,45.939683822002856,0.4280565690849166,0.3927169481465731,0.1815914656274616,0.6482163655243212,0.33629399246052016,0.6318085527430113,5.922109711994968,1.6210036697817105,1716.277361553983,0.8287005548148374,2958.5415232615737,0.6965260437076152,1244.0081080402617,0.5611128464726463,0.9872537751994046,0.46625229262996976,0.18656073986958938,0.008969448116231172,0.6341184529885066,11.890584064961805,0.3068042919360946,0.2539857857353937,0.01672055356011143,6.244796705034714,41.925,POOR,SYNTHETIC_RESEARCH_BASED,ML_TRAIN_TEST_DEVELOPMENT_ONLY,PCL literature-informed morphology + FTIR + mechanical latent-quality simulation,TRAIN
SYN_00335,158.88520476224355,38.4419699078387,0.36098748337473596,0.3601491730783661,0.13003731277480454,0.6364355349309972,0.5199218687800824,0.6863231350999414,5.752085784941058,2.1321205563517736,1725.6107753099352,0.7531104339506933,2941.7677264543245,0.6201665624418139,1242.4706266393464,0.5408494136692157,1.0921666929087739,0.3687427140679412,0.15610756526418607,0.0144406062491543,0.5635864065940374,8.65586765657638,0.4727975281974449,0.34169614254509517,0.01316666364668561,4.9660804966070105,34.119,POOR,SYNTHETIC_RESEARCH_BASED,ML_TRAIN_TEST_DEVELOPMENT_ONLY,PCL literature-informed morphology + FTIR + mechanical latent-quality simulation,TRAIN
SYN_00336,141.55413839426993,37.59564567280933,0.48175789989703155,0.28194880583501103,0.18008397197632056,0.5720854788583452,0.302060513770162,0.6654352778019815,4.670418054275309,2.0120597065928196,1725.0221869983466,0.7988650316756077,2923.4425875192437,0.5816042532222231,1241.6538849589647,0.5373170061884994,1.075988868237403,0.4515623475452605,0.1558677757160362,0.01982067449782312,0.6743692873302982,11.940954342450647,0.4927476700534214,0.32756423058073086,0.024934120243888757,7.978994655530319,38.844,POOR,SYNTHETIC_RESEARCH_BASED,ML_TRAIN_TEST_DEVELOPMENT_ONLY,PCL literature-informed morphology + FTIR + mechanical latent-quality simulation,TRAIN
SYN_00337,148.8539967713368,40.32994553381001,0.3522243134419857,0.35521984484934926,0.18568200768915763,0.5897836584781392,0.46627857777955295,0.6436903075072448,5.025014936719215,1.6014549125090773,1714.2927579438317,0.8721649520911875,2931.9434652292653,0.6196142890112991,1240.8316015789928,0.5340819748714937,1.0383739329427428,0.4802169571930033,0.1975966197683095,0.017755416064797528,0.45544161534258254,11.162899513319926,0.35653912717716213,0.33517455805271057,0.0014763218469313732,5.501917950346208,49.669,POOR,SYNTHETIC_RESEARCH_BASED,ML_TRAIN_TEST_DEVELOPMENT_ONLY,PCL literature-informed morphology + FTIR + mechanical latent-quality simulation,TRAIN
SYN_00338,145.893247400767,46.48685502905142,0.3754299941699709,0.3675078903846276,0.13854997974967007,0.6498890876221723,0.4659709153211481,0.7263267537064074,5.5021891684960185,1.5214013104665531,1713.8464268327575,0.9175062968727902,2942.331150997365,0.7062166425950465,1234.4419316961057,0.5864191523738957,1.339966206105562,0.46550170263146123,0.15902974096335265,0.003776744223423562,0.7111579057198767,12.974963277403035,0.5535989364397659,0.16540293701267822,0.03010316298964807,10.325091293451495,55.856,POOR,SYNTHETIC_RESEARCH_BASED,ML_TRAIN_TEST_DEVELOPMENT_ONLY,PCL literature-informed morphology + FTIR + mechanical latent-quality simulation,TRAIN
SYN_00339,147.94424550665383,29.286185519786343,0.26454228200921925,0.4297120856170962,0.2674931172157708,0.6774713453348097,0.7790211589349489,0.8943705630875634,5.453059194822715,1.2367383971123949,1725.2626916578304,1.0365519682238309,2940.142432875707,0.618834707050901,1246.480888438946,0.5581324813436133,1.3091828598250574,0.5447116273854274,0.1624317314285188,0.0100846842997187,1.1168579941252834,22.043506580492025,0.7391555573756053,0.20618355699992758,0.04096761094449377,17.3042932069683,94.319,GOOD,SYNTHETIC_RESEARCH_BASED,ML_TRAIN_TEST_DEVELOPMENT_ONLY,PCL literature-informed morphology + FTIR + mechanical latent-quality simulation,TRAIN
SYN_00340,150.66428606835603,39.06226830227936,0.45350177842714323,0.302231862062561,0.15416332473331348,0.6078001976807589,0.373489110714856,0.652517681588688,7.537587561688472,2.430370520520042,1730.0542474902616,0.8366626046630113,2924.254235545844,0.6555239304844408,1237.8623834208358,0.5871095546617624,1.08574622600277,0.4053786909117347,0.1808417505962353,0.021269238501695736,0.5205867441665976,15.01526980104073,0.3765846078428293,0.29560560260801677,0.026861090287401575,8.758351058725497,43.478,POOR,SYNTHETIC_RESEARCH_BASED,ML_TRAIN_TEST_DEVELOPMENT_ONLY,PCL literature-informed morphology + FTIR + mechanical latent-quality simulation,TRAIN
SYN_00341,125.16587565190667,33.07051337368564,0.3433302836341835,0.3972473391921347,0.2717438898582105,0.7562000906339322,0.7286947956474039,0.8499435673123356,6.0708217131179065,1.3208963596735726,1724.979125675003,0.9765611438187186,2938.03085696923,0.7246679165968117,1242.496208102959,0.6273202227838771,1.2029709124242236,0.5077522752024991,0.14691205049388348,-0.0023505044546138568,1.153925051083814,16.36582121228224,0.6181976380457508,0.2150061063173409,0.034455674600449945,10.06824784494062,93.703,GOOD,SYNTHETIC_RESEARCH_BASED,ML_TRAIN_TEST_DEVELOPMENT_ONLY,PCL literature-informed morphology + FTIR + mechanical latent-quality simulation,TRAIN
SYN_00342,141.58475418866587,30.764421503999575,0.31004913777690835,0.4411288020301186,0.24996295703606972,0.7510022272720601,0.6924374579036467,0.7782605660338673,4.810902674681586,1.9229807825297285,1721.0634829894923,0.9346589516122868,2942.471028488893,0.6480752399293133,1236.2003925887345,0.7269556536740901,1.4587653487324215,0.5613695350470731,0.13627262631173798,0.0041247510938581195,0.9813435357663891,18.736549113629415,0.7587037247549145,0.21337893364578434,0.05254004524704769,12.517169298430343,93.186,GOOD,SYNTHETIC_RESEARCH_BASED,ML_TRAIN_TEST_DEVELOPMENT_ONLY,PCL literature-informed morphology + FTIR + mechanical latent-quality simulation,TRAIN
SYN_00343,157.00726969176887,43.66073713160424,0.280043284728624,0.4291358182258916,0.258648513742947,0.8404364041666541,0.7523506902085572,0.7817763156870209,5.6046541849538425,1.2294634375292979,1725.457061770101,1.1048752090343905,2934.55399830071,0.7041046121538125,1238.7051363400842,0.5328897953023175,1.4780344652240802,0.5784269057609484,0.11130325575253379,0.005255848705731083,1.0092001286405758,19.091134223279763,0.5909929756743664,0.32202100515412907,0.035622496251002125,14.862001818753683,91.809,GOOD,SYNTHETIC_RESEARCH_BASED,ML_TRAIN_TEST_DEVELOPMENT_ONLY,PCL literature-informed morphology + FTIR + mechanical latent-quality simulation,TRAIN
SYN_00344,155.06116053122858,34.78415052840471,0.38503153283947766,0.4272172337885454,0.23016352445255753,0.7516688724989111,0.7452493880548251,0.8331681166916185,3.5,0.7740488947088584,1726.5842075280805,0.9762100650983896,2945.5493507422843,0.7786377475867658,1238.3366569807852,0.6211568906823124,1.46557324923706,0.540709667671319,0.15729996135658786,0.0023781031989546894,1.0682974881425922,18.721040977668398,0.7758530478062261,0.27464107503496515,0.041749151200835326,11.12104100890626,95.457,GOOD,SYNTHETIC_RESEARCH_BASED,ML_TRAIN_TEST_DEVELOPMENT_ONLY,PCL literature-informed morphology + FTIR + mechanical latent-quality simulation,TRAIN
SYN_00345,122.00212719775163,44.36816203173019,0.4024312565315506,0.351424921301644,0.1804378343687794,0.6288381677909315,0.5185431972823471,0.6966803464856652,4.572570225084835,1.7329104848893706,1719.8928876424645,0.7817496847569146,2936.378899199462,0.4920563043858461,1238.6854037445776,0.5024380886454525,1.2214328139256936,0.5195353861163488,0.18710997426575968,0.014320910191034852,0.7108221004825296,16.630511628213853,0.4002821125900946,0.3538608118732256,0.017803176164495227,9.916236315833554,48.048,POOR,SYNTHETIC_RESEARCH_BASED,ML_TRAIN_TEST_DEVELOPMENT_ONLY,PCL literature-informed morphology + FTIR + mechanical latent-quality simulation,TRAIN
SYN_00346,144.65971302931763,27.773368807188298,0.3551391042233122,0.35852675406685874,0.24998543689990807,0.7015701698915764,0.7571713961521377,0.7886755373999944,5.352625463838799,1.166293906212175,1719.0438012699844,0.8787296054971605,2939.1814098308614,0.7650339522436824,1250.3628585308131,0.585529996668975,1.2992217003895188,0.4999868040996651,0.14427959631885834,0.00042042347161408596,0.8246261932090759,14.991063847136973,0.6337130558653475,0.23980180623429634,0.022437006009551577,11.755767309163227,86.795,GOOD,SYNTHETIC_RESEARCH_BASED,ML_TRAIN_TEST_DEVELOPMENT_ONLY,PCL literature-informed morphology + FTIR + mechanical latent-quality simulation,TRAIN
SYN_00347,169.55304076661676,34.83313957034698,0.3794221788026287,0.35899673384689784,0.24014534848484786,0.7144942175271431,0.6459493152146426,0.7658461820690107,5.681502898266064,1.8866955118635966,1714.9472468661484,1.0485495090929067,2927.2262901361573,0.6771535680995119,1240.0828737098284,0.6088420173957692,1.2447967785922867,0.48247345345316106,0.15124193398381025,0.013894475321610977,0.8750351432135028,16.217203505358594,0.6086211522722802,0.2895076840702662,0.04793167403844982,13.516725384480889,70.669,GOOD,SYNTHETIC_RESEARCH_BASED,ML_TRAIN_TEST_DEVELOPMENT_ONLY,PCL literature-informed morphology + FTIR + mechanical latent-quality simulation,TRAIN
SYN_00348,164.87363611849446,38.71052525067796,0.3979889152179883,0.35048168580277633,0.2088642060186414,0.6593210378864713,0.6252709400391683,0.7098259272294927,4.708121325844005,1.531484946375903,1724.2178864841976,1.0460240021630443,2942.7851518214393,0.646760108260264,1231.609935403205,0.56330520896786,1.502712432979278,0.5844435665854647,0.14479850357752824,0.006718783133273839,0.8388059082181697,14.053520875239656,0.4393694795489273,0.3208513451494324,0.01767946980782499,10.889605937835734,71.848,GOOD,SYNTHETIC_RESEARCH_BASED,ML_TRAIN_TEST_DEVELOPMENT_ONLY,PCL literature-informed morphology + FTIR + mechanical latent-quality simulation,TRAIN
SYN_00349,136.33694254139937,45.83886436452803,0.27775941078106126,0.46053908458514325,0.26390750988858885,0.8011551501490226,0.7508370742675903,0.7835363247071593,5.884927316999925,1.4454731662594924,1720.5082794154962,1.034047639222156,2938.850222559129,0.636125453300539,1242.9096148111785,0.6027354061319622,1.4035317938597744,0.5603220612717422,0.13347589553317202,0.006903403408853064,0.854138905904937,15.69249461308296,0.662212347796172,0.25056082919576667,0.049528794779728894,12.457074134742905,95.099,GOOD,SYNTHETIC_RESEARCH_BASED,ML_TRAIN_TEST_DEVELOPMENT_ONLY,PCL literature-informed morphology + FTIR + mechanical latent-quality simulation,TRAIN
SYN_00350,167.35407192232628,26.506887303478624,0.329573587572804,0.41303727964319464,0.2542421289234767,0.7360878057816308,0.6461517593975015,0.7949825312562321,5.528379016350079,1.1519053720343222,1722.0404379421852,0.9895801451690276,2948.1191684077526,0.7067734727462186,1233.6712532996223,0.668602522888888,1.3863374475010466,0.5561240820107043,0.14902528311453167,0.002176656243472723,0.9334421204134173,16.540693323028687,0.5536750111543959,0.3214601288209911,0.029091352469279054,12.26591369653935,71.707,GOOD,SYNTHETIC_RESEARCH_BASED,ML_TRAIN_TEST_DEVELOPMENT_ONLY,PCL literature-informed morphology + FTIR + mechanical latent-quality simulation,TRAIN
SYN_00351,165.04299819350265,25.154183374117856,0.3864617845193433,0.4288311658919137,0.24232645453366933,0.7405000258421235,0.6997967491860037,0.8027488920011144,5.147445472830354,0.9903991227698321,1717.9224053890364,0.9537904571436555,2936.5790795292905,0.7217723323005728,1235.7175526024594,0.6717384317151145,1.4191416480340566,0.587235151792197,0.12706598635213723,0.001213925032881604,0.9344353873720466,16.927087616769775,0.6977031004607243,0.2939642239987677,0.043583045841822786,12.16427852259641,91.359,GOOD,SYNTHETIC_RESEARCH_BASED,ML_TRAIN_TEST_DEVELOPMENT_ONLY,PCL literature-informed morphology + FTIR + mechanical latent-quality simulation,TRAIN
SYN_00352,151.24368488696936,42.37501224318319,0.4409762669155921,0.31439193782105596,0.14870574121691416,0.5926736985377936,0.3384575485967603,0.690007866377939,6.012855162459596,1.9022171686090659,1708.9640777905167,0.8324362912729087,2932.6045951698607,0.6671193364892325,1236.2485128370104,0.6537202811115148,1.023224608478308,0.4120245567324494,0.15798763583548475,0.020417741042144194,0.6750296036365496,12.551009239384669,0.48606474569466884,0.23617819021952552,0.011904751296362998,8.157198014807081,35.69,POOR,SYNTHETIC_RESEARCH_BASED,ML_TRAIN_TEST_DEVELOPMENT_ONLY,PCL literature-informed morphology + FTIR + mechanical latent-quality simulation,TRAIN
SYN_00353,152.9943161185293,27.480274443080706,0.38308474580202734,0.29448877633491316,0.18184140839492927,0.6980209349870533,0.592450544145974,0.7639692599830514,5.972154691494861,1.8285483915829814,1722.1859405038556,1.0310689753230133,2937.4139039833517,0.7943675266224557,1231.8794478394593,0.6443725724900627,1.4490170429858906,0.5087745676060431,0.17583476198347558,0.006582584120498881,0.7192515383699432,8.581754289938237,0.529399245594697,0.2513155608972498,0.030560890272185972,12.88599114489038,65.355,POOR,SYNTHETIC_RESEARCH_BASED,ML_TRAIN_TEST_DEVELOPMENT_ONLY,PCL literature-informed morphology + FTIR + mechanical latent-quality simulation,TRAIN
SYN_00354,136.70718612729888,48.09837754772511,0.2860736016440052,0.43909075036616835,0.2537847818849228,0.7599790555917901,0.7671805090117791,0.8052147758283057,5.0629317396310745,0.954658595443995,1721.2351019424168,0.9692601829940706,2933.7739917879844,0.6666967788291801,1240.0528928435826,0.678901385618217,1.2671008630248808,0.4988325291944271,0.1448198841032919,0.01314415940030246,0.8024652622038911,16.82468314072319,0.6093891843914027,0.311741715605268,0.029871882892236537,10.107275172602177,73.698,GOOD,SYNTHETIC_RESEARCH_BASED,ML_TRAIN_TEST_DEVELOPMENT_ONLY,PCL literature-informed morphology + FTIR + mechanical latent-quality simulation,TRAIN
SYN_00355,163.15768893504094,33.499235132839104,0.3578766369696539,0.3621218355838848,0.2409667943435292,0.7623998289494835,0.7672206704631185,0.7644165836232136,5.080498545434538,1.4746242841970671,1722.5703747030373,1.0395135528027417,2943.0086752103766,0.7016214104347335,1242.2963439144544,0.6401233417878895,1.3142080223648387,0.5621103192996363,0.11907886314572261,0.005564563064344358,0.7481201850950153,19.14026575637264,0.5712292651332744,0.24607588067395686,0.045980002924672074,17.486529700222086,95.705,GOOD,SYNTHETIC_RESEARCH_BASED,ML_TRAIN_TEST_DEVELOPMENT_ONLY,PCL literature-informed morphology + FTIR + mechanical latent-quality simulation,TRAIN
SYN_00356,148.75209995719356,39.41647389695792,0.3198855125470526,0.3769620197824774,0.2394529504269221,0.6598681904069977,0.6761431880071119,0.7999541994906134,5.603410313096294,2.1430148669191054,1722.543196380283,0.962401212067879,2944.020187116659,0.6636946975218386,1232.7033838514185,0.5483156914446802,1.2729508565562566,0.4806882053680796,0.1528677222767055,0.0037903980378749397,0.8159270352338035,15.169146785589112,0.5754326932576059,0.20611322321101538,0.03024763890104838,10.720516939703414,79.009,GOOD,SYNTHETIC_RESEARCH_BASED,ML_TRAIN_TEST_DEVELOPMENT_ONLY,PCL literature-informed morphology + FTIR + mechanical latent-quality simulation,TRAIN
SYN_00357,163.0435241875099,42.69046728021574,0.414678998249449,0.3135928602350167,0.15653124841070198,0.6353655511054709,0.428915216559496,0.7106809091115522,6.484334700642712,2.1393037128774406,1729.1166262947559,0.8223886303781358,2931.9427473039855,0.668589919197472,1234.460804789633,0.5604696884975217,1.0227205559822832,0.36156419148001917,0.1737526918490771,0.01426558238373652,0.5718255211239531,13.095621306062801,0.3594604260835232,0.30309675692016486,0.008838238038503955,9.019924165866868,36.377,POOR,SYNTHETIC_RESEARCH_BASED,ML_TRAIN_TEST_DEVELOPMENT_ONLY,PCL literature-informed morphology + FTIR + mechanical latent-quality simulation,TRAIN
SYN_00358,146.4423884484629,42.36767970008625,0.3126660124633378,0.41576387231114237,0.2305673017513471,0.6987721140977283,0.8288852087498861,0.808352082877188,4.804562461193865,1.406736392754804,1722.3248971671321,1.0160484758042436,2938.047406941831,0.7956037965068932,1240.0617357078181,0.6548343992962444,1.4329862489643448,0.5710275865547159,0.10897474273545285,0.007502506678421381,0.7206929760166978,15.201971985163867,0.6565086367105016,0.20976349428542007,0.029620189397277202,14.413905918991443,90.296,GOOD,SYNTHETIC_RESEARCH_BASED,ML_TRAIN_TEST_DEVELOPMENT_ONLY,PCL literature-informed morphology + FTIR + mechanical latent-quality simulation,TRAIN
SYN_00359,154.99418154115747,34.198832168078674,0.31380605944294193,0.3694680138320372,0.22469142345978452,0.7023029820149617,0.6566728222625319,0.7185891739128281,5.06029506095129,1.7048081395471288,1724.5293098517761,0.8842788457708942,2940.9705007498414,0.5412562864002529,1235.5572174123492,0.5747984226687788,1.441790559820392,0.433991882697404,0.1635321785316335,0.009180993987543346,0.8945141208303192,14.812361906904256,0.46671189119881573,0.317915978148594,0.029723708800153792,9.89971613546535,68.952,POOR,SYNTHETIC_RESEARCH_BASED,ML_TRAIN_TEST_DEVELOPMENT_ONLY,PCL literature-informed morphology + FTIR + mechanical latent-quality simulation,TRAIN
SYN_00360,176.04416176993536,26.388306969520478,0.3537591463726147,0.39296720918669775,0.2389796862862099,0.7071501301778756,0.5695538583672379,0.711499176383219,5.7144142644874645,1.8284911243205242,1728.508605999886,1.0252196634377357,2935.0608734732778,0.6846134925906072,1238.517506180595,0.6131402741756481,1.5339519169755071,0.5587148198406532,0.1535871389545211,0.008450850427745595,0.6103504340070726,15.47139667269774,0.49273882083227166,0.24405177091604086,0.03755227708096916,7.292753801268128,72.016,GOOD,SYNTHETIC_RESEARCH_BASED,ML_TRAIN_TEST_DEVELOPMENT_ONLY,PCL literature-informed morphology + FTIR + mechanical latent-quality simulation,TRAIN
SYN_00361,147.45968555601442,36.44462035732991,0.40868239850569954,0.31301556794815405,0.1367119307769702,0.5765546071316344,0.4542620834573711,0.6597040447952968,5.646979916915107,2.2531283631533334,1730.04229377885,0.929777565943551,2940.405052122514,0.6617178271981815,1249.6968015972802,0.5606007962855288,1.101768088025432,0.43634554286371785,0.17617724339399235,0.01103403682689365,0.567646509408061,12.878592941716956,0.28443987818226296,0.3406459911311057,0.00963214741051621,6.525145654952577,34.602,POOR,SYNTHETIC_RESEARCH_BASED,ML_TRAIN_TEST_DEVELOPMENT_ONLY,PCL literature-informed morphology + FTIR + mechanical latent-quality simulation,TRAIN
SYN_00362,184.03868949702408,33.067722439378635,0.42633013267738784,0.3460257978760831,0.2067085655992601,0.6534871953591325,0.6180209430984883,0.776218447400219,6.591239742690757,1.4481040611229319,1722.1715568026034,0.9699628426291415,2940.0432059445975,0.6429062262579966,1242.349288165665,0.5616736642863214,1.1568910569967772,0.5089812477910869,0.18251848126015294,0.013645609748627949,0.7681988396728004,15.02469787342081,0.47793468446842646,0.23432173059712047,0.02865500934419098,9.87790554395816,62.265,POOR,SYNTHETIC_RESEARCH_BASED,ML_TRAIN_TEST_DEVELOPMENT_ONLY,PCL literature-informed morphology + FTIR + mechanical latent-quality simulation,TRAIN
SYN_00363,143.91454618045032,35.60765596758476,0.37638275290576545,0.38830153952958135,0.20558449963774791,0.7143983851641019,0.6202149888845997,0.7143462606126251,5.920140376187954,1.6604823038795258,1716.3084878931775,0.9755631592826582,2935.076429418067,0.6105828042258769,1241.0910312431922,0.5921110530911584,1.283430503269187,0.5140543346797372,0.17243291454147078,0.0013110529785521586,0.9213349666249316,17.061529828748604,0.7803911640717027,0.3118729942747878,0.03818577777610936,13.612070646390842,82.468,GOOD,SYNTHETIC_RESEARCH_BASED,ML_TRAIN_TEST_DEVELOPMENT_ONLY,PCL literature-informed morphology + FTIR + mechanical latent-quality simulation,TRAIN
SYN_00364,156.6966030348125,39.05332584138867,0.33707130117262357,0.4209417608317065,0.23411348658829081,0.69439573161225,0.6716284839036544,0.7846236071907073,4.93009964824261,1.4368252928392742,1712.4348948971688,0.8028768090259655,2930.0011881345313,0.719544199895136,1245.2678584853775,0.6551710532016689,1.3541862983096573,0.5128801590761585,0.1397567271323253,0.006353029210295626,1.0727816320916954,17.71023424226258,0.6171311813674898,0.23041792707335543,0.04913076826668973,15.448626923082886,93.299,GOOD,SYNTHETIC_RESEARCH_BASED,ML_TRAIN_TEST_DEVELOPMENT_ONLY,PCL literature-informed morphology + FTIR + mechanical latent-quality simulation,TRAIN
SYN_00365,141.667980500397,38.58202064448968,0.46340974638864835,0.30323964905483747,0.18481130310887636,0.6047649252168994,0.35541475415319246,0.6439169969198695,6.584486327549267,1.522735723059085,1727.661147382697,0.7975951057291835,2939.8566984090476,0.7010967394336451,1243.4350981841385,0.6575960583378063,1.1260653042578488,0.3787521757487924,0.21848452946122832,0.01872526770556828,0.6617529463580624,10.463491249547218,0.3607625397608627,0.34976262780549544,0.014080326522444665,6.833528673929148,42.342,POOR,SYNTHETIC_RESEARCH_BASED,ML_TRAIN_TEST_DEVELOPMENT_ONLY,PCL literature-informed morphology + FTIR + mechanical latent-quality simulation,TRAIN
SYN_00366,147.81375625066394,32.28839513134794,0.3441374949923688,0.3914241601165935,0.23791060941500727,0.6964763142545709,0.6471701473274794,0.7440856313110398,6.14346145443504,1.5778580021104276,1722.3375004473562,0.940725227240348,2938.724997644053,0.6961394081494054,1238.0282152595523,0.45408847474756175,1.2980811272902755,0.47745889006780295,0.166781425839406,0.011057016168006478,0.6673081152513713,16.92060455285418,0.6101783231125297,0.2737387145724589,0.030544871213452444,9.208163442885773,80.099,GOOD,SYNTHETIC_RESEARCH_BASED,ML_TRAIN_TEST_DEVELOPMENT_ONLY,PCL literature-informed morphology + FTIR + mechanical latent-quality simulation,TRAIN
SYN_00367,181.42083140540998,48.00058854812437,0.3336919304180547,0.3691803948404028,0.23966904545502407,0.7111329530415216,0.674206959480359,0.785137608719022,5.835121643457733,1.318788578128452,1721.3560798468038,0.9903705545425554,2945.770913057927,0.8793397788249107,1237.61220843933,0.5968130245932912,1.4326068185985856,0.5942234767743818,0.10512352854283974,0.001480020960854383,1.032456009566931,14.80460011703064,0.6163833008594565,0.24632762400907374,0.028973920043419494,13.77426004299345,91.32,GOOD,SYNTHETIC_RESEARCH_BASED,ML_TRAIN_TEST_DEVELOPMENT_ONLY,PCL literature-informed morphology + FTIR + mechanical latent-quality simulation,TRAIN
SYN_00368,158.58936873297122,25.065430151338234,0.31232959953198985,0.42365991201377673,0.228515855659628,0.6781490971900013,0.6406588741659498,0.8173148188497497,5.841052064685967,1.030457033009748,1713.999367584516,0.9356084630271981,2942.789964127098,0.6237160064048701,1244.6003907164084,0.5928461763160932,1.2950314101244391,0.5571822134226376,0.15145421921842864,0.012771681584669533,0.8900164926551243,16.378236490770114,0.6190375824594351,0.2904887816521729,0.0286711245859983,10.643141144411343,83.291,GOOD,SYNTHETIC_RESEARCH_BASED,ML_TRAIN_TEST_DEVELOPMENT_ONLY,PCL literature-informed morphology + FTIR + mechanical latent-quality simulation,TRAIN
SYN_00369,138.47312858843193,39.62646344516026,0.47433230561205186,0.2878359982172039,0.13561186351650203,0.5828791338885659,0.3438755065669208,0.6232669027107183,6.2764904314436265,1.9478151865136673,1724.8401668663505,0.8693166474859513,2940.1990638633947,0.6270598296879839,1241.6599694885474,0.5035834725575684,0.8435075214943389,0.39728289419341134,0.2279637520782769,0.01581683524429197,0.5363479636581076,12.763866156503411,0.3693947191969241,0.3121612584151154,0.018730037610505505,4.989762721093191,25.269,POOR,SYNTHETIC_RESEARCH_BASED,ML_TRAIN_TEST_DEVELOPMENT_ONLY,PCL literature-informed morphology + FTIR + mechanical latent-quality simulation,TRAIN
SYN_00370,148.95779594808104,36.065318168696095,0.4323436485085832,0.3089649318652576,0.16053669583050273,0.6168487387687426,0.47693757122887764,0.7289147683962623,6.519886878666897,1.556310136398925,1718.8417827246915,0.7856746081704358,2950.0816215840646,0.6567522103285739,1235.54010159126,0.6074765577361009,1.1653215131435675,0.4397816871510597,0.18101178409564495,0.018177727446065484,0.6597638777623036,11.735581916907691,0.5624624015455121,0.25421226909114053,0.0294990633080139,8.487193484502635,47.351,POOR,SYNTHETIC_RESEARCH_BASED,ML_TRAIN_TEST_DEVELOPMENT_ONLY,PCL literature-informed morphology + FTIR + mechanical latent-quality simulation,TRAIN
SYN_00371,149.69423188035873,30.14366135271715,0.5094011811419645,0.2856125403363457,0.15453606669452996,0.5714286666472659,0.3953088050688416,0.6451227294519098,6.595140956975544,2.441316538001279,1720.9499125002092,0.917832303682098,2948.0005824001546,0.5866592953419703,1236.0157938084678,0.5264668344897746,1.1566433603434225,0.4356673411305071,0.16886232060023212,0.019297822204465256,0.6254918569034257,11.960348879560263,0.37693374511863587,0.2728511933865364,0.014734045008408025,5.315904968953895,36.172,POOR,SYNTHETIC_RESEARCH_BASED,ML_TRAIN_TEST_DEVELOPMENT_ONLY,PCL literature-informed morphology + FTIR + mechanical latent-quality simulation,TRAIN
SYN_00372,162.3730464531151,36.73259621664016,0.3909577616379764,0.37988306172702474,0.21913563037416697,0.741844693632031,0.684771933097987,0.8510634954021762,6.1041435854740715,1.4214651375549179,1716.884706036041,0.9790261465215179,2938.6428676531914,0.6237372088211606,1240.7258408339842,0.5450677944518951,1.377319701315837,0.49428457080592325,0.1747659845012654,0.014928650545010351,0.9315638672198374,17.18405558788939,0.5886163834513821,0.2558111777636237,0.035040321125071085,12.313571625647205,83.358,GOOD,SYNTHETIC_RESEARCH_BASED,ML_TRAIN_TEST_DEVELOPMENT_ONLY,PCL literature-informed morphology + FTIR + mechanical latent-quality simulation,TRAIN
SYN_00373,138.28189759217804,33.02195936348271,0.4079327112041569,0.3622521640619884,0.17737516561047206,0.5686037127215096,0.33139260150116234,0.6102378282787394,6.4494282357441,1.7573214839565963,1722.3010503079463,0.92185243995676,2941.99668641699,0.6571448650386754,1227.3240844442814,0.5329263152098986,0.925365873353867,0.3877585909268323,0.17642021930541527,0.01425245009892668,0.4825163636375672,9.43609907541469,0.4386692306579226,0.29257967018006426,0.007669604947362552,5.932530099391437,31.285,POOR,SYNTHETIC_RESEARCH_BASED,ML_TRAIN_TEST_DEVELOPMENT_ONLY,PCL literature-informed morphology + FTIR + mechanical latent-quality simulation,TRAIN
SYN_00374,163.5003049321794,32.17058683005294,0.40638506383489187,0.3792205612100974,0.19162002211751633,0.6825078659662809,0.5875943661754344,0.6989090140269862,6.186668880558685,1.4124934246389487,1710.595539374994,0.951119692937719,2939.5633458798643,0.596513007362908,1239.1523988226936,0.5828241777115957,1.3424248195758586,0.5303027351248935,0.14750000701785787,0.016551864286624654,0.7949515825992485,14.865405845692951,0.4212040784256026,0.2627945877088332,0.018396974070645722,9.053647237606441,60.278,POOR,SYNTHETIC_RESEARCH_BASED,ML_TRAIN_TEST_DEVELOPMENT_ONLY,PCL literature-informed morphology + FTIR + mechanical latent-quality simulation,TRAIN
SYN_00375,176.2678153741127,32.53920065642219,0.35488566558241075,0.4220284714566804,0.21195611021425165,0.7104284929773076,0.7330382687076517,0.7310543468402307,5.100698804970882,1.45468894635288,1725.4577119681937,0.871849015845512,2942.85328256788,0.6644572885912132,1233.4838683485862,0.5739096945759549,1.451022536251996,0.5606369070157836,0.15580467769037107,0.011188867368557544,0.8271584364899589,17.661934980925423,0.4577687448945779,0.19495576337199438,0.028639894253048654,10.352887791638235,70.762,GOOD,SYNTHETIC_RESEARCH_BASED,ML_TRAIN_TEST_DEVELOPMENT_ONLY,PCL literature-informed morphology + FTIR + mechanical latent-quality simulation,TRAIN
SYN_00376,153.22691246709795,32.33270948608276,0.35870548253608775,0.31829948796507374,0.20458213390519883,0.6916964886151672,0.5935311542064202,0.6953808146388621,5.941578792747261,1.8249832634110283,1717.5627101198756,0.852903022112425,2934.1556821545946,0.7724795288484336,1240.009127349679,0.5268652988128384,1.2288916261051033,0.5423461461361101,0.11951252380222128,0.008562033067971743,0.8552838044941505,13.855405560107855,0.6051174452078141,0.3403831515837848,0.03453477984484753,11.033341348954737,73.273,GOOD,SYNTHETIC_RESEARCH_BASED,ML_TRAIN_TEST_DEVELOPMENT_ONLY,PCL literature-informed morphology + FTIR + mechanical latent-quality simulation,TRAIN
SYN_00377,111.95426259915575,33.367993767828274,0.44313558528473984,0.31468750218011643,0.15947400982149512,0.5921194914718579,0.33724735474572604,0.6380766429538771,5.370051601606317,1.4792360967999758,1719.4115247911589,0.9285807604455083,2939.4886494505527,0.6082602765212101,1233.6952998030222,0.401026351073103,1.1643324334717862,0.39072308628389996,0.1733398228563111,0.015579097872616856,0.4722411619821528,10.176534942117048,0.4163633296738887,0.36233256478783343,0.008764187977813368,5.692098899625551,27.851,POOR,SYNTHETIC_RESEARCH_BASED,ML_TRAIN_TEST_DEVELOPMENT_ONLY,PCL literature-informed morphology + FTIR + mechanical latent-quality simulation,TRAIN
SYN_00378,159.68677242226536,42.73581794388953,0.4555664235873057,0.2865150330870514,0.16503599039238126,0.577024429903218,0.3937924307992307,0.587274032001371,7.557068808874715,1.6913403267550384,1727.7635717983637,0.7844678502174307,2950.948795539101,0.596825884738903,1244.6117105576748,0.5369291012607768,0.9469836826383796,0.39540414226407045,0.1787105495523749,0.01312091323465841,0.5423375093428083,9.827187549709013,0.42430754141269345,0.36884942345092836,0.015004766630493837,4.166682556563351,28.478,POOR,SYNTHETIC_RESEARCH_BASED,ML_TRAIN_TEST_DEVELOPMENT_ONLY,PCL literature-informed morphology + FTIR + mechanical latent-quality simulation,TRAIN
SYN_00379,151.9538441969889,29.920881461909445,0.32813369861736863,0.3881908636625604,0.215585717569997,0.763228920856267,0.6391640439416503,0.7117893051992334,4.62599511736261,1.2641827735415525,1720.319901741048,1.0246037466297921,2945.4163035939787,0.7561408080371732,1237.9284769929616,0.5445524285611807,1.192256768321444,0.5334897563643615,0.144410719601677,0.003788886073343554,0.7454100865458765,16.111359895085013,0.48155969959544775,0.33135992909288703,0.027399173838568554,9.388561185394268,84.22,GOOD,SYNTHETIC_RESEARCH_BASED,ML_TRAIN_TEST_DEVELOPMENT_ONLY,PCL literature-informed morphology + FTIR + mechanical latent-quality simulation,TRAIN
SYN_00380,173.60587921435243,38.120497192774984,0.35016289659457056,0.3484686071232674,0.20601487893637302,0.7033281940030754,0.5172230010553844,0.6900012599590918,6.950649462712539,1.4786993010951026,1717.4069416148736,0.877663821705078,2946.978723373872,0.6250799016791614,1242.5179486386387,0.6075999214445417,1.338290023837352,0.5250383646696142,0.11972545393856748,0.012279608111928662,1.0662304496993276,18.969956434946262,0.5960902262077793,0.16977220340922938,0.04051202601006152,12.016397394542647,66.015,POOR,SYNTHETIC_RESEARCH_BASED,ML_TRAIN_TEST_DEVELOPMENT_ONLY,PCL literature-informed morphology + FTIR + mechanical latent-quality simulation,TRAIN
SYN_00381,147.94834556519373,40.302762624225686,0.3865743441852832,0.3233795154797683,0.19932879031488723,0.6726604313950049,0.566178888150128,0.7112770789564944,7.0547517360846514,1.368633079863945,1722.110333128181,0.9630092055760133,2949.51854506153,0.6076180556463417,1240.3686660136234,0.6057540079867902,1.209851258025829,0.4654471187173999,0.1685936169197626,0.016044950240818156,0.8599928848216996,13.525018569253536,0.47267794294581633,0.2531224674724278,0.02796215610521903,11.461801522031767,55.002,POOR,SYNTHETIC_RESEARCH_BASED,ML_TRAIN_TEST_DEVELOPMENT_ONLY,PCL literature-informed morphology + FTIR + mechanical latent-quality simulation,TRAIN
SYN_00382,173.58400579004598,38.906100096008004,0.29868375452370705,0.42204640597175425,0.25083831450236604,0.7645025165083835,0.8125708597536541,0.8370600469148706,6.600374675172985,1.3033635186375994,1726.4422948423155,0.9565257971990454,2928.9377525100285,0.629356987044992,1238.8081283790127,0.6097324630062909,1.2280814396693518,0.5660677934102349,0.1558046800238317,0.0062497800796593415,0.8308992310794745,17.859486043963063,0.6576191539585373,0.21748739983582957,0.05390134509718038,11.985751617953381,85.51,GOOD,SYNTHETIC_RESEARCH_BASED,ML_TRAIN_TEST_DEVELOPMENT_ONLY,PCL literature-informed morphology + FTIR + mechanical latent-quality simulation,TRAIN
SYN_00383,158.29076971857134,40.076870731731354,0.38209933868362805,0.3625505636013476,0.18542441607735227,0.6689740102095044,0.5439072586948344,0.7047004717191396,5.679190568222723,1.8106327287203894,1711.5948692977156,0.8756515108368418,2943.488839593413,0.7110943705499798,1243.549503999631,0.6110790202619967,1.2347317317519826,0.4638611490145504,0.1685710159135806,0.008978274071263715,0.6951503736164651,12.46750736809169,0.46407715880357847,0.3748315772716998,0.020095714492031,5.637270669038429,53.296,POOR,SYNTHETIC_RESEARCH_BASED,ML_TRAIN_TEST_DEVELOPMENT_ONLY,PCL literature-informed morphology + FTIR + mechanical latent-quality simulation,TRAIN
SYN_00384,132.3327873479778,26.830682601636116,0.31444981872838046,0.3929525337157396,0.2631237060577126,0.6543369783999187,0.7176770252121851,0.7119528448113831,5.2148076526152884,1.6181249878177326,1729.0097680552794,0.797507950966385,2934.666242220348,0.5412856208827923,1237.1079900720101,0.6092743792814647,1.3267823929539886,0.5536585658359556,0.14754879862753517,0.013778406102638167,0.9111894956593066,17.92180729613449,0.5929115928414294,0.2111920986918469,0.04029631155938822,9.251144311189645,80.162,GOOD,SYNTHETIC_RESEARCH_BASED,ML_TRAIN_TEST_DEVELOPMENT_ONLY,PCL literature-informed morphology + FTIR + mechanical latent-quality simulation,TRAIN
SYN_00385,160.01429759355,54.13739546112688,0.4232900666412132,0.33738127534109275,0.19395767991735718,0.6231289559692064,0.42806661031989574,0.6410294763144028,6.263057829354206,1.2774954712600157,1719.2084274873246,0.9972733748900635,2942.3181317483172,0.5928461450892355,1246.8731216053916,0.5071842952758396,1.0767706116480296,0.4457371121195168,0.1703994209394854,0.011209649717431023,0.6813245915307765,10.54027751435845,0.4676203336741522,0.3711183284021532,0.018301467770128633,8.161294141995642,54.275,POOR,SYNTHETIC_RESEARCH_BASED,ML_TRAIN_TEST_DEVELOPMENT_ONLY,PCL literature-informed morphology + FTIR + mechanical latent-quality simulation,TRAIN
SYN_00386,160.0473313810567,32.20276910453184,0.3931051711819791,0.4191304919082084,0.23084842450175552,0.7537937093378644,0.6976340058331764,0.7407210671862176,5.251225103190349,1.708970654316723,1722.3999526889297,0.974167342154442,2937.1886598786546,0.7279242011591064,1236.0999220032425,0.6156464395117133,1.3907858248261635,0.5725701706308948,0.157656693001062,0.009325351290866367,0.9074693908381068,19.895584168488732,0.6364414531797536,0.24283391702808768,0.04588738373882236,10.831301598065616,88.831,GOOD,SYNTHETIC_RESEARCH_BASED,ML_TRAIN_TEST_DEVELOPMENT_ONLY,PCL literature-informed morphology + FTIR + mechanical latent-quality simulation,TRAIN
SYN_00387,161.1257188868408,34.627999797722715,0.36783221997306054,0.4161481244938413,0.19690737447803242,0.7025250977495904,0.596758354254089,0.7320860274269212,5.647121546343394,1.6977911482484,1726.052277908881,1.0434207488615344,2932.865187733131,0.7614903289267456,1234.5021584023577,0.678048731247802,1.3119936810294743,0.5549983413129543,0.16460467557586883,0.015582842644512502,0.9616783879192184,12.52851672047443,0.5609112719934986,0.20620606318934082,0.04068908874366974,10.460469659601074,79.261,GOOD,SYNTHETIC_RESEARCH_BASED,ML_TRAIN_TEST_DEVELOPMENT_ONLY,PCL literature-informed morphology + FTIR + mechanical latent-quality simulation,TRAIN
SYN_00388,141.1028665364803,41.486324966725874,0.4703288930024892,0.32553643561784007,0.1655395742873526,0.6615751787876931,0.5162688601248009,0.7330632547656861,4.109225968341911,1.5164971979065123,1716.2977129599458,0.9435602624825026,2948.1196780909977,0.6092004606033005,1242.0080875548242,0.5917081163018231,1.2580258684463208,0.3994900639997797,0.1941263174124794,0.016094243202987548,0.780290005808359,13.60959451241529,0.4414977409899653,0.2983126028562121,0.03383133250937802,9.47087357193205,62.186,POOR,SYNTHETIC_RESEARCH_BASED,ML_TRAIN_TEST_DEVELOPMENT_ONLY,PCL literature-informed morphology + FTIR + mechanical latent-quality simulation,TRAIN
SYN_00389,173.94595130617407,33.61013360789991,0.37089729301819335,0.35400957797138977,0.20665373487045405,0.7135095680636727,0.5763626929996207,0.7331770542433478,6.207493406752651,1.3753931762252545,1720.4909830381755,0.9143316594123784,2929.8549349457458,0.6908158585028458,1233.4144826122747,0.41558583296168944,1.185454871767885,0.479116863127379,0.16119804077167374,0.0125485697399055,0.9165544154040446,16.331230314026783,0.5758984145405301,0.25543773552044824,0.03314773106491578,11.369411858065167,71.46,GOOD,SYNTHETIC_RESEARCH_BASED,ML_TRAIN_TEST_DEVELOPMENT_ONLY,PCL literature-informed morphology + FTIR + mechanical latent-quality simulation,TRAIN
SYN_00390,135.61953797453228,34.63735794508396,0.5291046542830186,0.28008525266601536,0.16025970072910387,0.5872393136771977,0.32282848983443946,0.5646884371870536,5.549723409827005,1.9516659943360577,1729.6432371290703,0.7591672869228625,2934.588444493224,0.6732989096020734,1244.522364938332,0.3377464166544983,0.9833212880393389,0.4942817920422996,0.20167229056694563,0.018636548369036648,0.5210996801366269,6.501879006037188,0.3665827298365108,0.3529920406734607,0.010809677863724299,4.253895296824313,28.149,POOR,SYNTHETIC_RESEARCH_BASED,ML_TRAIN_TEST_DEVELOPMENT_ONLY,PCL literature-informed morphology + FTIR + mechanical latent-quality simulation,TRAIN
SYN_00391,154.08550970898045,34.38233018421235,0.3647768910684072,0.38576487377963287,0.2354301883217266,0.7530387822430243,0.6540052840409443,0.7080113199152521,5.00384598218381,1.4596126034758474,1720.2809350563841,0.8755842753339184,2937.4151052076345,0.86567425196251,1240.4970439253418,0.6457248523369854,1.2565081099399,0.5140542647000423,0.11891685761830488,0.0060597714497853975,0.9111435764226796,18.345813960970148,0.7238639380045047,0.26971202974115593,0.04595562687362509,11.28527036468707,83.469,GOOD,SYNTHETIC_RESEARCH_BASED,ML_TRAIN_TEST_DEVELOPMENT_ONLY,PCL literature-informed morphology + FTIR + mechanical latent-quality simulation,TRAIN
SYN_00392,144.07982613876322,37.1506328097537,0.48298932187395915,0.3295497394500628,0.13564816545405256,0.6381909171465895,0.3860574903839395,0.5697460421869737,6.162277680907266,2.569387276544168,1724.944553139766,0.8602093911850188,2934.2921669328302,0.7316262787665793,1235.7808930390406,0.46124651580210263,1.182625325170137,0.4127014021214338,0.17957273079482877,0.013784858690962964,0.5489039300148345,13.671452701589839,0.4163047226037132,0.3060550840421994,0.008829331536520218,6.444134400680896,33.965,POOR,SYNTHETIC_RESEARCH_BASED,ML_TRAIN_TEST_DEVELOPMENT_ONLY,PCL literature-informed morphology + FTIR + mechanical latent-quality simulation,TRAIN
SYN_00393,142.24534028858292,37.39365729799789,0.36393859542875107,0.43130247121633086,0.25563319131763634,0.7548030515382563,0.7137585050320557,0.7942774730619176,6.44465326864344,0.9951777877331975,1722.4556709084825,1.0783871875372733,2939.711284272158,0.6649264886739935,1232.634297933159,0.6205782228005315,1.340497232832135,0.5726297381651703,0.13044703360570234,5.816046516482921e-05,0.9305525799616198,21.40723763953514,0.7268222694959803,0.2287569911398311,0.05246534026917593,12.32299294544141,92.851,GOOD,SYNTHETIC_RESEARCH_BASED,ML_TRAIN_TEST_DEVELOPMENT_ONLY,PCL literature-informed morphology + FTIR + mechanical latent-quality simulation,TRAIN
SYN_00394,157.53169805483427,32.245386608948806,0.2749347896450718,0.41603694036454814,0.2401735007102189,0.7550634784786119,0.77343007197412,0.7939549854639448,5.337204955782796,1.5689322807061767,1725.2449392932965,0.9728442585884975,2939.0266066501345,0.7041612616228069,1231.7164152259502,0.5887111967201105,1.1720961599611412,0.550040923169156,0.1587168459565546,0.005427497591407412,0.9828862026895928,20.930135742893835,0.7970075599990967,0.14808963197949465,0.03794900839250452,13.347576199516183,93.958,GOOD,SYNTHETIC_RESEARCH_BASED,ML_TRAIN_TEST_DEVELOPMENT_ONLY,PCL literature-informed morphology + FTIR + mechanical latent-quality simulation,TRAIN
SYN_00395,135.65659012105058,47.041133346432055,0.3744573185408299,0.404036887441641,0.2545435099290774,0.7333292952319391,0.6125944952418094,0.7706586068864784,5.796017512512393,1.2662277786821348,1720.4864839954644,0.869059300654523,2930.4670067615866,0.6604365761104964,1240.3985422103622,0.5629122611009463,1.3370691566597233,0.5029146270773481,0.16238500526511943,0.007743199091101905,0.8150382564735216,16.304492395641695,0.704019473646767,0.22139664679496648,0.040658079565662995,13.028855147479703,83.078,GOOD,SYNTHETIC_RESEARCH_BASED,ML_TRAIN_TEST_DEVELOPMENT_ONLY,PCL literature-informed morphology + FTIR + mechanical latent-quality simulation,TRAIN
SYN_00396,154.7932278711782,36.142831485217116,0.3718715356183659,0.3692883316179731,0.19294005839823003,0.7076570333390985,0.6052351292561727,0.7641402458707692,6.102616280425236,1.3981354294993011,1719.8912945203665,0.9843848244100943,2941.055192066835,0.6888070821036214,1237.3430352245105,0.5166808416305687,1.4248792015434577,0.5030176636185368,0.16210282239411095,0.012075433849276616,0.8231549482786507,15.90064301925039,0.5444879260801431,0.21719797870540397,0.03792598002719137,11.30837045640602,70.588,GOOD,SYNTHETIC_RESEARCH_BASED,ML_TRAIN_TEST_DEVELOPMENT_ONLY,PCL literature-informed morphology + FTIR + mechanical latent-quality simulation,TRAIN
SYN_00397,148.72292226247407,33.50563404703172,0.39905297834130987,0.34865379212710257,0.20162836230236697,0.6679373526215133,0.5472407815292156,0.7790309442739842,6.258173134547164,1.288447445373671,1712.1880095406807,0.910157021369278,2952.0479754463463,0.6877423520894603,1247.8827608848433,0.5890326980601047,1.2681842672171515,0.5239659390297089,0.1468259786217963,0.005151323023092444,0.7038684079235433,14.999784505985861,0.47740412647203684,0.24383236518998289,0.026412146112935186,8.236875953250962,70.738,GOOD,SYNTHETIC_RESEARCH_BASED,ML_TRAIN_TEST_DEVELOPMENT_ONLY,PCL literature-informed morphology + FTIR + mechanical latent-quality simulation,TRAIN
SYN_00398,124.59242017352537,36.13911161934983,0.4377409618136391,0.3183195009700111,0.1531457921915312,0.5084424900662616,0.3132107980875436,0.568777452287675,6.2329445781920985,2.2375011097358954,1716.4694309828892,0.9541313658455727,2943.1270836301073,0.5874067136862864,1244.7911829818377,0.5403272641061665,1.1248335760715709,0.39228569227048676,0.20542251434673672,0.021003392268958854,0.49404361254447743,7.911440817620527,0.3929058454216334,0.3244594112779669,0.021066552604386432,6.366567348562172,25.029,POOR,SYNTHETIC_RESEARCH_BASED,ML_TRAIN_TEST_DEVELOPMENT_ONLY,PCL literature-informed morphology + FTIR + mechanical latent-quality simulation,TRAIN
SYN_00399,151.64945306713838,40.43771965930291,0.49297685144883974,0.2937849978413642,0.16453937948825456,0.643953658909469,0.4074777934376805,0.6496696734171272,6.079046302858783,2.106271703029503,1709.2543380727848,0.7733025786248113,2954.566656055699,0.6478021596654117,1247.7989396119215,0.5003782267734981,1.2400961739515015,0.44928039585357693,0.2071717736308041,0.01905682369686269,0.6450669516702796,11.705213604781283,0.46613030884127316,0.27584254123030755,0.02378450033830308,5.847593756476644,32.793,POOR,SYNTHETIC_RESEARCH_BASED,ML_TRAIN_TEST_DEVELOPMENT_ONLY,PCL literature-informed morphology + FTIR + mechanical latent-quality simulation,TRAIN
SYN_00400,161.11497632817537,40.8244460660399,0.44458647409709756,0.3798605422101164,0.15967032020590316,0.6377773879331096,0.3211645656149497,0.690649142531045,7.329020504144307,1.4386738506004928,1728.192562692476,0.8554744171092356,2949.0753428706835,0.6761403096348717,1241.456196173538,0.48189009367013247,1.1470128180266514,0.4020056085690773,0.15515658130803292,0.015566809267820836,0.5298566562305348,14.901747074554379,0.5392608505792221,0.31584146843717026,0.004251143722037684,6.827047958551296,46.567,POOR,SYNTHETIC_RESEARCH_BASED,ML_TRAIN_TEST_DEVELOPMENT_ONLY,PCL literature-informed morphology + FTIR + mechanical latent-quality simulation,TRAIN
SYN_00401,138.30946353043205,30.309075924608692,0.46920993976652803,0.2986350195175739,0.16801590698610055,0.5859142092907783,0.3744645607678273,0.6585846475768627,6.3667182238647015,1.814039180834745,1718.5604492333816,0.8700165753576629,2931.7035092694464,0.5644769198032283,1235.4808121608464,0.5388851299487167,1.0981886621072225,0.4559099212797113,0.17604968544327984,0.017979624634175753,0.7500185947196851,11.225866452900775,0.43506833817962115,0.2540188208567907,0.014733605801048629,6.970000807499101,38.919,POOR,SYNTHETIC_RESEARCH_BASED,ML_TRAIN_TEST_DEVELOPMENT_ONLY,PCL literature-informed morphology + FTIR + mechanical latent-quality simulation,TRAIN
SYN_00402,148.4154250782108,38.43724886515691,0.33637150988592807,0.37438940682034905,0.2226092169034341,0.6546889598962583,0.6075508621311548,0.7716738951387629,5.883796183259171,1.177404534025077,1716.7562867982883,1.0372508185754996,2941.535492601766,0.7736551349100927,1241.7593023598388,0.5090469628882213,1.2470687843203323,0.5530073748284021,0.16335163029137598,0.00859328019435744,0.667105610999889,15.264683505402504,0.4657159955971203,0.2533733109265366,0.02656591547612442,9.653579534114641,72.09,GOOD,SYNTHETIC_RESEARCH_BASED,ML_TRAIN_TEST_DEVELOPMENT_ONLY,PCL literature-informed morphology + FTIR + mechanical latent-quality simulation,TRAIN
SYN_00403,168.02300673469762,45.22745692691148,0.3161112979739846,0.4363804760639276,0.23671341143360394,0.7326523824124178,0.6935536856227087,0.7890389245329094,5.412896413765167,0.9847879102680948,1729.196039828009,0.8306590849838769,2927.389424285392,0.6893211079262156,1242.7233740638742,0.5924502242186643,1.2918679239490956,0.5377237993702831,0.14298037153594872,0.011620833327277189,0.8094961881493561,15.162314519109824,0.4976463844466435,0.25510795684231063,0.03677267572078714,8.194343028528785,65.997,POOR,SYNTHETIC_RESEARCH_BASED,ML_TRAIN_TEST_DEVELOPMENT_ONLY,PCL literature-informed morphology + FTIR + mechanical latent-quality simulation,TRAIN
SYN_00404,139.07654403755689,34.5454614437895,0.32041176764229723,0.40881968981984596,0.2765100925047518,0.7309289297181972,0.7560023848848465,0.8331368217259382,4.921888847760158,0.9284812190322227,1720.0682430150264,0.9327285175957796,2940.699068610373,0.7326851030726166,1240.130025530816,0.5521414831564204,1.4799103285261193,0.6028043509971631,0.15484010098275836,-0.001008830924580541,1.0792747622433687,17.25236343266409,0.5855898754023607,0.17303481771755816,0.04269755086672509,10.792161501659027,97.477,GOOD,SYNTHETIC_RESEARCH_BASED,ML_TRAIN_TEST_DEVELOPMENT_ONLY,PCL literature-informed morphology + FTIR + mechanical latent-quality simulation,TRAIN
SYN_00405,167.4731143580059,29.90881213491676,0.318556362736587,0.4120619699947341,0.22049637439986647,0.7488650985425273,0.7939863882529814,0.7561571576771219,3.733614352801786,1.5960549072812094,1723.0127061522319,0.9805245511107418,2942.539903074969,0.6675723988664465,1239.2902558612795,0.6745950679452207,1.2043335723696618,0.6114458524992292,0.13345008511141115,0.005443175507883778,1.0924647447188853,18.301699861032482,0.6495751579605802,0.21367175646363143,0.050959661567359385,17.5,94.057,GOOD,SYNTHETIC_RESEARCH_BASED,ML_TRAIN_TEST_DEVELOPMENT_ONLY,PCL literature-informed morphology + FTIR + mechanical latent-quality simulation,TRAIN
SYN_00406,145.5228382508773,27.551563744721857,0.22660021193959215,0.3813372884069823,0.2672459190234778,0.7552662201939424,0.7783106089085968,0.8120049533742221,4.925990508979067,1.1178721627943502,1720.5677616947783,1.0025992974661688,2938.9366021449173,0.8316682004913254,1234.4347859211757,0.4838662494639897,1.4989676046010687,0.5494110122767791,0.13929018711458463,0.005855165020996802,1.045265931347003,15.677165502049696,0.7521588804051027,0.26422349627805297,0.0505487601182401,17.284417495201268,95.934,GOOD,SYNTHETIC_RESEARCH_BASED,ML_TRAIN_TEST_DEVELOPMENT_ONLY,PCL literature-informed morphology + FTIR + mechanical latent-quality simulation,TRAIN
SYN_00407,153.73383385053927,44.03107715145792,0.3835740672374678,0.43212296418308893,0.2392128900069913,0.7336806158238737,0.7560487547806869,0.7905906284026628,4.494012835612143,1.3297381113906463,1717.10214636781,0.9432162151429703,2944.407360043996,0.8191178230234893,1235.412615946679,0.640805910844286,1.4313777631775784,0.5950084026658358,0.157714430205862,0.010080824225662897,1.0776032219207747,18.378076155397306,0.6622040371673472,0.22729749289054826,0.0357636139511009,10.692386582480593,91.577,GOOD,SYNTHETIC_RESEARCH_BASED,ML_TRAIN_TEST_DEVELOPMENT_ONLY,PCL literature-informed morphology + FTIR + mechanical latent-quality simulation,TRAIN
SYN_00408,144.4690293257154,33.88918252764019,0.4607131233736412,0.281117155148939,0.16333474865104955,0.6440889212920499,0.32239406928155523,0.6470064689630236,5.148234584775087,1.1407320391086282,1724.3067432245423,0.9080135572608748,2948.6500278416142,0.6767272261193844,1233.6598070805142,0.5314346867823547,1.0081225065330308,0.4207849833614202,0.18512671573944048,0.01046692329162471,0.5960866896124077,13.323585363894304,0.31520323215221346,0.28829016740088514,0.02514338004107814,7.372223652232723,39.157,POOR,SYNTHETIC_RESEARCH_BASED,ML_TRAIN_TEST_DEVELOPMENT_ONLY,PCL literature-informed morphology + FTIR + mechanical latent-quality simulation,TRAIN
SYN_00409,148.3393228613305,29.41255148517992,0.3458326716074766,0.4173396327090766,0.2666158469798403,0.7668199584614792,0.7383117140199125,0.8061086184734036,5.497127664236052,1.4432028406535857,1727.7636748371651,0.9825645827307395,2931.2564903778843,0.7017545984752246,1239.8533346675695,0.554471539855163,1.4230131502962862,0.5579667682401198,0.1432395925536749,0.007029703049833762,0.8213974150439577,17.40898117172672,0.6773123244660586,0.23868221424771077,0.03458445513100614,10.650450895626856,95.783,GOOD,SYNTHETIC_RESEARCH_BASED,ML_TRAIN_TEST_DEVELOPMENT_ONLY,PCL literature-informed morphology + FTIR + mechanical latent-quality simulation,TRAIN
SYN_00410,134.75544259250358,39.059331289019894,0.41193281091075457,0.3532090661973721,0.16135591322447485,0.62617123887833,0.3379163244012461,0.7219924694973946,6.806644946200948,1.3431560091015338,1718.6707904690666,0.799112703883699,2931.873104641162,0.5155420308074949,1230.5998589213527,0.5936038144317453,1.0409317809306935,0.5108986692224723,0.163765716741082,0.010531969391702813,0.68344461241851,14.625101049988823,0.4454406415238353,0.302168925810808,0.023708706932521063,7.974340354922765,39.703,POOR,SYNTHETIC_RESEARCH_BASED,ML_TRAIN_TEST_DEVELOPMENT_ONLY,PCL literature-informed morphology + FTIR + mechanical latent-quality simulation,TRAIN
SYN_00411,127.35505682566524,40.35283768471641,0.3949258940678688,0.3064707629689022,0.17498980581235313,0.6657580631539189,0.4679886045235941,0.723411224471351,6.831213300355021,1.9229959278428475,1723.5263045556208,0.8022248914802002,2945.8692913510713,0.6006241441589129,1238.9202756841182,0.5193280330586407,1.0481593335180313,0.404189619843706,0.15860644612842273,0.013647683913214765,0.5881316059650719,12.267122588927997,0.49711412411319844,0.2430352966084458,0.01826583889802204,8.197002436833921,39.098,POOR,SYNTHETIC_RESEARCH_BASED,ML_TRAIN_TEST_DEVELOPMENT_ONLY,PCL literature-informed morphology + FTIR + mechanical latent-quality simulation,TRAIN
SYN_00412,146.92720333930959,33.648213614577045,0.3949344839595735,0.3060387161332473,0.18010447862073786,0.6760258988761196,0.45642663438511766,0.6924460286495161,6.733721141129319,1.457525745258821,1736.8128468134782,0.9997406030777235,2938.936091992596,0.6972481506540221,1244.1250445650874,0.6054770991213767,1.3572196891631356,0.41120583743105005,0.17537823010889544,0.011382976222940946,0.6160352765311351,13.748559839057796,0.5155577394773472,0.25334352090702367,0.02200672697421975,5.78117490327422,36.593,POOR,SYNTHETIC_RESEARCH_BASED,ML_TRAIN_TEST_DEVELOPMENT_ONLY,PCL literature-informed morphology + FTIR + mechanical latent-quality simulation,TRAIN
SYN_00413,175.57585783967315,35.83094082111685,0.3435355743259437,0.401721497615655,0.25064199233734963,0.6853027098374413,0.5949532712906276,0.7819477020858336,6.578876809372929,1.3747418214845282,1725.6206542115665,0.9664152273163307,2945.3030260701867,0.7210742586966805,1242.251557530367,0.4721080580722306,1.3903574684825646,0.5363594740618468,0.1315319529291857,0.0033757153750915833,0.9563733739512909,17.900354002988575,0.7166658015157124,0.17769264146576796,0.041457712752419634,11.718628120664352,76.346,GOOD,SYNTHETIC_RESEARCH_BASED,ML_TRAIN_TEST_DEVELOPMENT_ONLY,PCL literature-informed morphology + FTIR + mechanical latent-quality simulation,TRAIN
SYN_00414,163.66599994643497,17.87671894451872,0.3615641063787933,0.4082165804770855,0.23049415731874306,0.6807853968916195,0.640261354949735,0.713136269596217,6.266238694677996,1.6544412292089712,1720.907101926976,0.8525005787310385,2945.1920402213486,0.6881867260974477,1236.8398596804095,0.6253974903569248,1.3775324762727483,0.4191843605781357,0.15847061518006894,0.013935939543627087,0.6663496667866043,13.917078195672147,0.5224013575300688,0.30002648002573773,0.020163583604243095,7.3317954687816025,58.085,POOR,SYNTHETIC_RESEARCH_BASED,ML_TRAIN_TEST_DEVELOPMENT_ONLY,PCL literature-informed morphology + FTIR + mechanical latent-quality simulation,TRAIN
SYN_00415,175.60956024336906,21.55367025760783,0.3075148218156891,0.3713963284116261,0.25323804089031005,0.6717049812371787,0.6733560680857652,0.8072363262912416,4.6338214724762485,2.1058090035213732,1727.7327876226286,0.9393699125609999,2944.9557046917175,0.6923379110785371,1243.101278627257,0.607263051330431,1.4718965843835412,0.5597836180229541,0.16569537438363924,0.00657191221401748,0.7799081980520296,18.971573060828593,0.6258858669500097,0.26692712047101236,0.02641420875348341,9.991165279417581,82.045,GOOD,SYNTHETIC_RESEARCH_BASED,ML_TRAIN_TEST_DEVELOPMENT_ONLY,PCL literature-informed morphology + FTIR + mechanical latent-quality simulation,TRAIN
SYN_00416,137.94922822566616,26.902563663319107,0.3780164844391525,0.3993352618146429,0.17183194355242792,0.6570232803717191,0.5898747462774833,0.7432318425575284,5.267900639348264,1.574968117753754,1721.4644691367807,0.9963152938564054,2942.387988899003,0.5810717640016319,1241.9762348957356,0.7378554320408437,1.3404931711409052,0.4842097597843674,0.16135240860104788,0.013493938905738129,0.7523846154887845,13.528783959250221,0.5978805567807546,0.2676282382007967,0.02957447865924681,12.119201615681693,62.031,POOR,SYNTHETIC_RESEARCH_BASED,ML_TRAIN_TEST_DEVELOPMENT_ONLY,PCL literature-informed morphology + FTIR + mechanical latent-quality simulation,TRAIN
SYN_00417,165.08863803761696,29.354484084872837,0.34074601209811506,0.38262536751249143,0.1986737165006844,0.700940548901981,0.5124191680514592,0.7593513161964277,5.467550128093792,1.919624874295936,1724.3050054493322,0.9234201350189946,2934.7160689522216,0.7457131894218165,1240.3057699048215,0.6168713635291116,1.318495789837968,0.447324487377076,0.16610645933597148,0.010022680896046262,0.7910543957032867,13.221351064685349,0.5210089874868457,0.26466372429369,0.040684241216664536,11.149253370491028,56.463,POOR,SYNTHETIC_RESEARCH_BASED,ML_TRAIN_TEST_DEVELOPMENT_ONLY,PCL literature-informed morphology + FTIR + mechanical latent-quality simulation,TRAIN
SYN_00418,145.10513381076012,40.865985795994895,0.28272312754995527,0.407790745769909,0.2374785713233739,0.8108252171071814,0.8585043427688032,0.793664045631413,5.052221495949672,1.603905434020735,1720.6528912663116,1.1347289257407098,2951.141727003014,0.8066982660249279,1241.033514840618,0.731890265082164,1.366742349945275,0.5955124450227995,0.10153265708840194,0.0015766195805248552,0.8029087462701159,15.125984349554887,0.6648458825762023,0.2378825030008363,0.025081103235643897,12.623734418774864,90.346,GOOD,SYNTHETIC_RESEARCH_BASED,ML_TRAIN_TEST_DEVELOPMENT_ONLY,PCL literature-informed morphology + FTIR + mechanical latent-quality simulation,TRAIN
SYN_00419,148.8593938461089,45.89915069642948,0.2868009099254563,0.3667774674565905,0.19759412861336892,0.6849429465173638,0.5260515526562779,0.7547500147308448,6.241661721354065,1.7813142101885517,1721.2200830431461,0.8781254093311657,2951.22411956399,0.5824576039491277,1256.4708316521796,0.49669459658273507,1.2077030231655737,0.49290272793950957,0.18848553703814122,0.011679609455609533,0.9563212304378453,17.997457459715058,0.7417477002247626,0.2849569958886858,0.040883016368694215,10.329637602404558,67.737,POOR,SYNTHETIC_RESEARCH_BASED,ML_TRAIN_TEST_DEVELOPMENT_ONLY,PCL literature-informed morphology + FTIR + mechanical latent-quality simulation,TRAIN
SYN_00420,164.82187407051907,31.939899341648015,0.3353293073719433,0.39917923835413294,0.20680691815975494,0.6253923582495164,0.6239035392790673,0.746087713920871,6.307735851284144,1.2807781357672654,1734.9875231298963,0.7939981088639575,2933.0067509624996,0.7387172190583066,1237.557858297259,0.4927709173453776,1.2695362104136683,0.459653225533269,0.18483159098449026,0.011944304479400094,0.908261295117478,13.094096522758942,0.5034715405972907,0.30609606893621055,0.03935167581970254,9.186280065978428,64.083,POOR,SYNTHETIC_RESEARCH_BASED,ML_TRAIN_TEST_DEVELOPMENT_ONLY,PCL literature-informed morphology + FTIR + mechanical latent-quality simulation,TRAIN
SYN_00421,137.810952375603,24.865731954644623,0.33283105174401784,0.39398853674727735,0.22901611422868934,0.7350148078183525,0.8045763143938193,0.8163404733014156,5.37921587845449,1.26955559139318,1725.091149774232,1.0004096146024946,2927.413506347114,0.7060982873621146,1240.8977298993202,0.6366803905084328,1.4011846146830413,0.5710530005833764,0.15116777276497828,-0.0004880970814035452,1.0540151919674543,18.75371681652759,0.85,0.27195040775696805,0.04547501808748609,13.769553109064743,95.137,GOOD,SYNTHETIC_RESEARCH_BASED,ML_TRAIN_TEST_DEVELOPMENT_ONLY,PCL literature-informed morphology + FTIR + mechanical latent-quality simulation,TRAIN
SYN_00422,157.19100592698214,35.48827707740603,0.48615463573684325,0.32464279023774395,0.17706950877368519,0.6069298143878303,0.42194376912092596,0.7076717898379032,6.323563493051232,2.091026010635112,1724.5420967604514,0.7282466936678322,2939.2120401588772,0.5295475763200465,1234.2455364820219,0.5046491492645808,1.0670313796652457,0.3801188411092816,0.19127141795523808,0.014646203764487553,0.622861323496988,13.977388284632752,0.38483388837880367,0.2707285489392965,0.019820034604749015,5.885790475704937,41.013,POOR,SYNTHETIC_RESEARCH_BASED,ML_TRAIN_TEST_DEVELOPMENT_ONLY,PCL literature-informed morphology + FTIR + mechanical latent-quality simulation,TRAIN
SYN_00423,155.69881343336036,31.540646527163524,0.2821842567652648,0.457314469262035,0.25410144049438155,0.7974765337086138,0.7404825359873463,0.7523993552850182,5.09067130656962,1.4338589915858795,1723.240769371434,0.9582108393859478,2941.649943912048,0.5509429100138763,1230.8417262418059,0.5719865599528379,1.5010103181353909,0.5297270409276693,0.18016042750733546,0.00525484487757801,0.9992485050106908,18.33961531718454,0.6283630672784385,0.29189903272431805,0.03533353032349987,11.699977336257735,81.872,GOOD,SYNTHETIC_RESEARCH_BASED,ML_TRAIN_TEST_DEVELOPMENT_ONLY,PCL literature-informed morphology + FTIR + mechanical latent-quality simulation,TRAIN
SYN_00424,115.7331146973998,36.479375894110746,0.4715021100308558,0.2663186999726002,0.15159783968435123,0.5258335960401399,0.38660818001894026,0.6707861135076919,6.8224771801210045,1.9835130723376593,1733.3024563004067,0.8624666195903499,2952.7975669991974,0.5357219264894428,1236.624991333887,0.47288609538532017,1.153732236464354,0.39639201778745986,0.1778618106555823,0.022923438457643885,0.6225115720593655,10.817980241482928,0.48148364472479666,0.2888162529151703,0.016324271970295307,8.110629727796605,27.417,POOR,SYNTHETIC_RESEARCH_BASED,ML_TRAIN_TEST_DEVELOPMENT_ONLY,PCL literature-informed morphology + FTIR + mechanical latent-quality simulation,TRAIN
SYN_00425,157.59771301030216,25.348740798947343,0.3399250063404597,0.40979845368955303,0.24549422281264216,0.7659361052948426,0.606434129288973,0.7883214845290912,4.180802216783517,0.9682279140089729,1718.6114646906096,1.0303090950533236,2933.7063179232487,0.6294622255936606,1242.695319395508,0.6426861980113344,1.3283710118608767,0.5545299850839182,0.1343352821284641,0.0012452692895045018,0.9219800966901512,17.168363206889644,0.5683583227977957,0.23448826933603148,0.046653244142203745,11.420533024599658,96.688,GOOD,SYNTHETIC_RESEARCH_BASED,ML_TRAIN_TEST_DEVELOPMENT_ONLY,PCL literature-informed morphology + FTIR + mechanical latent-quality simulation,TRAIN
SYN_00426,134.3649052465249,35.84035304282748,0.48179045432539014,0.3461730327427166,0.16611703823283366,0.5416664741745512,0.3726095337134856,0.6715559078313146,6.144255354126507,1.9228466283708974,1725.4994024474713,0.9112037068145171,2936.221401040554,0.6926938535462104,1236.2495523139185,0.5475781131495648,1.1411682647524055,0.4226556004725782,0.176048558092446,0.01381152101045394,0.7104703778755977,13.814787738574001,0.38915731616392957,0.27694470725178594,0.018497185578769004,5.680507671607531,48.549,POOR,SYNTHETIC_RESEARCH_BASED,ML_TRAIN_TEST_DEVELOPMENT_ONLY,PCL literature-informed morphology + FTIR + mechanical latent-quality simulation,TRAIN
SYN_00427,142.52820052342028,46.595234425177345,0.3868418018978999,0.3270082981428155,0.15315402086997001,0.5914378684637283,0.45958309825285326,0.6682948263491376,5.979380725074613,1.489892297730096,1723.2176545555237,0.8052533778176214,2942.0057700411326,0.5932044525961085,1243.9794525072684,0.48406768592311966,1.049950996621014,0.4223142782322171,0.17266756306205697,0.017573219658022242,0.611115887941532,11.078606402760741,0.4349131414688437,0.304046908622688,0.025867691123890736,5.64720663813314,33.691,POOR,SYNTHETIC_RESEARCH_BASED,ML_TRAIN_TEST_DEVELOPMENT_ONLY,PCL literature-informed morphology + FTIR + mechanical latent-quality simulation,TRAIN
SYN_00428,142.9037077386883,39.14238397212509,0.3973399984221537,0.36692951595419704,0.2033927291226575,0.6883653401461554,0.5464749332091126,0.7671581839986795,5.930725435941051,1.9049422827497795,1720.1600037196363,0.9597372954640908,2944.0066565448074,0.5679446631114003,1232.8448652558102,0.5179366759036459,1.4845938199924957,0.4963250217039848,0.20125806174247507,0.008232682242969325,0.8728905288296833,15.004318609844976,0.6068952649050456,0.2371746423739478,0.020278778228501507,10.112074857341389,67.687,POOR,SYNTHETIC_RESEARCH_BASED,ML_TRAIN_TEST_DEVELOPMENT_ONLY,PCL literature-informed morphology + FTIR + mechanical latent-quality simulation,TRAIN
SYN_00429,164.14379910922253,41.70896359277486,0.42014458007215044,0.30343889514911737,0.18324002415227708,0.6486401145779985,0.36936612376939926,0.6420900766096426,6.6547509605441855,1.8930631770430295,1715.130284029376,0.8520839690989467,2932.459810651583,0.5672539679164822,1242.7181847010206,0.5430019224081868,1.2048011971386265,0.3957112696077417,0.1642158058871115,0.020059807687343365,0.4199176913167981,11.761927886203388,0.38176270123915423,0.24489206809322953,0.009218875787750585,5.577558844804191,36.308,POOR,SYNTHETIC_RESEARCH_BASED,ML_TRAIN_TEST_DEVELOPMENT_ONLY,PCL literature-informed morphology + FTIR + mechanical latent-quality simulation,TRAIN
SYN_00430,132.45462841830238,50.454262183097526,0.37433292497129433,0.3213757575474339,0.16336247084743472,0.6417891121172642,0.40635455757916095,0.6986110942411513,7.050152107788476,1.6073993300394853,1721.059717950214,0.76643073693455,2943.9747662010514,0.633437432667111,1241.7049860572986,0.5111203647498886,1.2190712784086382,0.5257646203047391,0.15552509119367558,0.008416369187717578,0.6731299125572408,14.720078186942786,0.399065572651518,0.2765144776167618,0.03652738011511082,7.812588936126554,54.487,POOR,SYNTHETIC_RESEARCH_BASED,ML_TRAIN_TEST_DEVELOPMENT_ONLY,PCL literature-informed morphology + FTIR + mechanical latent-quality simulation,TRAIN
SYN_00431,147.31251044207536,29.894937224401474,0.3410105499885264,0.3971353137073161,0.26444004250623243,0.8550274422254489,0.7313869011443338,0.7663574524775832,5.415979833339044,0.9681231379901653,1723.152886361007,0.9757952134746499,2944.759143119441,0.817684271329258,1241.9415178516072,0.6147308201941295,1.2789808972479182,0.5830633172025224,0.1457923211316314,0.0011047172903167705,0.9451746045903417,16.772176110646456,0.6102608297584299,0.24938565367342572,0.041555140208374,12.798604033810207,92.154,GOOD,SYNTHETIC_RESEARCH_BASED,ML_TRAIN_TEST_DEVELOPMENT_ONLY,PCL literature-informed morphology + FTIR + mechanical latent-quality simulation,TRAIN
SYN_00432,157.7529558297439,41.68892853683983,0.3931942816273132,0.39129228964591806,0.22027854217825285,0.6497987829287443,0.5213450384579849,0.7305528859371002,5.223187052784542,1.6214661928173284,1714.9556777351256,0.938142665807452,2934.7754800547095,0.6607821247245653,1234.7568477241014,0.6331484294350606,1.3075265531173148,0.5120948554925083,0.12751848893966108,0.008068381100599998,0.8976763124498383,17.67179600315947,0.5937490847149185,0.21141091664264358,0.030450147399066554,11.495604988820304,79.416,GOOD,SYNTHETIC_RESEARCH_BASED,ML_TRAIN_TEST_DEVELOPMENT_ONLY,PCL literature-informed morphology + FTIR + mechanical latent-quality simulation,TRAIN
SYN_00433,182.187465939594,37.70322047411023,0.3524785197241437,0.36171117760064164,0.17514654972300114,0.6067335442688602,0.6046761397292939,0.7058106585980755,5.954034166651745,1.3223241445277505,1723.3365993829564,0.8513963518513581,2942.8527472132355,0.7384714966020521,1236.7143002990683,0.6322428125805793,1.285822832738404,0.5656618760011468,0.13432627714568776,0.00639069679047166,0.9153795399629434,13.994394710122288,0.33838516588688017,0.2066570814761135,0.026763863675913824,9.652137967669868,73.122,GOOD,SYNTHETIC_RESEARCH_BASED,ML_TRAIN_TEST_DEVELOPMENT_ONLY,PCL literature-informed morphology + FTIR + mechanical latent-quality simulation,TRAIN
SYN_00434,150.04104789308815,32.874301744149605,0.3278421623957911,0.3361882310749842,0.1812116827400727,0.6899172771519159,0.47440312347188907,0.6886265369667606,6.882931198790077,1.7446300333127591,1713.500080606904,0.7975939813736712,2942.130369712023,0.6819691129747363,1236.7401950949006,0.5458913625831923,1.1979160625702021,0.5207524649425814,0.1518064400651625,0.010925223110470315,0.6995073209781841,15.043625164402782,0.5527512722614804,0.2606638734950141,0.03223199824188386,10.893014805983633,67.603,POOR,SYNTHETIC_RESEARCH_BASED,ML_TRAIN_TEST_DEVELOPMENT_ONLY,PCL literature-informed morphology + FTIR + mechanical latent-quality simulation,TRAIN
SYN_00435,163.28130966175866,45.60735316978209,0.3641743715287253,0.4134272302707203,0.21525324206443017,0.712523635861791,0.6940411244171333,0.8229208343704335,5.389960947704029,1.3870477592993662,1725.6664135306492,0.8794465429390952,2940.269487748942,0.6838520466673547,1241.8877928554198,0.5418944709669609,1.3393987633947837,0.5272468925766711,0.15377673766755878,0.009175292993292462,0.7688497060577195,14.766744498214786,0.5974361327529093,0.2802091727195387,0.038102603536398924,8.385576273348073,74.062,GOOD,SYNTHETIC_RESEARCH_BASED,ML_TRAIN_TEST_DEVELOPMENT_ONLY,PCL literature-informed morphology + FTIR + mechanical latent-quality simulation,TRAIN
SYN_00436,156.25924762039762,29.78545821836301,0.41165838852694986,0.337520555966753,0.16546839742114175,0.6071205383195678,0.3743600433186789,0.7141276335887461,6.740523802764462,2.067804214110731,1718.5095622698411,1.0030067144779788,2939.0365530875124,0.5566175586163671,1246.001737872936,0.5444950391096007,1.1860817562441672,0.4877594338692793,0.15160572781930282,0.01734712518028545,0.6569444270423936,12.697868191607526,0.44988952629113943,0.354371891029795,0.02881190504509891,6.91233506591944,41.623,POOR,SYNTHETIC_RESEARCH_BASED,ML_TRAIN_TEST_DEVELOPMENT_ONLY,PCL literature-informed morphology + FTIR + mechanical latent-quality simulation,TRAIN
SYN_00437,149.02539617052963,46.00850366037841,0.36499404945662733,0.35084918747363636,0.207430580496682,0.6253101055795356,0.5185306919415354,0.624260823651459,7.141763217475526,1.6925554323517242,1724.2484987457676,0.919443599365315,2944.685523988658,0.6809620998531037,1239.3313886102762,0.5494930950841951,1.1320506624102529,0.47518036479459014,0.15649030136842657,0.00741165176587521,0.8281640517846356,10.788186341609183,0.5378614217135357,0.1786287831384618,0.026906445147065926,8.775292572765006,56.266,POOR,SYNTHETIC_RESEARCH_BASED,ML_TRAIN_TEST_DEVELOPMENT_ONLY,PCL literature-informed morphology + FTIR + mechanical latent-quality simulation,TRAIN
SYN_00438,128.19839723132765,32.1907045157416,0.42880166099181183,0.336265083545325,0.1761691416153101,0.646543221293208,0.3151394927774951,0.6462240771075021,7.678892090648105,1.7096316819645043,1718.7612836805172,0.7697408261717997,2946.229790901098,0.5908681865886001,1244.8709892025547,0.5064717649873307,1.0333765234610308,0.36922468001452746,0.18198112297551783,0.018120670655190654,0.6346404932469036,11.3306636368638,0.35165413334804724,0.27468094393793707,0.013806116851881734,5.490280130294383,29.542,POOR,SYNTHETIC_RESEARCH_BASED,ML_TRAIN_TEST_DEVELOPMENT_ONLY,PCL literature-informed morphology + FTIR + mechanical latent-quality simulation,TRAIN
SYN_00439,145.03889310186221,38.48404381544419,0.5245277246457698,0.2919967186893081,0.15391994579298798,0.6150680117673228,0.3150679092460305,0.6379742502731953,6.941817685271514,1.972995309167395,1730.589357986895,0.9014366988045096,2939.7161884434017,0.6766220137861321,1236.1083303651455,0.4349710050500546,1.1578112936002145,0.42169196474953086,0.1911150007970031,0.010147716893616734,0.43148730791647405,12.428592574451041,0.34097755554037495,0.1723313659769982,0.016027671914448635,5.207481098386024,35.008,POOR,SYNTHETIC_RESEARCH_BASED,ML_TRAIN_TEST_DEVELOPMENT_ONLY,PCL literature-informed morphology + FTIR + mechanical latent-quality simulation,TRAIN
SYN_00440,148.5316915245301,35.48396272177215,0.4107417071466667,0.3676107379995628,0.21633638861492027,0.6787623051783589,0.5459272326914816,0.6825762090846632,6.200521653266813,1.7864094107692698,1729.7297009197794,0.7843616523618693,2934.6550382768087,0.7254032152516974,1252.0678018546005,0.5464956559111391,1.2142174113898148,0.5346772921926408,0.1598219275326091,0.01016319060244947,0.7190515523264341,15.447733230096757,0.45538034466222405,0.270460158378709,0.03462048580831021,10.987076158195332,67.588,POOR,SYNTHETIC_RESEARCH_BASED,ML_TRAIN_TEST_DEVELOPMENT_ONLY,PCL literature-informed morphology + FTIR + mechanical latent-quality simulation,TRAIN
SYN_00441,161.75539123820246,20.49860324820807,0.30180704379219564,0.4481643614142201,0.27008276763429534,0.7670921847972036,0.6840784939130731,0.7888935414272893,5.075859637085299,1.248399716353484,1721.2644695084402,0.9335755179982064,2939.8700400582043,0.6967326461219949,1241.8147821405635,0.6183000470838258,1.3752497484713841,0.5265530795386903,0.14971457202057914,0.0023401539299495663,0.8073347075645668,15.810630946444814,0.5512929565665088,0.2550972058314273,0.03833496132579704,11.190069755043519,94.462,GOOD,SYNTHETIC_RESEARCH_BASED,ML_TRAIN_TEST_DEVELOPMENT_ONLY,PCL literature-informed morphology + FTIR + mechanical latent-quality simulation,TRAIN
SYN_00442,142.65455177305952,47.89268110458422,0.39064668937513475,0.3045037157047695,0.16986430874791442,0.5940171656022967,0.5443417374562555,0.6527324765713379,6.484885451525855,1.5957298193892933,1716.666080531952,0.8648050945822074,2944.4468842723,0.6266853563860716,1237.50801287122,0.5874874639197638,1.2351478935458196,0.45937674007210194,0.18800595424287758,0.009959662219689674,0.6572622611877663,13.99405507706885,0.4617444212673399,0.2031262065416605,0.028032906954539707,8.001504590014179,44.947,POOR,SYNTHETIC_RESEARCH_BASED,ML_TRAIN_TEST_DEVELOPMENT_ONLY,PCL literature-informed morphology + FTIR + mechanical latent-quality simulation,TRAIN
SYN_00443,145.24192670429613,38.17424252795849,0.36090749362712893,0.3807136754667463,0.21891538342657246,0.6912671126752348,0.7195721723744588,0.7565803121278825,5.391235976183381,1.7801989401373643,1719.194923072255,0.9798276471620757,2934.244858925479,0.7743121729428761,1233.196099211859,0.7200127017089883,1.4353868930625946,0.5319017132329312,0.133651038691686,0.010025588364947087,1.0360065474786084,10.882452878760422,0.48854394019077185,0.2559148023936513,0.025710745278918794,12.049324354702946,86.274,GOOD,SYNTHETIC_RESEARCH_BASED,ML_TRAIN_TEST_DEVELOPMENT_ONLY,PCL literature-informed morphology + FTIR + mechanical latent-quality simulation,TRAIN
SYN_00444,153.35305172054495,35.248140013438416,0.42314964963163515,0.347322594448946,0.19512393387571203,0.5980404667279483,0.5967336687079066,0.6400040906201155,6.586536655681705,1.879510479718956,1717.2559554845413,0.8810434858884499,2936.297511447922,0.5555274076189065,1244.6142037977488,0.6003727939024646,1.2337327634574302,0.4780324687414249,0.1642425138861638,0.014144967004752628,0.5901606941841055,13.885247753586782,0.43239539530216853,0.24323528301313588,0.021490928605113466,8.059685031963427,46.788,POOR,SYNTHETIC_RESEARCH_BASED,ML_TRAIN_TEST_DEVELOPMENT_ONLY,PCL literature-informed morphology + FTIR + mechanical latent-quality simulation,TRAIN
SYN_00445,131.324312285362,31.717677885332566,0.41626501716229675,0.3880922727547843,0.16960795507721868,0.625064531120271,0.5035280042485746,0.7235188232180157,6.89203420473686,2.0069194367221175,1727.6692520073673,0.8797695175098263,2942.923662950736,0.6306936224493809,1249.233059947864,0.5577770544122962,1.1942933189659455,0.5075818358673535,0.14852631937234534,0.010134440249173989,0.7623625445077149,15.33471695603015,0.4788234324267437,0.3301546039123336,0.024236522385091174,7.3314964576551835,52.635,POOR,SYNTHETIC_RESEARCH_BASED,ML_TRAIN_TEST_DEVELOPMENT_ONLY,PCL literature-informed morphology + FTIR + mechanical latent-quality simulation,TRAIN
SYN_00446,165.4201569409674,35.83404161452632,0.45261737333117263,0.3199214510999554,0.1670591618727919,0.6136379477930965,0.3928805172785921,0.640852913705308,7.022339273242189,1.4563671255975295,1726.8822033188387,0.7866013068905404,2935.2742322504187,0.5944498425663919,1245.9992648439645,0.49821453924267306,1.0060932968886247,0.3428217965317002,0.1964126287527863,0.014926584313575696,0.7677339054062727,9.413476863186721,0.4216229159592391,0.2931010254556169,0.011121522792052687,7.904316430990729,36.014,POOR,SYNTHETIC_RESEARCH_BASED,ML_TRAIN_TEST_DEVELOPMENT_ONLY,PCL literature-informed morphology + FTIR + mechanical latent-quality simulation,TRAIN
SYN_00447,176.61552390343758,34.018153245222194,0.36415563988155547,0.4102330212980668,0.20781772965407824,0.7563343259431542,0.6380610170019565,0.726929112351752,4.596558229379893,1.7206860045576433,1724.0568590089206,0.8715057572044727,2940.5033306338214,0.8212102351661331,1240.5407461060806,0.6861881395728897,1.2855181420148287,0.5058966863518559,0.1640298987069682,0.008341171961272972,0.6011270109583042,17.196589442195062,0.4921485093166606,0.18939861185860307,0.03693325868961322,8.783335476805465,81.793,GOOD,SYNTHETIC_RESEARCH_BASED,ML_TRAIN_TEST_DEVELOPMENT_ONLY,PCL literature-informed morphology + FTIR + mechanical latent-quality simulation,TRAIN
SYN_00448,131.37974211775375,35.22066176826572,0.2974104669622632,0.3800661393803914,0.2468685572849783,0.7103656999024502,0.6817145962781878,0.7623100010159863,6.287962329421295,1.328803386203558,1721.967462680983,0.832741726886619,2932.3978920217387,0.6600742237149031,1242.8141019478521,0.5444085008480606,1.2214515347061872,0.40362031631835915,0.17649333904382772,0.007379476858365888,1.1124667875732206,15.10437428204677,0.5592764906698873,0.2963402167908029,0.0384174317642148,12.986087103777617,74.598,GOOD,SYNTHETIC_RESEARCH_BASED,ML_TRAIN_TEST_DEVELOPMENT_ONLY,PCL literature-informed morphology + FTIR + mechanical latent-quality simulation,TRAIN
SYN_00449,147.97519044070378,29.899372965933875,0.36277932033910804,0.370707132254737,0.24987875864079515,0.7304382652063439,0.8085638900931802,0.8092092269247828,5.39890075030912,1.4242266411389184,1717.997726797113,0.8690314219341599,2942.955194043547,0.6296526383719908,1240.1378778081091,0.5182031729863107,1.3677057435187157,0.484681198809992,0.147633166823534,0.016145166825724866,0.8755568889472465,15.77591266449558,0.620900675306854,0.29759378263908254,0.034643177838421246,15.242871422231403,85.437,GOOD,SYNTHETIC_RESEARCH_BASED,ML_TRAIN_TEST_DEVELOPMENT_ONLY,PCL literature-informed morphology + FTIR + mechanical latent-quality simulation,TRAIN
SYN_00450,135.406985835341,38.6197153078154,0.3278313929656321,0.4296783469935315,0.2555257621142836,0.8060037249630636,0.6217336771782914,0.7969800006509771,4.8206241596969255,1.1619244266559747,1719.1953539301887,0.8788848298032461,2940.722814480001,0.7523361001914727,1241.9381647592581,0.6782054437568008,1.563710820449631,0.5938046933851294,0.10867537101970595,-0.002044813389437119,0.979915900898707,18.600541403896603,0.6003235596353078,0.22479559168410035,0.04321724386712661,16.232012305382682,97.575,GOOD,SYNTHETIC_RESEARCH_BASED,ML_TRAIN_TEST_DEVELOPMENT_ONLY,PCL literature-informed morphology + FTIR + mechanical latent-quality simulation,TRAIN
SYN_00451,156.8666922083331,32.45871494853313,0.35106169259325687,0.3935496660673275,0.22923966317482827,0.683791790365049,0.5470270463144778,0.6618003302232228,6.18832077898713,1.7208245596935736,1717.5555189314841,0.7950854951721971,2937.484417995103,0.6792726914840779,1247.5566838350946,0.5170257806475835,1.3599374710264212,0.5080099491931908,0.17472032057728276,0.01680818718129786,0.877743004259329,15.071422290785023,0.5516455333050542,0.21391998282844016,0.03220314024943821,8.136935939406778,67.532,POOR,SYNTHETIC_RESEARCH_BASED,ML_TRAIN_TEST_DEVELOPMENT_ONLY,PCL literature-informed morphology + FTIR + mechanical latent-quality simulation,TRAIN
SYN_00452,152.5461520662122,43.06277935976529,0.2531616851727249,0.42104541495891884,0.2826370734907512,0.6885106657628659,0.7103978840915474,0.8014652008276439,5.8528272390739655,0.7525129385626654,1721.3823413211865,0.9526858100837664,2942.5831477425545,0.7122837932652367,1243.9477345622483,0.7551137868521021,1.2677913667725733,0.5320267415871409,0.1444234879634909,0.00680691652294417,0.9342412111648556,17.049884946234585,0.6725050095051707,0.20154721688072977,0.042419751461424245,17.5,96.362,GOOD,SYNTHETIC_RESEARCH_BASED,ML_TRAIN_TEST_DEVELOPMENT_ONLY,PCL literature-informed morphology + FTIR + mechanical latent-quality simulation,TRAIN
SYN_00453,150.26399404169618,31.03307640237653,0.3422947946635268,0.3943826075996103,0.2207150230752954,0.7026196193791779,0.7268703441470794,0.7607946105957148,3.851726799684215,1.570458599119637,1719.4262939016903,0.8956631582592721,2943.751749611287,0.6043779423147135,1244.4530417124495,0.6579055911740104,1.2934671055221418,0.5493460921507738,0.1379033737387007,0.006190460147338475,0.9757242986231157,17.758346169190894,0.6818842424637687,0.2859490806963435,0.03831151987568612,13.535933860588836,95.29,GOOD,SYNTHETIC_RESEARCH_BASED,ML_TRAIN_TEST_DEVELOPMENT_ONLY,PCL literature-informed morphology + FTIR + mechanical latent-quality simulation,TRAIN
SYN_00454,138.88766972448016,29.285017494746516,0.3533384921640005,0.39132017301212274,0.21679666310087564,0.6567133177098651,0.5409183933830074,0.748547849157558,5.664908186948961,1.1564824395169835,1724.2450573610909,0.9295212828087485,2938.3805753669812,0.5935785997213017,1241.863657163108,0.5252460222216504,1.2980155491233747,0.47225952654452485,0.18380948329624597,0.009916269275129267,0.9053122559025599,14.94542402364798,0.581859911667446,0.17575306655156867,0.01870425000999255,10.759757433173561,76.046,GOOD,SYNTHETIC_RESEARCH_BASED,ML_TRAIN_TEST_DEVELOPMENT_ONLY,PCL literature-informed morphology + FTIR + mechanical latent-quality simulation,TRAIN
SYN_00455,176.2902184444676,48.868197635243476,0.42522142575270677,0.3777812526231863,0.21643647404921504,0.6397717975600846,0.5092808638499954,0.6984806294624368,6.63650379335437,1.3509258290540394,1723.7831533724643,1.0562323375793885,2948.9455714290384,0.6727909330846346,1234.6413135173757,0.4767161133262783,1.3229759379532853,0.46270515559099396,0.16530980297007855,0.011910857246256505,0.7761212043032322,18.607827046007667,0.5415033615997541,0.3100658908049847,0.03081440639081671,11.655997881405035,62.078,POOR,SYNTHETIC_RESEARCH_BASED,ML_TRAIN_TEST_DEVELOPMENT_ONLY,PCL literature-informed morphology + FTIR + mechanical latent-quality simulation,TRAIN
SYN_00456,179.72100714194005,37.79069784373204,0.3323162368806143,0.34350169983522266,0.21439581870653665,0.707851625737547,0.5248912373226897,0.7698244549171417,5.38243077289028,1.718788896165593,1715.8261084561243,0.8696645078847313,2941.2040826889056,0.7268902639797841,1241.2678833359269,0.6044024118256259,1.2911344002668665,0.5313432290104676,0.15307837040333963,0.0021014053587476373,0.9036540297079799,18.730124554610068,0.5762789777055469,0.2569988597945075,0.03155774143062372,11.223665133113009,85.893,GOOD,SYNTHETIC_RESEARCH_BASED,ML_TRAIN_TEST_DEVELOPMENT_ONLY,PCL literature-informed morphology + FTIR + mechanical latent-quality simulation,TRAIN
SYN_00457,153.21744741099607,40.64497977200236,0.3223919003108901,0.4011260863215516,0.22032916482212653,0.7108700868425383,0.5748588692316716,0.7794545856529677,7.208067954995238,1.4441216832401018,1720.7724957506912,0.8607206250932157,2943.247762502664,0.712509519041602,1235.396109910759,0.5145326118239174,1.0187674391692219,0.5506723618723074,0.18182031765382867,0.007357215596028312,0.885778385789796,17.660755631014528,0.6414712010834942,0.29703841510879464,0.03936644731955836,13.236854971444089,76.778,GOOD,SYNTHETIC_RESEARCH_BASED,ML_TRAIN_TEST_DEVELOPMENT_ONLY,PCL literature-informed morphology + FTIR + mechanical latent-quality simulation,TRAIN
SYN_00458,162.0988423443016,26.95669000773027,0.3867022934103764,0.39316616631334583,0.24115756559298512,0.6695250665072012,0.623642923437794,0.7651148439084869,5.545291619420134,1.2980862166989027,1718.391447061301,1.0949838554292526,2933.746892209887,0.7476044826313726,1238.6260883811444,0.6443214381609361,1.5161223269704216,0.5425433948373343,0.12366979785680443,-0.002232729851024004,0.8703222771054789,15.92891461119893,0.5599743795560557,0.3071169373933381,0.03334490714088646,11.302105402341628,84.198,GOOD,SYNTHETIC_RESEARCH_BASED,ML_TRAIN_TEST_DEVELOPMENT_ONLY,PCL literature-informed morphology + FTIR + mechanical latent-quality simulation,TRAIN
SYN_00459,143.53342142307326,28.2165763933334,0.3744911922122146,0.3976280557859145,0.22055650614546152,0.7034128622573028,0.5834344482096402,0.7718486868905817,6.156311980876384,1.6314273502177692,1716.1185243653529,0.9578517892172187,2935.017643410479,0.6711768356240115,1236.8555451166499,0.5946292099752655,1.3250916340967498,0.5555623385342143,0.1494615923312756,0.00018414401901899538,1.0276760796137412,17.017940606576794,0.5005981949516881,0.2398466940323258,0.032579690792167104,11.191233965203512,75.332,GOOD,SYNTHETIC_RESEARCH_BASED,ML_TRAIN_TEST_DEVELOPMENT_ONLY,PCL literature-informed morphology + FTIR + mechanical latent-quality simulation,TRAIN
SYN_00460,146.82847821755564,46.71803003534891,0.3995975608014235,0.345202959732155,0.22866912327789032,0.6756550834145475,0.5953996392419837,0.6936064354195147,5.964646137150591,0.8827539412231511,1725.089758744232,0.8864389310717316,2939.2383704807044,0.6916377712659487,1237.0369647517737,0.601079382621475,1.3594857097738322,0.5410619075499433,0.15097662419290497,0.003960530264938082,0.828471517735571,17.64268491630872,0.650631703327714,0.24963437992811185,0.0270204900784767,12.628521363300154,78.703,GOOD,SYNTHETIC_RESEARCH_BASED,ML_TRAIN_TEST_DEVELOPMENT_ONLY,PCL literature-informed morphology + FTIR + mechanical latent-quality simulation,TRAIN
SYN_00461,128.3179063415331,37.62153375757141,0.396779345912792,0.394564823639436,0.1794062707742256,0.7019748821273127,0.5164746996093864,0.7519732950393071,5.935200386446396,1.5916646799024692,1716.4547272020297,1.0188833026445883,2955.9338250337114,0.6503107118756649,1243.291101001586,0.5368334391004554,1.2226311213214796,0.4536301969431968,0.1875590674804802,0.007732962500319772,0.6502366227998494,16.774384700903962,0.5386194562410104,0.3102615431238494,0.02373877664919236,9.33010937983741,66.481,POOR,SYNTHETIC_RESEARCH_BASED,ML_TRAIN_TEST_DEVELOPMENT_ONLY,PCL literature-informed morphology + FTIR + mechanical latent-quality simulation,TRAIN
SYN_00462,141.5121577907378,38.762933560335206,0.42293458471394246,0.29590139202727744,0.19178540826996662,0.5914431430554912,0.4947407059538357,0.7035694877714301,6.372241018926718,2.0006367676200485,1713.2365459380576,0.8633421823231484,2945.7869882625773,0.649379925085732,1246.2858375387357,0.5625580174563719,1.3072871194619506,0.5007693372334218,0.1360946828591021,0.012593816242933412,0.8669106441338671,15.390094762196153,0.5144031307572271,0.29306264633173823,0.025730332701955363,9.514477817103181,64.417,POOR,SYNTHETIC_RESEARCH_BASED,ML_TRAIN_TEST_DEVELOPMENT_ONLY,PCL literature-informed morphology + FTIR + mechanical latent-quality simulation,TRAIN
SYN_00463,118.87640605207993,44.372527273582484,0.3709558750621214,0.3475622458714141,0.1604101547623767,0.5838604570160097,0.3478970973849449,0.6957380796354572,7.61765606975756,1.806453271994015,1727.7052160552557,0.8903185580703512,2940.7663802129346,0.6481490351950833,1238.4354100238168,0.5436619410217159,1.0435741331038981,0.37529433902189185,0.18040376900829916,0.013270368761451467,0.6958994900276395,8.556738874618672,0.25158766293925966,0.31629952325227795,0.007574776895255243,8.386304539403415,30.333,POOR,SYNTHETIC_RESEARCH_BASED,ML_TRAIN_TEST_DEVELOPMENT_ONLY,PCL literature-informed morphology + FTIR + mechanical latent-quality simulation,TRAIN
SYN_00464,131.78823851184742,30.779240297779754,0.41216697048750245,0.3610843160906261,0.21085040477035735,0.5652573747878913,0.45446946057892945,0.6266682585402654,4.533153187604261,1.7161566017369876,1724.4367200156673,0.9118376843732385,2940.127413378638,0.6952898380364682,1254.245170310767,0.50320196303883,1.1840201251554252,0.4512509492318208,0.13892695364002866,0.013688835448823683,0.7050340768882634,12.897360191259308,0.3828792766821536,0.3165267786148889,0.027969544966682615,6.50349436258818,43.601,POOR,SYNTHETIC_RESEARCH_BASED,ML_TRAIN_TEST_DEVELOPMENT_ONLY,PCL literature-informed morphology + FTIR + mechanical latent-quality simulation,TRAIN
SYN_00465,166.16156501716034,33.08211350988148,0.2870256542546396,0.35949605551522956,0.20918386232926514,0.6542272549323137,0.5437446170083527,0.7554221785349171,7.275533236677742,1.7920084275437234,1720.1141357661177,0.8322441220574859,2944.216428901593,0.7083200272211884,1242.512922561101,0.5923563913426917,1.1979010593867598,0.45713810120425,0.17776039562342386,0.007534913111360222,0.8079760717596739,16.059439272310666,0.5422770148217717,0.31897087562639614,0.03866099438351201,10.440862327752694,57.963,POOR,SYNTHETIC_RESEARCH_BASED,ML_TRAIN_TEST_DEVELOPMENT_ONLY,PCL literature-informed morphology + FTIR + mechanical latent-quality simulation,TRAIN
SYN_00466,137.96955518803347,32.82744476953132,0.39434077544019963,0.31996997323751497,0.24192273112201929,0.7291095131796694,0.6591348367472996,0.7749406405428081,5.6730665114132295,1.3562755896907632,1726.7968843564595,1.0168930459842893,2936.469261626561,0.6075378863267243,1240.0077569878245,0.5543970234416463,1.1857479425753756,0.5275235508199616,0.1479694010892367,0.004803771139723961,0.8525053713598446,16.41010196171949,0.6051706738406056,0.20633177756003282,0.039318628397847714,10.426426633183977,81.311,GOOD,SYNTHETIC_RESEARCH_BASED,ML_TRAIN_TEST_DEVELOPMENT_ONLY,PCL literature-informed morphology + FTIR + mechanical latent-quality simulation,TRAIN
SYN_00467,136.93739319230107,42.01781348977776,0.41350241150306416,0.34632081767255446,0.1971469383027279,0.6718667038075581,0.4953278586809293,0.701662835159249,6.914455502063537,1.416811281155432,1728.8500758549537,0.986533782453785,2940.4983712025537,0.7026287357220399,1229.9513001294515,0.5647231390164734,1.2443300009735017,0.5580650599755734,0.1724992973742125,0.014521330042854701,0.8522291565794305,16.730276705987006,0.60860899248531,0.183743819678708,0.03450185025511479,9.324367218226195,63.494,POOR,SYNTHETIC_RESEARCH_BASED,ML_TRAIN_TEST_DEVELOPMENT_ONLY,PCL literature-informed morphology + FTIR + mechanical latent-quality simulation,TRAIN
SYN_00468,174.00446214558082,31.697496936821096,0.32979824440132666,0.4194141155971233,0.23832783657844706,0.7424338115184782,0.7732881784092432,0.8047469630964545,6.100745532519467,1.536166524618848,1725.914674775843,0.8494191281874863,2947.2148036285507,0.6739908565834732,1240.7060244074858,0.6199101903598303,1.1741421459814871,0.5744555335037104,0.1435704006306635,0.009097697624893354,1.0537827966438231,19.374498323133253,0.6609882732494883,0.3066405517824652,0.03680224296994499,12.27448529749295,94.883,GOOD,SYNTHETIC_RESEARCH_BASED,ML_TRAIN_TEST_DEVELOPMENT_ONLY,PCL literature-informed morphology + FTIR + mechanical latent-quality simulation,TRAIN
SYN_00469,148.88583850413238,37.625868183775665,0.2764194797812331,0.4390997656204898,0.2702035871258201,0.7189486298374299,0.7755721660240122,0.7916579019172802,5.320411665002652,1.157630121592605,1718.8487667527163,1.062753982321602,2940.6236554260367,0.7900923514282557,1241.4611066891046,0.6030778123682947,1.3186910081318028,0.5607224704223307,0.14756379249513535,0.007566650438837939,0.915818819674083,18.193983458916346,0.7563802423616847,0.16892889043054415,0.04550184107436871,13.179773939620148,97.966,GOOD,SYNTHETIC_RESEARCH_BASED,ML_TRAIN_TEST_DEVELOPMENT_ONLY,PCL literature-informed morphology + FTIR + mechanical latent-quality simulation,TRAIN
SYN_00470,148.65228971933854,38.29203572511269,0.3905370748974002,0.38752088981323257,0.1763723322114306,0.6920379639944461,0.6889063899225283,0.6933723059508156,5.749288965901837,1.5655095267058654,1718.1586871928566,0.911389797550285,2933.7959177087114,0.666115352408714,1230.3730566877475,0.615870056465414,1.3703086588886735,0.45115598733725104,0.18816513399948054,0.01650112619048524,0.9561718929359672,14.510147633975137,0.5955732273878567,0.2720673709812862,0.03645419530004561,10.495323931329036,71.879,GOOD,SYNTHETIC_RESEARCH_BASED,ML_TRAIN_TEST_DEVELOPMENT_ONLY,PCL literature-informed morphology + FTIR + mechanical latent-quality simulation,TRAIN
SYN_00471,142.15488947012037,33.18808079574627,0.47347129413854927,0.32017390421979086,0.1472903716147236,0.6386794290944007,0.5043329153599164,0.686595938967461,6.840146980624247,1.94077723518291,1722.1880399512067,0.9567884808988433,2933.934961732803,0.6159519714498061,1239.94676050866,0.4453578536223087,1.0838623431062315,0.42903085863659046,0.1464881369524103,0.017157388367037854,0.43038967923152016,9.232046213822258,0.4104151509592219,0.2911084114036553,0.014913189909782135,5.982645126991606,40.172,POOR,SYNTHETIC_RESEARCH_BASED,ML_TRAIN_TEST_DEVELOPMENT_ONLY,PCL literature-informed morphology + FTIR + mechanical latent-quality simulation,TRAIN
SYN_00472,127.08975592550998,33.36647235788505,0.49624957263884384,0.2954079406115058,0.1602925995253388,0.6134149433986048,0.3462565117048641,0.595408568227551,6.11214799613661,2.1997365396847424,1726.264792007837,0.8051634423436848,2936.303633067644,0.6530283573604417,1232.1914545757456,0.4763722464386876,1.2459570680533023,0.4154488806054603,0.14872690397501298,0.00916004979146523,0.6228521461211833,13.15659252354193,0.3453931052813924,0.3884237222779928,0.014920000355076825,6.539447175419477,39.501,POOR,SYNTHETIC_RESEARCH_BASED,ML_TRAIN_TEST_DEVELOPMENT_ONLY,PCL literature-informed morphology + FTIR + mechanical latent-quality simulation,TRAIN
SYN_00473,181.7237291106585,33.24792003386652,0.2604921422205604,0.41120870604526694,0.25468433401594703,0.7146579557164653,0.5882953790271689,0.7651394745999002,5.069854821659693,1.151862712740182,1715.8457203207197,0.9752414656644672,2931.4312624843315,0.6584601664053221,1243.2496592499365,0.6064056539376952,1.3122834833514407,0.5511350281753238,0.13497917535317103,-0.0030363665247753555,1.0405434238380245,21.089568449075824,0.6350649732235145,0.15103315803893969,0.03978383411350414,13.65979170766618,96.293,GOOD,SYNTHETIC_RESEARCH_BASED,ML_TRAIN_TEST_DEVELOPMENT_ONLY,PCL literature-informed morphology + FTIR + mechanical latent-quality simulation,TRAIN
SYN_00474,127.59657464955023,31.766521227644482,0.33667638232252434,0.4209127895513727,0.24768897783487995,0.7707128829754958,0.6446630802568278,0.8570015041968511,5.910847427697803,0.8254449177661407,1724.1726453379358,0.9102685332509954,2945.030823938614,0.7088261696676739,1233.6111176893178,0.5383336934390138,1.618374293646848,0.5348206890980094,0.14926988817100997,0.0112250023875585,1.0545157684755662,13.864753625020047,0.4959949642703271,0.2566718362474516,0.03427436406585258,10.546446373508322,91.578,GOOD,SYNTHETIC_RESEARCH_BASED,ML_TRAIN_TEST_DEVELOPMENT_ONLY,PCL literature-informed morphology + FTIR + mechanical latent-quality simulation,TRAIN
SYN_00475,137.59791253439323,48.47252508670654,0.35875664115157935,0.3611119526708289,0.19622767840991434,0.6437720196848444,0.5092118495057361,0.7062725015459431,7.253366123053477,1.2275693599829605,1715.0252587278083,0.8773089624628919,2943.63880425889,0.640015641384299,1241.0764961785053,0.4934021588050758,1.0728847711072207,0.41664425021974316,0.19200164570858433,0.009081829014846967,0.7685465691403115,15.195154730551142,0.6131736296615987,0.2536691925698866,0.024701061804372294,6.2425791170017595,51.762,POOR,SYNTHETIC_RESEARCH_BASED,ML_TRAIN_TEST_DEVELOPMENT_ONLY,PCL literature-informed morphology + FTIR + mechanical latent-quality simulation,TRAIN
SYN_00476,112.75989301837662,32.19057546043774,0.4887975748312314,0.2741629050486354,0.1657062016370354,0.6084895516890356,0.3799477548348975,0.6295922440503322,6.78857711804082,1.9624559916013724,1722.2951341774774,0.7122880204444909,2943.3052458760626,0.6465538714395371,1230.2691501239133,0.44723630542994697,1.2314370875469831,0.45892589481675455,0.15717237445126503,0.018280323995410866,0.5150683269504837,11.961420590913601,0.4414529196211015,0.288064761110821,0.02026142572298869,5.922590569667981,31.139,POOR,SYNTHETIC_RESEARCH_BASED,ML_TRAIN_TEST_DEVELOPMENT_ONLY,PCL literature-informed morphology + FTIR + mechanical latent-quality simulation,TRAIN
SYN_00477,154.13761782440085,32.51842645830357,0.40996987382767236,0.3910205067761382,0.19772102631029087,0.7668658847219039,0.6552323227498347,0.7623182706892596,5.5482548022148706,1.2557570098613007,1721.0179598285317,0.9890426360735315,2936.9879216658887,0.7471728181274867,1243.8100532498408,0.4983139674433632,1.2410961757380174,0.47093074367528454,0.18135244573477616,0.009788609484182774,0.6709736776592714,13.410396486378454,0.41754017515238817,0.2395956087398039,0.035543740213466124,8.346617662164036,71.566,GOOD,SYNTHETIC_RESEARCH_BASED,ML_TRAIN_TEST_DEVELOPMENT_ONLY,PCL literature-informed morphology + FTIR + mechanical latent-quality simulation,TRAIN
SYN_00478,139.00737286806134,43.865752596089344,0.38500739321930055,0.35146869803672653,0.16884725653707527,0.6194478633199565,0.523929758253502,0.691019826381477,5.597805612156436,1.9562455588349634,1724.8604042645475,0.8853277073565086,2939.3032165085183,0.6941402455224609,1235.0288590394211,0.5557806194711794,1.2890440389736966,0.4727904001817992,0.15887756026318667,0.007182684865097287,0.8572484131701257,16.197268687782593,0.5318780048165329,0.23257732037593648,0.028779677878917106,10.965356470836701,61.571,POOR,SYNTHETIC_RESEARCH_BASED,ML_TRAIN_TEST_DEVELOPMENT_ONLY,PCL literature-informed morphology + FTIR + mechanical latent-quality simulation,TRAIN
SYN_00479,154.772169567601,29.7355004454651,0.355085888116739,0.42705322306421667,0.24938927319325516,0.8086385503507204,0.8044209896664469,0.7416404299365543,4.552069673769549,1.5321817760915253,1722.1671656575581,0.8700514516387748,2945.148590877052,0.7768459822453777,1239.7858795407774,0.6110923425408152,1.2352563053989154,0.596522378019392,0.14605969112566927,0.0064396684553957705,0.8951602973386514,17.873780847853418,0.6456842427349707,0.22859979186435372,0.04965021196052627,13.36383586847575,96.857,GOOD,SYNTHETIC_RESEARCH_BASED,ML_TRAIN_TEST_DEVELOPMENT_ONLY,PCL literature-informed morphology + FTIR + mechanical latent-quality simulation,TRAIN
SYN_00480,150.5963253908282,47.62703396107981,0.4873440455675791,0.36923125490508346,0.16316162725406586,0.5978037506155793,0.4258673745856561,0.6486393587744652,5.549324141123295,1.670115569635489,1723.0434772235326,0.8776698070201294,2934.5219589212975,0.7087347254518831,1237.1359596669074,0.43383719225257794,1.0020001415725248,0.3878869930663397,0.16936781985431346,0.018228995127565636,0.5041711866380826,8.800847988077278,0.3761389245465634,0.3032822054395585,0.028788330538638916,5.6657527365819735,25.242,POOR,SYNTHETIC_RESEARCH_BASED,ML_TRAIN_TEST_DEVELOPMENT_ONLY,PCL literature-informed morphology + FTIR + mechanical latent-quality simulation,TRAIN
SYN_00481,157.50364063069358,47.9709961882966,0.43694789632417713,0.2949050399947414,0.1631649291842858,0.6393859129192895,0.46883285382934636,0.6279570127997371,6.25611058099029,2.098616706977965,1725.634969026274,0.8725027441819035,2929.792033096473,0.6115562616397708,1238.2272187732071,0.5498641332408548,1.0698290224937164,0.4517943770113152,0.19067642174893118,0.00853631434100904,0.6011004883966667,14.535100708999371,0.43847983946368163,0.3149103000135328,0.022045835614661443,5.834116287809088,41.485,POOR,SYNTHETIC_RESEARCH_BASED,ML_TRAIN_TEST_DEVELOPMENT_ONLY,PCL literature-informed morphology + FTIR + mechanical latent-quality simulation,TRAIN
SYN_00482,158.74917661168345,35.972634677396826,0.38900675475323265,0.2948302406500359,0.17505405394892082,0.616212270972378,0.38411892004658277,0.6159774627706787,5.965391495945663,1.7239794385968414,1727.1209536283313,0.7351517443721653,2933.7068014371603,0.6567124658538405,1245.083535599059,0.5453320624275266,0.9336315365549706,0.39041244178309154,0.1941577272556735,0.013847317260224638,0.7611938744970353,13.425287748666786,0.36328442533450317,0.2820068818458477,0.01717238040005024,5.200416823178604,37.742,POOR,SYNTHETIC_RESEARCH_BASED,ML_TRAIN_TEST_DEVELOPMENT_ONLY,PCL literature-informed morphology + FTIR + mechanical latent-quality simulation,TRAIN
SYN_00483,173.2213120109742,44.95922782735082,0.46759243307300646,0.3694878940275298,0.17319962380207196,0.6307009728131742,0.4284416343059581,0.6898008296668854,6.238228266423281,1.9015932643665363,1734.3772420080852,0.9309507554988313,2937.6363912845245,0.5911713075411306,1244.978195474719,0.4929986556964124,1.0572883694482886,0.5217647005179541,0.15262946303923988,0.012240899239594096,0.6261415888387868,13.593579637654921,0.5449794737417307,0.3484997481708196,0.022147683685955023,10.144703185085051,50.065,POOR,SYNTHETIC_RESEARCH_BASED,ML_TRAIN_TEST_DEVELOPMENT_ONLY,PCL literature-informed morphology + FTIR + mechanical latent-quality simulation,TRAIN
SYN_00484,145.27363954579175,35.66911518605404,0.3189361257187525,0.4296356164031042,0.26488451590377493,0.7442588669892553,0.7097327470238913,0.8274930727589656,4.373483386730759,1.6492687164255946,1728.593631664683,0.8988646997321822,2939.202569629832,0.6493467174321735,1235.312961770019,0.6120136554786868,1.1306447946417855,0.5487022718308133,0.13345045589000545,4.9621655450223304e-05,1.0463806933167736,17.704722804305597,0.7293965339733717,0.2545034415494868,0.03896816081985083,12.06211695318128,85.611,GOOD,SYNTHETIC_RESEARCH_BASED,ML_TRAIN_TEST_DEVELOPMENT_ONLY,PCL literature-informed morphology + FTIR + mechanical latent-quality simulation,TRAIN
SYN_00485,127.78393194201375,31.807742078824173,0.3239015520235384,0.40513345340675205,0.23839605975952932,0.6596061417608314,0.6332129170309679,0.7102358553039502,5.042866652726621,1.7702953176650509,1715.8780867227129,0.9330412706414286,2930.9684980037914,0.5978594293208928,1244.1791718267466,0.5923647543254253,1.3800971311587733,0.5407374445072183,0.14690904709945826,0.015201381977215007,1.0520576410620837,17.952039140387082,0.6587086641379027,0.21977270317553693,0.024574322007423734,10.663007531350724,77.34,GOOD,SYNTHETIC_RESEARCH_BASED,ML_TRAIN_TEST_DEVELOPMENT_ONLY,PCL literature-informed morphology + FTIR + mechanical latent-quality simulation,TRAIN
SYN_00486,168.05443771917507,36.286227930082916,0.30250607605016133,0.4518636112190607,0.2453178693018903,0.728666429005674,0.7909143435138088,0.8304593542930714,6.032930032469702,1.1795943562415463,1719.1260197063,0.9145551048070786,2933.164497707264,0.732573556096869,1239.1856952089015,0.5806969158592735,1.3897084345423067,0.5973911650727014,0.13787162830957309,0.010895845045240101,0.8516505584998231,19.663678105636503,0.6542194774106417,0.21419029836329095,0.05005018801599086,13.684700186265683,97.698,GOOD,SYNTHETIC_RESEARCH_BASED,ML_TRAIN_TEST_DEVELOPMENT_ONLY,PCL literature-informed morphology + FTIR + mechanical latent-quality simulation,TRAIN
SYN_00487,141.157473838618,34.905805108205776,0.4007014433590084,0.3573015445607694,0.19390570951136932,0.5936501763393209,0.3441938629847303,0.6729006038351711,5.0428200221492,1.5126815434597685,1733.9543200375454,1.0069423736440668,2935.6109974901424,0.640094872184186,1241.6479590173699,0.5503461520070598,1.1273120771524037,0.41977468207529395,0.16629733232886904,0.018240372285839163,0.49169069114436664,13.558047791327905,0.6377685033473394,0.3006624424560582,0.022766428308658788,7.062326979896588,40.116,POOR,SYNTHETIC_RESEARCH_BASED,ML_TRAIN_TEST_DEVELOPMENT_ONLY,PCL literature-informed morphology + FTIR + mechanical latent-quality simulation,TRAIN
SYN_00488,163.93370251534418,33.68481671582878,0.34553751593383997,0.3516647223055508,0.22257025041952178,0.7206095137886439,0.5792605132602875,0.675516912203545,6.743027203569504,1.5938714729442354,1725.0342260131904,0.9169330571092583,2948.14489152723,0.6856364033651702,1237.6881000395665,0.6034457340863938,1.2452084822048068,0.5031299001315002,0.15364595056559646,0.005033458764242445,0.6933548776465247,17.77846619165836,0.5625542993292738,0.24438901666030297,0.029532663526319048,12.330773122611669,77.887,GOOD,SYNTHETIC_RESEARCH_BASED,ML_TRAIN_TEST_DEVELOPMENT_ONLY,PCL literature-informed morphology + FTIR + mechanical latent-quality simulation,TRAIN
SYN_00489,145.71408213055656,32.43076206725601,0.3397458464606913,0.4671467908974657,0.23525246807878167,0.7574087204663368,0.7662183189908939,0.8382884488607639,4.220705632587004,1.2509759946210668,1717.4768977720723,0.9487448845019446,2931.1873598512657,0.6754165984531598,1238.596893398868,0.638701949626822,1.321913880644638,0.6111482169425045,0.14327864403999052,0.006819779442069452,0.8919104575214659,19.009777634671124,0.6984529481667222,0.27359008524961526,0.04329106598810176,13.304602906215726,96.051,GOOD,SYNTHETIC_RESEARCH_BASED,ML_TRAIN_TEST_DEVELOPMENT_ONLY,PCL literature-informed morphology + FTIR + mechanical latent-quality simulation,TRAIN
SYN_00490,125.44692725214657,46.01764979144581,0.4681170952530623,0.3322484754503111,0.16061314908480492,0.622874065327983,0.35536001896766806,0.6497581461216322,7.37707809953576,1.830252668255435,1720.5583155724541,0.8934637219173754,2945.965666853914,0.5933507990242534,1236.6099715180965,0.5595127131124698,1.1601705304938148,0.4544262402873699,0.1801447338179253,0.02568442872762834,0.5091803172486168,15.741489368930242,0.3160657635528888,0.36504808224679797,0.017448950854236474,7.291654777041351,30.871,POOR,SYNTHETIC_RESEARCH_BASED,ML_TRAIN_TEST_DEVELOPMENT_ONLY,PCL literature-informed morphology + FTIR + mechanical latent-quality simulation,TRAIN
SYN_00491,150.56256452000625,39.66773575473724,0.36533223784109314,0.3410306746140595,0.19076708927759461,0.6396592016521381,0.504003268540344,0.6616649583235197,6.8270841456129805,1.7569156208759713,1716.18012903872,0.9427602648534857,2934.6823721610467,0.6483550291441835,1232.8753697940124,0.5640474024073527,1.162318464105925,0.4696467890520858,0.18304058400860138,0.008456181746990877,0.7470837438315905,18.68255910701518,0.6746683491734209,0.3876296721154402,0.0383036998542054,10.062278929463949,57.635,POOR,SYNTHETIC_RESEARCH_BASED,ML_TRAIN_TEST_DEVELOPMENT_ONLY,PCL literature-informed morphology + FTIR + mechanical latent-quality simulation,TRAIN
SYN_00492,158.81949807768208,27.257706793310966,0.404829854589028,0.37739208655688644,0.24994901654476628,0.7221814419178633,0.47474505529790956,0.7837859783387253,6.803397140323912,1.4938941624505135,1729.2346083056937,0.9233757942121185,2953.548369970367,0.5838536453276961,1241.4804606624866,0.5077813960882697,1.273759111724849,0.5139394107818167,0.1649271993578013,0.016957472960127395,0.9054928938205575,15.423271475445834,0.6501311931055163,0.22946625193755105,0.02781009980115104,9.557207208433423,70.542,GOOD,SYNTHETIC_RESEARCH_BASED,ML_TRAIN_TEST_DEVELOPMENT_ONLY,PCL literature-informed morphology + FTIR + mechanical latent-quality simulation,TRAIN
SYN_00493,133.46444744186957,38.70783739485758,0.3635452274110926,0.39268704081751543,0.21573886797414757,0.7910207741211039,0.6848005774932677,0.7238882322121211,5.588433909678416,1.01840844871774,1725.5716546451115,0.911148804661273,2944.7180573066803,0.6506177277433259,1244.055327635987,0.5865270218973103,1.292562544492509,0.49525389304868705,0.1366441364364931,0.009543941025079924,1.0386912142937388,17.63585910438229,0.5512414589682171,0.28019988820470343,0.038203813232763714,10.648760665845566,75.326,GOOD,SYNTHETIC_RESEARCH_BASED,ML_TRAIN_TEST_DEVELOPMENT_ONLY,PCL literature-informed morphology + FTIR + mechanical latent-quality simulation,TRAIN
SYN_00494,154.90626597493704,35.92895687280503,0.4250014495940031,0.3196639928609926,0.16066475941210034,0.5784424288036365,0.39255557507722516,0.6701954742365145,7.098288267825722,2.013448325758435,1715.4761590245819,0.9591752004226397,2943.3454763318796,0.5296422713441267,1234.9535383830541,0.5969622267684656,1.0569760859707789,0.4195646271478908,0.18269713151992895,0.0224286822407269,0.50540364345334,11.188627721451665,0.3907259012264541,0.2761330266686059,0.023144636241917885,5.967902073520796,35.952,POOR,SYNTHETIC_RESEARCH_BASED,ML_TRAIN_TEST_DEVELOPMENT_ONLY,PCL literature-informed morphology + FTIR + mechanical latent-quality simulation,TRAIN
SYN_00495,173.93751444594827,37.5945730993123,0.3666738177460713,0.3857660414722309,0.24409264680563025,0.7444959575234175,0.6565379350736261,0.8054335720463547,5.706466348848281,1.493894663760178,1711.1307469051192,0.8935116194487868,2935.271311438421,0.6840222917949365,1239.1236667989754,0.5681261386160702,1.36263398279588,0.5255949468346762,0.1562014883246638,0.004561756722684676,0.7633408116388655,15.404049523654534,0.544595076392777,0.3183084987860427,0.03485704584419111,10.195620877115395,73.09,GOOD,SYNTHETIC_RESEARCH_BASED,ML_TRAIN_TEST_DEVELOPMENT_ONLY,PCL literature-informed morphology + FTIR + mechanical latent-quality simulation,TRAIN
SYN_00496,124.89029789341241,38.28074373410867,0.41978992240171153,0.32725689675905656,0.18473097039250427,0.5493221478756845,0.34784304541567834,0.659844133079545,6.476765320536966,1.9568319586221103,1724.154986644242,0.8314792169886104,2943.8091924251066,0.6169171230998691,1248.9543813008775,0.4886950759369906,1.1787663076886292,0.3980763233015894,0.1752182673176103,0.02206093360198299,0.47612991580142366,12.802358005036325,0.20520723783560907,0.29453558553608256,0.013341488544757812,7.747663279972773,37.295,POOR,SYNTHETIC_RESEARCH_BASED,ML_TRAIN_TEST_DEVELOPMENT_ONLY,PCL literature-informed morphology + FTIR + mechanical latent-quality simulation,TRAIN
SYN_00497,143.70119253451674,35.30175452178743,0.3775244297248587,0.3580785705028957,0.16615817106073444,0.64880312350892,0.6347785528194919,0.7372578544522274,5.76665293966663,1.5091104428761954,1723.4448430265745,0.9544953781712815,2946.2643247143337,0.6373317699901553,1234.0807284673672,0.5861116396834171,1.1172750551025115,0.4674715041818109,0.16394746682135225,0.013829538127361735,0.7794997217467408,10.394905118169834,0.5166513712331591,0.23788239412667112,0.0042595672142396596,9.06921387695963,55.954,POOR,SYNTHETIC_RESEARCH_BASED,ML_TRAIN_TEST_DEVELOPMENT_ONLY,PCL literature-informed morphology + FTIR + mechanical latent-quality simulation,TRAIN
SYN_00498,150.04254038585412,36.873094901698224,0.44549432821820484,0.3021224348100468,0.19166948191928987,0.7022338183983825,0.49607075497670705,0.6493784971117564,6.487360878241125,2.001762230003223,1724.7022140055933,0.8254714688023993,2948.1276360532943,0.6019215018033508,1251.9853759129205,0.48332118185660045,1.1725524783840173,0.45680940516561125,0.1836862563710197,0.010800598225330653,0.6716510355691503,16.744555272828464,0.3995913884092009,0.22740230821626461,0.02458692275974021,9.445250306271086,52.922,POOR,SYNTHETIC_RESEARCH_BASED,ML_TRAIN_TEST_DEVELOPMENT_ONLY,PCL literature-informed morphology + FTIR + mechanical latent-quality simulation,TRAIN
SYN_00499,166.60210771189563,37.367980888496376,0.28622494926070546,0.40775187107437744,0.23227153538864573,0.7414682115843974,0.685652622685661,0.8194790781509764,4.207525724346355,1.446082787189761,1718.684197652168,0.9533464302096666,2943.4372311961024,0.6174813315359063,1230.7825417723468,0.5556035768424654,1.2859249127183745,0.46757731968798244,0.12402431815907887,-0.0010444998570769935,0.7149776704157973,12.442493569440863,0.6644580273669327,0.30944742594419017,0.03346879216246454,11.544216602474341,81.082,GOOD,SYNTHETIC_RESEARCH_BASED,ML_TRAIN_TEST_DEVELOPMENT_ONLY,PCL literature-informed morphology + FTIR + mechanical latent-quality simulation,TRAIN
SYN_00500,155.7080743433966,29.46609314879662,0.2638305007746604,0.38932059779702943,0.22863008019262007,0.757394078450593,0.6595012269056243,0.71815972375621,5.9806004344719685,1.2151314296257136,1718.4756277908396,0.9864175129910413,2942.7222724420535,0.6787586815709286,1238.9381755603317,0.6216587225086041,1.3445458865116824,0.5118277190314016,0.1778872484179759,0.005685134945948737,0.7737011185265469,16.61346135762971,0.6490652936906933,0.22078582669617616,0.047798576981469006,11.515950768304593,79.098,GOOD,SYNTHETIC_RESEARCH_BASED,ML_TRAIN_TEST_DEVELOPMENT_ONLY,PCL literature-informed morphology + FTIR + mechanical latent-quality simulation,TRAIN
SYN_00501,156.45080133696135,40.73749575872151,0.24848805474150432,0.3672830838842399,0.2391106152443692,0.7077456852947703,0.7126265654948459,0.8035740450549815,5.7428219837216,1.1342543617866514,1717.5384805131807,0.9484164018045151,2940.0285536557553,0.6911007998674084,1240.638853380159,0.6718066177562279,1.2919844532186557,0.5208986964464359,0.11776856365428648,0.009486152438299516,0.7506281222770465,14.150168577860235,0.5456222294882465,0.25249922873857683,0.04691315547601127,10.712233621093956,84.738,GOOD,SYNTHETIC_RESEARCH_BASED,ML_TRAIN_TEST_DEVELOPMENT_ONLY,PCL literature-informed morphology + FTIR + mechanical latent-quality simulation,TRAIN
SYN_00502,141.9725929454507,42.10673510296957,0.38700161710039116,0.34085268823979803,0.1965643902348934,0.718320794241059,0.47426282695366573,0.7188626422729937,5.617419927861956,1.2181439474089022,1715.3043808834743,0.9327124258790582,2947.034036498491,0.6147171718749443,1242.3973305972954,0.5519263855395589,1.2836222818153673,0.443141284278767,0.16742023465279723,0.010606046067700945,0.8761641854520934,18.735218737875307,0.5778755676497163,0.2670509190712566,0.034144762477170264,12.642581408623046,67.263,POOR,SYNTHETIC_RESEARCH_BASED,ML_TRAIN_TEST_DEVELOPMENT_ONLY,PCL literature-informed morphology + FTIR + mechanical latent-quality simulation,TRAIN
SYN_00503,135.4600224609326,32.09596776911346,0.3711681271100611,0.4206458491934768,0.2300137820897592,0.702091088477789,0.5872032389419285,0.7585580475087792,5.872328829775251,1.3603898746087497,1711.0687928176578,0.925715019223296,2938.4059196988965,0.7690877125745261,1246.966101605046,0.4778901473497557,1.3791333879615366,0.4838942719549704,0.14960531000894178,0.01125180288631952,0.8130902809581402,15.146417640097663,0.5442939197220303,0.25525028411650275,0.03192492286337972,10.106618020661113,67.67,POOR,SYNTHETIC_RESEARCH_BASED,ML_TRAIN_TEST_DEVELOPMENT_ONLY,PCL literature-informed morphology + FTIR + mechanical latent-quality simulation,TRAIN
SYN_00504,153.6633541874843,39.432435794183135,0.37847389986792324,0.38873405237831826,0.1996186096851421,0.6229101378455268,0.6634056488248805,0.6790624319081948,5.4711273868856845,1.5797429398840168,1714.7137749843457,0.7827082255747744,2939.445808175626,0.5356096394288702,1240.6635670349983,0.6288864513428609,1.2692677500665228,0.5221780424639841,0.17817671952184516,0.006458438700316668,0.8236963884486203,18.506269867774865,0.5504809833641131,0.2903734389912001,0.032812216965809465,10.379183558963971,68.034,POOR,SYNTHETIC_RESEARCH_BASED,ML_TRAIN_TEST_DEVELOPMENT_ONLY,PCL literature-informed morphology + FTIR + mechanical latent-quality simulation,TRAIN
SYN_00505,117.33611160232876,33.90416918461184,0.3255968537456075,0.3622399983722151,0.23831562802504416,0.7238511887047043,0.6189134195590811,0.7129580130080552,5.274479646649775,1.736488531852483,1718.9481691103344,1.0349979064881922,2933.7356366670515,0.684939637832884,1234.6105851995612,0.6777588164434305,1.303957270338545,0.5377426790632054,0.17538429328837948,0.009310370205445978,1.0232345605970674,18.518380972468456,0.6442919165294141,0.17216497506162684,0.044330667995091506,13.262094019258965,82.637,GOOD,SYNTHETIC_RESEARCH_BASED,ML_TRAIN_TEST_DEVELOPMENT_ONLY,PCL literature-informed morphology + FTIR + mechanical latent-quality simulation,TRAIN
SYN_00506,156.785256516898,37.06079835922978,0.3309807607766603,0.41257397234287296,0.21487068560904696,0.6846080505674998,0.6460125637134155,0.792789742801051,7.0682711144985015,1.730409373842089,1721.3690034188737,0.8407324151808019,2937.706255227561,0.6902935605299683,1230.48847677072,0.6144149819488975,1.151933106101039,0.468096485010051,0.17922727989772108,0.0061330962865772,0.9579163730088679,15.481998226563086,0.5824474796662588,0.26102177733269843,0.037690377036761105,10.539408615243202,78.204,GOOD,SYNTHETIC_RESEARCH_BASED,ML_TRAIN_TEST_DEVELOPMENT_ONLY,PCL literature-informed morphology + FTIR + mechanical latent-quality simulation,TRAIN
SYN_00507,155.48686506696805,36.61430308805625,0.41213640717905653,0.34972031722773916,0.17174949933831418,0.6822880044379026,0.4342555963436748,0.6796361249022314,5.575373395302792,1.8450758710605923,1724.8417799527758,0.8261560431486064,2936.861268487289,0.5187482881888335,1240.8979019659098,0.5362377312701809,1.159767998535026,0.4714321952632841,0.16080751043759478,0.012675745735686927,0.7018136297484512,8.37745252653206,0.46664432229101355,0.23275628672196658,0.011389702894242057,5.386284341045384,42.349,POOR,SYNTHETIC_RESEARCH_BASED,ML_TRAIN_TEST_DEVELOPMENT_ONLY,PCL literature-informed morphology + FTIR + mechanical latent-quality simulation,TRAIN
SYN_00508,150.96079333098135,35.44578175545989,0.3655754630473827,0.3604352694834399,0.18088224509835982,0.6846786751427881,0.5189315604563565,0.7622550240165507,5.5190815801837765,1.8891229575377353,1721.5843376464948,0.894615725405517,2948.385231087157,0.6501774178776523,1239.5803700130825,0.4835117125250725,1.2680088296521825,0.4150172807996925,0.1440182054283372,0.010375383139141428,0.7938924370134187,16.944409984454886,0.7239513885070948,0.26520124451371535,0.034559769398184274,9.769023789560968,59.42,POOR,SYNTHETIC_RESEARCH_BASED,ML_TRAIN_TEST_DEVELOPMENT_ONLY,PCL literature-informed morphology + FTIR + mechanical latent-quality simulation,TRAIN
SYN_00509,159.67084839964278,34.41773109968848,0.42376583856031047,0.3488344362711536,0.1678846604277322,0.6137793861494348,0.47496920341195137,0.7008912509438813,7.225669945705281,1.9578324418618671,1726.6499605428517,1.0129837371613808,2934.9793200297777,0.6585668048967872,1233.539297202137,0.4495895982579633,1.060072951220109,0.4386383527993591,0.18273368101012163,0.010797360107680067,0.6893498157511537,13.070048271071316,0.3968845148532256,0.27798076663837684,0.026639706531397238,5.308731600469304,30.262,POOR,SYNTHETIC_RESEARCH_BASED,ML_TRAIN_TEST_DEVELOPMENT_ONLY,PCL literature-informed morphology + FTIR + mechanical latent-quality simulation,TRAIN
SYN_00510,147.17886042686607,26.255306736221854,0.334629277257885,0.3985677025643429,0.19997972818363918,0.7642678079484289,0.8003422838512219,0.7407429758421377,7.037424632719141,1.1659971774433884,1719.5240696311803,0.9945305575395135,2934.3691987133934,0.7227455707246472,1248.2259205768348,0.6359790305137435,1.3810899329477349,0.5520585184354909,0.1788176220413304,0.009072416184269643,0.874300457465407,17.025152511306217,0.7850546338654695,0.2646895215369396,0.0355788559095135,12.010674898276244,92.75,GOOD,SYNTHETIC_RESEARCH_BASED,ML_TRAIN_TEST_DEVELOPMENT_ONLY,PCL literature-informed morphology + FTIR + mechanical latent-quality simulation,TRAIN
SYN_00511,172.1480781159521,29.014486732821858,0.4180680890589621,0.3249718519389623,0.18972540393918247,0.7326695719119737,0.5831784515485051,0.7002733419385045,5.7767773689712705,1.1801347866104157,1725.1031884440104,0.9041982847310246,2940.3553459981767,0.6322391570033729,1237.4617992550025,0.5896369830978887,1.269291344660981,0.5039021059900995,0.14644895236826533,0.00023080138615489895,0.9221259401875672,18.58917751911436,0.6164477948144115,0.22537868412870116,0.03251827010081551,10.430348287620012,72.548,GOOD,SYNTHETIC_RESEARCH_BASED,ML_TRAIN_TEST_DEVELOPMENT_ONLY,PCL literature-informed morphology + FTIR + mechanical latent-quality simulation,TRAIN
SYN_00512,158.5827588438287,45.715259835206794,0.2252029785547135,0.3899130599859517,0.2570495905267871,0.8071994650449424,0.757286971118087,0.8068224251045283,6.300428443081545,1.5065733466762365,1721.4586307317957,0.8565268780837599,2940.342347446791,0.7656222854990213,1238.1137976589152,0.5667836794601877,1.5744719213982314,0.5438068382226129,0.13507346456679084,0.004694391758936432,0.8245476653756473,19.106835287511917,0.6075911066820573,0.2741298095041588,0.04111383060685174,16.843784920554782,92.4,GOOD,SYNTHETIC_RESEARCH_BASED,ML_TRAIN_TEST_DEVELOPMENT_ONLY,PCL literature-informed morphology + FTIR + mechanical latent-quality simulation,TRAIN
SYN_00513,168.06640861029518,38.27975334156758,0.35016194689590874,0.4048241674676621,0.22731391313456453,0.717219053244323,0.6368112331268393,0.7367788955861292,5.4259101506347545,1.7235447024472281,1724.5709850987118,0.9166720065041092,2941.7709487913608,0.6498828298079747,1236.8086408693753,0.586035114626543,1.4437310107898207,0.4418684648108771,0.16787891286984113,0.006680574317522489,1.01233656678201,17.423930636710036,0.7329805287405008,0.31749861044588445,0.03237693567728773,12.934006785507565,81.158,GOOD,SYNTHETIC_RESEARCH_BASED,ML_TRAIN_TEST_DEVELOPMENT_ONLY,PCL literature-informed morphology + FTIR + mechanical latent-quality simulation,TRAIN
SYN_00514,146.82672173990815,46.64815119647292,0.39173672104212387,0.41114642541798957,0.2443545942259286,0.7160544791370044,0.6186974849188772,0.7428467789187857,4.929628522123224,1.400686379286496,1720.5341843857557,0.9451458480706135,2937.336651419237,0.6067912468540915,1232.829848886722,0.6109645135846944,1.2688048959620637,0.5025413524634809,0.15166190324924003,0.014709173815427527,0.8866991849302741,16.446607912636164,0.5252007325612682,0.2966185696327519,0.026301721891214793,10.93433360907058,58.607,POOR,SYNTHETIC_RESEARCH_BASED,ML_TRAIN_TEST_DEVELOPMENT_ONLY,PCL literature-informed morphology + FTIR + mechanical latent-quality simulation,TRAIN
SYN_00515,154.4317275143502,35.74685809204203,0.3234440283728337,0.4076759670628952,0.23856588665609305,0.7649468731824194,0.6653712890466988,0.8340654053750628,4.646455879624101,1.3819547373551682,1722.7793327955835,0.9255177690555006,2942.1128511690295,0.7119906736750994,1246.9862628848286,0.5701219895154118,1.4588721712730748,0.5759966097397258,0.14802610561557258,0.006322830670243616,0.9769410638274079,17.768504922642947,0.6875906965696151,0.24680007919126246,0.043715705121134936,10.814063183099256,86.575,GOOD,SYNTHETIC_RESEARCH_BASED,ML_TRAIN_TEST_DEVELOPMENT_ONLY,PCL literature-informed morphology + FTIR + mechanical latent-quality simulation,TRAIN
SYN_00516,141.30710962753605,35.346970239037724,0.32537278608478615,0.4162643742920519,0.2501144372893127,0.8078920767083161,0.7179884432343252,0.8072223678439948,5.200879586083014,0.9504655718436144,1723.711710644617,1.005798144255309,2937.437277083065,0.7508660217732923,1244.2716550807754,0.5658063626629402,1.5030558185024716,0.5741675530772241,0.16295133531097872,0.004240750114188027,0.9211971057847377,16.14995850652252,0.7134973667770816,0.24339651268341606,0.037594294721812145,13.374349817213709,89.346,GOOD,SYNTHETIC_RESEARCH_BASED,ML_TRAIN_TEST_DEVELOPMENT_ONLY,PCL literature-informed morphology + FTIR + mechanical latent-quality simulation,TRAIN
SYN_00517,147.75875261093245,42.00712944835416,0.4270091338135572,0.3478591381606331,0.18627867676512344,0.6040591124119651,0.4466465919845783,0.722173521973228,5.717019313187963,1.2461791124605488,1717.4650890595299,0.7362589332450609,2926.774173638792,0.6121639153720796,1232.3533283478764,0.5565446370131927,1.0489417599374604,0.42661137494817153,0.16615544158227472,0.0059185581816956195,0.7155523773873009,14.00892269595892,0.46754098139821043,0.28482454690677095,0.01638468032344608,6.314457345697841,50.018,POOR,SYNTHETIC_RESEARCH_BASED,ML_TRAIN_TEST_DEVELOPMENT_ONLY,PCL literature-informed morphology + FTIR + mechanical latent-quality simulation,TRAIN
SYN_00518,136.6159935919535,30.66858307280799,0.390145007775609,0.3342955572126404,0.2104436849757354,0.6273253861618824,0.44699557049373073,0.6591139515156275,5.603681080970727,1.7574650287046123,1722.838637499744,0.8638665832507036,2934.781313189196,0.6146259492067953,1239.4411319198946,0.4800324695390631,1.055445661516964,0.43048722072994616,0.17284053944327074,0.015828779243909817,0.4502716220767294,11.788966819782628,0.395222864643849,0.3167679197803212,0.020449928096947602,5.815254103168078,42.239,POOR,SYNTHETIC_RESEARCH_BASED,ML_TRAIN_TEST_DEVELOPMENT_ONLY,PCL literature-informed morphology + FTIR + mechanical latent-quality simulation,TRAIN
SYN_00519,143.92112836613865,40.33717793035143,0.408588079432437,0.33333791614640185,0.1940262438437375,0.6376307055921512,0.4709684153929593,0.6898060421650807,6.830213096461254,1.7215595551990024,1719.5272060973753,0.9182991489049169,2947.948268056928,0.6281954910992213,1247.4175060163839,0.6426248176316515,1.175524210377787,0.4564020466101874,0.18903785211478474,0.01796823672629279,0.7582181845484062,15.87801716479127,0.38063495700282934,0.22088942490012486,0.013216481944871074,9.746433015911151,57.495,POOR,SYNTHETIC_RESEARCH_BASED,ML_TRAIN_TEST_DEVELOPMENT_ONLY,PCL literature-informed morphology + FTIR + mechanical latent-quality simulation,TRAIN
SYN_00520,168.22358286621028,47.41471469534376,0.36997201086682463,0.36977770180900627,0.22116363762246585,0.7939772155728194,0.6582234634189608,0.7821000400994139,6.303187905087224,1.1715380516069445,1716.2334107990823,0.9731426133296999,2939.9586273133605,0.6474192720586515,1242.201821032343,0.5698660495536739,1.38122591028388,0.5013555125434536,0.1582515542347534,0.004868141276685911,1.015727937652837,16.644430746868213,0.7621605271456797,0.2814001855986107,0.02835023155043765,12.331433496913638,76.801,GOOD,SYNTHETIC_RESEARCH_BASED,ML_TRAIN_TEST_DEVELOPMENT_ONLY,PCL literature-informed morphology + FTIR + mechanical latent-quality simulation,TRAIN
SYN_00521,172.7644832998348,41.00542264890587,0.35447658096019113,0.3661759234110409,0.20344578957251194,0.7591988105569696,0.6568935235929785,0.7011331188358474,4.768551085028817,1.4469193957860949,1730.277807503558,0.901583918921166,2942.1631790438355,0.6540506596231993,1244.4885275081185,0.6826706363795835,1.328047630271086,0.5090897356868559,0.15917863498940688,0.014826776876616436,1.0284143932600855,16.497936812583905,0.7333591415077594,0.16081095817161414,0.024727636926182024,11.808803774257028,82.791,GOOD,SYNTHETIC_RESEARCH_BASED,ML_TRAIN_TEST_DEVELOPMENT_ONLY,PCL literature-informed morphology + FTIR + mechanical latent-quality simulation,TRAIN
SYN_00522,162.86166931658514,30.351709844208255,0.32031044881974524,0.3295937490959253,0.2603235929329596,0.7775648276787291,0.7627981945600902,0.7297000390503738,5.30840592156615,1.4357050988986306,1724.7478480437544,0.8910903546736874,2939.3301921854654,0.6925085414613155,1233.7433428002503,0.5920208953603682,1.3699686683242334,0.5277415417459541,0.16552712601786201,0.007091831093134663,0.8223962121792686,17.231944359246476,0.5616654214547686,0.1534660767574917,0.03297297861374694,11.925381787996947,80.893,GOOD,SYNTHETIC_RESEARCH_BASED,ML_TRAIN_TEST_DEVELOPMENT_ONLY,PCL literature-informed morphology + FTIR + mechanical latent-quality simulation,TRAIN
SYN_00523,145.0035522217046,30.785969248302415,0.4120720204142492,0.3396657617081614,0.19217891650228433,0.5860170246895056,0.41040908055476655,0.702641259439521,4.974699028313728,1.7422875734019982,1711.6695487216575,0.9236224890124246,2944.9405634579975,0.7390065387844393,1229.4962840410822,0.49701133066016046,1.1047393006217534,0.3985779189411679,0.2002633763372992,0.01077002158266086,0.7336536977405604,10.06514430581087,0.3617759359596833,0.26757867903260824,0.01960549704296531,8.264507387858673,49.892,POOR,SYNTHETIC_RESEARCH_BASED,ML_TRAIN_TEST_DEVELOPMENT_ONLY,PCL literature-informed morphology + FTIR + mechanical latent-quality simulation,TRAIN
SYN_00524,161.23946478011968,33.995013002310955,0.3569620630996697,0.3473903410708779,0.22526155402779469,0.7105055034203726,0.6272803029252461,0.8038414332930351,5.054568449449693,1.1511008788012314,1718.3673707793007,0.9067669433278115,2933.867506717146,0.7360966965677059,1234.1569100856118,0.6525737266083782,1.2221633310380526,0.5421441287279629,0.15133854143328515,0.010262153039360431,0.8925328802873578,15.834075596321654,0.6759720396909362,0.14945794293814996,0.03608391490165665,11.317194874258574,74.809,GOOD,SYNTHETIC_RESEARCH_BASED,ML_TRAIN_TEST_DEVELOPMENT_ONLY,PCL literature-informed morphology + FTIR + mechanical latent-quality simulation,TRAIN
SYN_00525,136.16842349715492,42.218664660413424,0.3387785217286677,0.39062018453829495,0.20703538771826385,0.7364331764908775,0.6130377057518509,0.7368346059416492,6.03516767451377,1.4916949641758728,1725.1146168974221,1.0196707794151458,2937.111796789891,0.7043677807372022,1240.395187168358,0.5018945840376617,1.2260867071555768,0.49762677596280397,0.13550929000388268,0.006823949575231648,0.9962972142535371,15.8250407989214,0.6844043247129091,0.26003429207517903,0.03055753167474541,12.848512041544126,74.008,GOOD,SYNTHETIC_RESEARCH_BASED,ML_TRAIN_TEST_DEVELOPMENT_ONLY,PCL literature-informed morphology + FTIR + mechanical latent-quality simulation,TRAIN
SYN_00526,144.4115849274409,31.5202524355625,0.44080429714874325,0.3540395368951105,0.18668051275669514,0.6783960345165128,0.48078465154763506,0.6857631062724998,6.230843974313667,2.012130668426501,1722.1706487382553,0.7784478547186559,2928.0853191897045,0.5946616459535816,1240.8203521452372,0.4909671701287787,1.248217262175249,0.46321279491313394,0.20465858576636253,0.014954504097860848,0.6095559110206354,13.029377579355272,0.4870410483020408,0.26824501859884897,0.02473389850886821,6.327244753801773,48.905,POOR,SYNTHETIC_RESEARCH_BASED,ML_TRAIN_TEST_DEVELOPMENT_ONLY,PCL literature-informed morphology + FTIR + mechanical latent-quality simulation,TRAIN
SYN_00527,155.62542196876183,46.30554647317064,0.2871635664710007,0.39759618958326,0.23216192389198476,0.7132648083207289,0.6300482533466598,0.7528179874905211,5.485252786174959,1.5560449087670434,1719.6360486666258,1.0455471801638756,2935.3206383675224,0.6947260198757065,1242.8694690989919,0.5698631833124155,1.2411335908376497,0.5435722552854254,0.15828724648062714,0.005536283439602441,0.8106224689505275,16.20026840222788,0.5082608917633036,0.21910836070856732,0.029733805528826387,11.185771008715797,84.737,GOOD,SYNTHETIC_RESEARCH_BASED,ML_TRAIN_TEST_DEVELOPMENT_ONLY,PCL literature-informed morphology + FTIR + mechanical latent-quality simulation,TRAIN
SYN_00528,145.5752862337963,35.505880225122745,0.40448775340261417,0.43038736531215327,0.19878230695293908,0.6799453663295278,0.7092718487907405,0.6779502741144896,5.308030128276883,1.375412731847087,1723.2786852383604,0.9154714852307332,2940.3616529060428,0.7191482768341089,1237.552611792781,0.6205539464818536,1.2718374827887038,0.5280310970434757,0.15080210145489617,0.00672559891630416,0.8689493435143353,15.376087762876756,0.6420513360715564,0.2653865953943496,0.02435141846588319,10.44943223108063,77.162,GOOD,SYNTHETIC_RESEARCH_BASED,ML_TRAIN_TEST_DEVELOPMENT_ONLY,PCL literature-informed morphology + FTIR + mechanical latent-quality simulation,TRAIN
SYN_00529,156.64605148301376,36.17674755665614,0.46426245361078,0.3131006587975798,0.16147560203321631,0.6202080694842732,0.428867235156281,0.6612493341884749,5.74198588735116,2.033363165141475,1720.0597708904484,0.8201769973920062,2929.353562099217,0.6077833941798069,1231.9378566371884,0.4593897705378198,1.1185367034774993,0.37445241136285023,0.17346254862333726,0.013190726258918279,0.46181667954099126,12.62390392587051,0.398886142953824,0.34010170033729115,0.00877190432540579,2.5585059748220638,32.168,POOR,SYNTHETIC_RESEARCH_BASED,ML_TRAIN_TEST_DEVELOPMENT_ONLY,PCL literature-informed morphology + FTIR + mechanical latent-quality simulation,TRAIN
SYN_00530,130.48438479911735,33.70028118463906,0.3881481470744321,0.41415863936434044,0.17368144007937025,0.6410642853464921,0.5095987781617386,0.702186870481592,6.741487020811756,1.5494027925646363,1727.9926900609416,0.8592222717426916,2931.6213783889184,0.6378568024045707,1241.9628555256002,0.6266565573397271,1.0542747048645813,0.514823428636062,0.19366093299817871,0.011870556907642596,0.8452446663872957,15.014445541590188,0.5772837097255494,0.28377791624500887,0.03754266238802502,9.042516052648715,66.763,POOR,SYNTHETIC_RESEARCH_BASED,ML_TRAIN_TEST_DEVELOPMENT_ONLY,PCL literature-informed morphology + FTIR + mechanical latent-quality simulation,TRAIN
SYN_00531,166.6753310882641,34.3998660844807,0.4215975188288452,0.37332802860154113,0.15103812740255926,0.6566560980785917,0.4861565740718459,0.6730055390881917,6.055043316256503,1.8477365987887988,1718.569260608714,0.8086612926633543,2932.21819956784,0.6385673157774051,1240.4858436042464,0.5392207459775201,1.3567117615246893,0.4669992210053221,0.17895095793675703,0.0172082916513706,0.6676673688706632,11.119130444282348,0.44782469550599646,0.2998071308198071,0.011088195735581185,5.884288744537418,54.365,POOR,SYNTHETIC_RESEARCH_BASED,ML_TRAIN_TEST_DEVELOPMENT_ONLY,PCL literature-informed morphology + FTIR + mechanical latent-quality simulation,TRAIN
SYN_00532,184.90767316926315,27.868192133421417,0.37822442711630166,0.32065938625695434,0.158616135768638,0.6804701437785948,0.39858313543554846,0.7200829240201352,5.5962030115870505,2.0576060977402824,1714.7722359363515,0.7887654882618077,2934.4164332195924,0.6160047609793303,1238.2950443828133,0.493030604787466,0.9401430884312114,0.4121913442482837,0.21791681760088716,0.020354442400415763,0.44093761269461057,13.328043637823498,0.3597217399931134,0.3161375801254993,0.01752835374255108,8.73866663218696,37.815,POOR,SYNTHETIC_RESEARCH_BASED,ML_TRAIN_TEST_DEVELOPMENT_ONLY,PCL literature-informed morphology + FTIR + mechanical latent-quality simulation,TRAIN
SYN_00533,145.13809421310754,27.539236429380914,0.434329732278789,0.3331443700847675,0.17179615375203222,0.5938675520159599,0.5153641413020056,0.6513679849183858,7.11993139390547,1.7327281327883557,1723.1898115307204,0.9024223922245543,2934.072068455318,0.5286167817056057,1248.2392973782582,0.6047097196360794,1.1223336085828932,0.3855610839109832,0.1750992142469329,0.012850855706559751,0.5071242410800525,14.08905752335738,0.3894416948027716,0.30466406409494834,0.015706341671684936,5.844438691671464,51.137,POOR,SYNTHETIC_RESEARCH_BASED,ML_TRAIN_TEST_DEVELOPMENT_ONLY,PCL literature-informed morphology + FTIR + mechanical latent-quality simulation,TRAIN
SYN_00534,134.77943403711686,38.111464379339516,0.47435410227180286,0.3327082822493001,0.18115263620318448,0.6027125493749844,0.4862909605184804,0.6802054693314427,5.6820923884875585,1.5047244643228836,1711.8813438932918,0.9182420906452152,2930.0400153372816,0.6681444363959531,1237.0799533278023,0.43745589517257455,1.0920709232804273,0.4165137988868209,0.17109915427458405,0.01203931219044235,0.5990499252842446,11.445287200384483,0.37119435345962926,0.35196313488104886,0.013081638138261655,10.185744998660757,36.89,POOR,SYNTHETIC_RESEARCH_BASED,ML_TRAIN_TEST_DEVELOPMENT_ONLY,PCL literature-informed morphology + FTIR + mechanical latent-quality simulation,TRAIN
SYN_00535,163.71592911889988,45.77245467534328,0.42102861328002794,0.2866511060654277,0.17479388228313686,0.6213883693757326,0.4868253266010662,0.6356043089814744,5.310784678964636,2.038498839473304,1721.7065380088216,0.8541820445381392,2923.2300053673207,0.6686399424595091,1235.0963755941248,0.553351744536885,1.0773330124760088,0.4505865590114016,0.1718103953278918,0.015254633622105454,0.6340276825728878,9.517032009639134,0.5930753818494175,0.28636146914454313,0.024137405417344025,7.011253364787984,38.209,POOR,SYNTHETIC_RESEARCH_BASED,ML_TRAIN_TEST_DEVELOPMENT_ONLY,PCL literature-informed morphology + FTIR + mechanical latent-quality simulation,TRAIN
SYN_00536,158.0415256801696,29.1059465154157,0.2604679773466073,0.4691249490651815,0.22437657736068217,0.7227561231368426,0.6734461830132353,0.8443792794772695,4.427699485676638,1.3959915689922855,1726.0682421223528,1.0985912996119997,2944.809404386464,0.8492595784773302,1235.3111456254576,0.6810531542695737,1.5323496893856103,0.6047859520403457,0.1146994279449307,0.003180783657663093,0.9609077013274722,19.762323242487913,0.6737833239972804,0.222732016206943,0.03668636136871753,12.450699032936981,91.665,GOOD,SYNTHETIC_RESEARCH_BASED,ML_TRAIN_TEST_DEVELOPMENT_ONLY,PCL literature-informed morphology + FTIR + mechanical latent-quality simulation,TRAIN
SYN_00537,143.17259445573376,40.34772069972468,0.3761685430525993,0.3510587591999431,0.18023443818651091,0.6333901769500774,0.43608920583255145,0.6348957834643255,6.669189960640545,1.8527858958796866,1725.1665408120407,0.8624071047804852,2944.604562283015,0.6210147096866896,1231.0061916593504,0.49452300631444907,1.0743910965924743,0.3673847219274144,0.16924819503389987,0.0159414267307254,0.5517849461060012,13.755922213660213,0.4099839446939221,0.29398940208790453,0.012982712431098557,7.1061443815433245,32.616,POOR,SYNTHETIC_RESEARCH_BASED,ML_TRAIN_TEST_DEVELOPMENT_ONLY,PCL literature-informed morphology + FTIR + mechanical latent-quality simulation,TRAIN
SYN_00538,156.19936709271138,41.052891489247145,0.36282889467974805,0.37359700690762443,0.24366460629764244,0.7120804953552364,0.6066530416273596,0.8080048051117743,5.318265623688205,1.094042786415985,1718.8536028709636,0.9109289794159688,2941.8037676577255,0.7757822029583638,1238.285952750819,0.6495885400600397,1.4441876726017173,0.49197630719937824,0.15194778374230916,0.0006934567740483873,1.0758076957691656,16.88494661066601,0.5206585482872336,0.15440913819923957,0.030205474300493855,12.798244142661412,85.681,GOOD,SYNTHETIC_RESEARCH_BASED,ML_TRAIN_TEST_DEVELOPMENT_ONLY,PCL literature-informed morphology + FTIR + mechanical latent-quality simulation,TRAIN
SYN_00539,147.07499445805223,33.112252659120706,0.37004044090500254,0.37653359090910693,0.21153586339470276,0.7556726812073528,0.7111066073183406,0.7734115431152582,5.515708589399957,1.1741837743091499,1715.2776934863732,0.9480471173902593,2943.255728006587,0.7098680131647003,1249.7690156703143,0.625674114163336,1.3568270112960406,0.5099985022403954,0.1365722438347807,0.0018477721387169556,0.9525155360794607,16.44627008392056,0.672421234020712,0.22222866738693534,0.04041893685151424,12.835719966704692,82.278,GOOD,SYNTHETIC_RESEARCH_BASED,ML_TRAIN_TEST_DEVELOPMENT_ONLY,PCL literature-informed morphology + FTIR + mechanical latent-quality simulation,TRAIN
SYN_00540,140.11245445787034,41.43858282438075,0.469647362550577,0.3181111154592196,0.19736664513242436,0.7005116435663703,0.45937465504465214,0.6425415731159793,7.092602605017109,1.7328359586881112,1725.6396220239444,0.8523741458913927,2940.6481190109007,0.610639209993581,1229.8410419512375,0.5306630517122035,1.2312553451183592,0.44134832332763274,0.16198963423450238,0.013625397432487137,0.7366778463358521,13.493354868008415,0.29417883203799866,0.2747472155266274,0.02421567038261501,9.09361967474093,38.191,POOR,SYNTHETIC_RESEARCH_BASED,ML_TRAIN_TEST_DEVELOPMENT_ONLY,PCL literature-informed morphology + FTIR + mechanical latent-quality simulation,TRAIN
SYN_00541,144.97296067360574,29.853812823269944,0.3583677558839013,0.3938570163671743,0.24041600045445055,0.6510658894388386,0.6510161598467111,0.746612119704154,6.205471019461985,1.7138107124196502,1721.1687522351797,1.0355754049581425,2934.4579446452976,0.7156050372955599,1242.5442604536279,0.633421600496141,1.2917682712978562,0.4985475013378519,0.189865324942532,0.01152687120591982,0.9111469155436551,13.18358563797551,0.6228038661346588,0.31238166266173983,0.027183264396759086,8.593494303308303,72.48,GOOD,SYNTHETIC_RESEARCH_BASED,ML_TRAIN_TEST_DEVELOPMENT_ONLY,PCL literature-informed morphology + FTIR + mechanical latent-quality simulation,TRAIN
SYN_00542,145.88293050006416,50.04040482166361,0.37842490655361377,0.3762262041238783,0.14457109631743253,0.6348465498789899,0.40974287067812865,0.6699863195633314,4.382925691739723,1.686278200845262,1724.9832826304794,0.9406631858242278,2941.6220370318615,0.600252588957604,1240.0565509040605,0.4623879520922892,1.075243029285115,0.400940626583878,0.19512807397305232,0.01855268388882623,0.6658964063821478,11.721573056015483,0.3248344383959771,0.36132675245824275,0.02119082911377022,7.10467136115819,42.619,POOR,SYNTHETIC_RESEARCH_BASED,ML_TRAIN_TEST_DEVELOPMENT_ONLY,PCL literature-informed morphology + FTIR + mechanical latent-quality simulation,TRAIN
SYN_00543,136.50762330081193,32.64197813218202,0.30994368473608624,0.39743437695287825,0.22222304734393242,0.769442674904075,0.7745745493658437,0.8000591421468494,6.002407766881821,1.1976484935981395,1726.6144022831186,0.9161072233532528,2940.7237563792073,0.6924003064463927,1231.9912949504778,0.6740208621245435,1.3971713474977254,0.5797158276518578,0.16829929882486178,0.008395706576578982,1.065368814787307,16.255890742401274,0.5865599775211151,0.1671133385359061,0.043179951033411525,13.654377324450651,93.415,GOOD,SYNTHETIC_RESEARCH_BASED,ML_TRAIN_TEST_DEVELOPMENT_ONLY,PCL literature-informed morphology + FTIR + mechanical latent-quality simulation,TRAIN
SYN_00544,163.26384922335788,45.48326310856021,0.37370064101880646,0.27847471698218407,0.13092809019163745,0.5658047755326304,0.494707917080887,0.6462895955714605,6.831748665363605,1.5622369766364552,1720.7120014756267,0.8547803323350514,2936.8705728297236,0.6641686095380422,1242.22125118962,0.46931258691046307,1.1377340435145153,0.4103445829304062,0.16618955822336545,0.01881390722984624,0.8576285294811913,14.825590147142954,0.5475933723118586,0.24267687657331863,0.020182888067348897,5.9704814528981505,46.347,POOR,SYNTHETIC_RESEARCH_BASED,ML_TRAIN_TEST_DEVELOPMENT_ONLY,PCL literature-informed morphology + FTIR + mechanical latent-quality simulation,TRAIN
SYN_00545,147.8651539002718,52.5700689837758,0.42199226943506185,0.25531962182322754,0.1760168425969436,0.5915907503734675,0.320047903574633,0.6640189816871522,6.6598483853808,2.05347715527724,1732.8388809117012,0.7475665892117593,2949.1401483249265,0.628381509128066,1241.1656653800842,0.6114912655521534,1.2012711795146327,0.39281178543664963,0.17076054052244866,0.018308374299462995,0.5628833337329763,11.41117088276107,0.39839180184518397,0.284145622202706,0.016298563250381985,2.44217326012531,30.31,POOR,SYNTHETIC_RESEARCH_BASED,ML_TRAIN_TEST_DEVELOPMENT_ONLY,PCL literature-informed morphology + FTIR + mechanical latent-quality simulation,TRAIN
SYN_00546,134.90935163400692,27.374367586215445,0.3023985919837606,0.4069882180026266,0.24418362719653794,0.8042641635072404,0.7553028621551967,0.7504074639433796,5.1783895486413645,1.3695044626799577,1726.8909574197858,1.0612136834122088,2934.5144799076756,0.7582561680545031,1241.3196337428926,0.6636359556577613,1.3658873932848843,0.6026602033782354,0.14182563619208127,0.004029209429729585,1.0651953193926371,18.595284957690023,0.7337726732015555,0.27301306473454623,0.039144947947664,15.406376978319974,95.12,GOOD,SYNTHETIC_RESEARCH_BASED,ML_TRAIN_TEST_DEVELOPMENT_ONLY,PCL literature-informed morphology + FTIR + mechanical latent-quality simulation,TRAIN
SYN_00547,152.63464162185508,29.971742005986044,0.3227755042078666,0.4287519093246842,0.23543757460766251,0.6969955870869894,0.6642801160384715,0.7865059353230728,4.808931382579953,1.8215663616321203,1722.308183296531,0.9005874890282553,2928.956143172217,0.7443887186111022,1248.1230517028096,0.7145705992864221,1.4487518458471111,0.5767802957332054,0.1385186106598265,0.0038534623708519006,1.1449034113955108,20.301275994482022,0.7562060211398981,0.2568889498966774,0.033570586773169625,14.50780837532256,92.39,GOOD,SYNTHETIC_RESEARCH_BASED,ML_TRAIN_TEST_DEVELOPMENT_ONLY,PCL literature-informed morphology + FTIR + mechanical latent-quality simulation,TRAIN
SYN_00548,143.43550833569097,40.552518087244,0.40075371404767823,0.34597719644835295,0.17684865212732898,0.6107652469587449,0.4785648715914443,0.7045500762189765,5.636739103124066,1.5567938155712633,1724.2004863969803,0.7332483082536532,2943.4179871483325,0.5676676205707549,1237.0674769809707,0.44103228825883733,1.0561202814475925,0.38785835946856606,0.17828136246593784,0.020879412395094957,0.5582280367596837,8.6427427219013,0.3994721902120713,0.21473869667803563,0.009455600799506577,5.404942583173664,33.804,POOR,SYNTHETIC_RESEARCH_BASED,ML_TRAIN_TEST_DEVELOPMENT_ONLY,PCL literature-informed morphology + FTIR + mechanical latent-quality simulation,TRAIN
SYN_00549,156.40030433064726,51.56579483091299,0.4648774693205558,0.32555124414571585,0.19757401629410937,0.5987027250678368,0.3157338617551775,0.603413051094338,5.384046683655019,2.162893204941795,1728.5202033660232,0.8368092249100919,2940.9907619399023,0.63487831938751,1239.529177496099,0.48367033502774703,1.0240893981111496,0.43957287489201646,0.19446818762346388,0.01662829373538171,0.5776625298833229,8.581407679498296,0.3990680805209079,0.2796479589558288,0.009830708260038578,7.004522438859186,26.392,POOR,SYNTHETIC_RESEARCH_BASED,ML_TRAIN_TEST_DEVELOPMENT_ONLY,PCL literature-informed morphology + FTIR + mechanical latent-quality simulation,TRAIN
SYN_00550,161.59672749383776,24.625697335764638,0.2943859108730099,0.41595389682399425,0.2739250747164912,0.7542924080638546,0.6153377322697632,0.7873543218493501,6.037785128525949,1.3534592748323555,1718.9469977457318,0.8327217742555256,2947.7782577893754,0.7273433897906781,1239.5635887209774,0.5630872630751108,1.423469599086661,0.5501569985560715,0.15250703472675117,0.006666470431739512,0.9763484211582429,16.700814212971846,0.6597628915815452,0.2107130793095939,0.046633603500906326,11.626147326356092,85.558,GOOD,SYNTHETIC_RESEARCH_BASED,ML_TRAIN_TEST_DEVELOPMENT_ONLY,PCL literature-informed morphology + FTIR + mechanical latent-quality simulation,TRAIN
SYN_00551,151.18955100615176,45.8189812351695,0.3955861935906746,0.3434482752773563,0.15992880519414462,0.5586038156738963,0.37256400265662637,0.5683395698117923,8.123240387253606,1.9789709688685286,1720.5308512883119,0.8479089920156383,2929.2669720677673,0.6606809280415652,1240.8939205182594,0.4713265287409675,1.0017780943219385,0.4430513316615009,0.18597898669076196,0.01717923128762186,0.5323610517121636,12.338825405917994,0.4291290649772003,0.24261879363186084,0.008258379629698566,8.109880627618514,33.479,POOR,SYNTHETIC_RESEARCH_BASED,ML_TRAIN_TEST_DEVELOPMENT_ONLY,PCL literature-informed morphology + FTIR + mechanical latent-quality simulation,TRAIN
SYN_00552,153.62646904965789,44.014443710972756,0.2704535047657753,0.39720619204163915,0.2351092616317021,0.7472122246501517,0.7570490289596233,0.8115876841314065,4.880131172474023,1.0322120532333057,1724.5795705925914,0.8705560848343212,2949.556238941325,0.7133777230296063,1239.7068606254009,0.540483294671169,1.526877354613256,0.5416744050360395,0.14587453360846658,0.0020056630490812542,0.8212259338241215,15.012723732060847,0.5581754413031891,0.24910685871374516,0.0358691152367001,11.652447778298246,85.269,GOOD,SYNTHETIC_RESEARCH_BASED,ML_TRAIN_TEST_DEVELOPMENT_ONLY,PCL literature-informed morphology + FTIR + mechanical latent-quality simulation,TRAIN
SYN_00553,150.34479286125352,26.373725500409357,0.3359810379756355,0.4962166275777969,0.274269015917292,0.802501714980998,0.8085915744733908,0.8374775629587214,5.546557924798456,1.2281732893414266,1722.13851528784,1.0774317037910939,2940.2901813986214,0.709813724868039,1239.1604322943463,0.5904922095777757,1.412991844209791,0.5415334354096636,0.1445570184051846,0.010745882472073854,1.0818039743332917,18.82036910176953,0.7647574792861682,0.28320299120908476,0.04803699845272535,13.005350343990488,93.526,GOOD,SYNTHETIC_RESEARCH_BASED,ML_TRAIN_TEST_DEVELOPMENT_ONLY,PCL literature-informed morphology + FTIR + mechanical latent-quality simulation,TRAIN
SYN_00554,154.59195178091383,38.113849373224376,0.3596966240386548,0.3510803721411497,0.1785006127172952,0.6331489524178925,0.4727240467739937,0.7369436660868061,5.818527920566595,1.9081600017973113,1737.0135913621905,0.8241512398133376,2938.6210844840157,0.6344186916074803,1237.1990571443318,0.5968921297471507,1.1205917629602185,0.48334852083377483,0.16011205527325192,0.010036395302495997,0.7312371898111731,16.61328550186443,0.380679645567448,0.33207707382474005,0.02929846872103002,9.224643322659912,51.356,POOR,SYNTHETIC_RESEARCH_BASED,ML_TRAIN_TEST_DEVELOPMENT_ONLY,PCL literature-informed morphology + FTIR + mechanical latent-quality simulation,TRAIN
SYN_00555,168.66352672485587,38.142652087439274,0.4134626677922452,0.3334566511529923,0.1889300420971922,0.6389886337544369,0.5181692072554169,0.7516961735786453,5.971866556831562,1.7301295253398854,1722.6138579702033,0.9748564846929049,2946.639028851244,0.5950457140419648,1237.1732734309621,0.5672203619520149,1.3140138419856862,0.4326617709123625,0.1327861169346415,0.012683354959832933,0.8128524115228338,16.102695375950262,0.5060544577662872,0.23499076511326272,0.03447081489050297,9.076566543659643,60.963,POOR,SYNTHETIC_RESEARCH_BASED,ML_TRAIN_TEST_DEVELOPMENT_ONLY,PCL literature-informed morphology + FTIR + mechanical latent-quality simulation,TRAIN
SYN_00556,120.81191492364712,29.915556993774953,0.4584634346932775,0.3216285484829704,0.17716939358975564,0.5936407201211032,0.45119151601498997,0.6990450376520806,6.067541965937749,1.1176011839767577,1715.6454797212077,0.7455381549495688,2935.0046036561553,0.6188019515657935,1248.9761997143191,0.494458242478739,1.1183714869098906,0.39278021515243094,0.2054563290492921,0.007752433448704666,0.7474683555270966,13.571124998690287,0.4802472574714687,0.3240801316420613,0.03483491945392994,10.943945994075174,51.093,POOR,SYNTHETIC_RESEARCH_BASED,ML_TRAIN_TEST_DEVELOPMENT_ONLY,PCL literature-informed morphology + FTIR + mechanical latent-quality simulation,TRAIN
SYN_00557,121.77965486469779,36.30114279678424,0.3478431781295348,0.37992473399075033,0.21624821351585152,0.6755711818956334,0.7401993591806291,0.742720894380679,4.795898159177905,1.563016852772744,1733.1148974702824,0.8925032671023508,2953.9437191917696,0.6020267900047553,1248.8047600720208,0.556238430909296,1.3829586649648284,0.4741993897972835,0.1732156765055536,0.005036906071924637,1.001887909568272,14.08332971499578,0.6353472327045088,0.2788626590612699,0.02131855286323281,12.19463078834487,72.114,GOOD,SYNTHETIC_RESEARCH_BASED,ML_TRAIN_TEST_DEVELOPMENT_ONLY,PCL literature-informed morphology + FTIR + mechanical latent-quality simulation,TRAIN
SYN_00558,122.807084644533,34.071387666231914,0.371368194085683,0.3477470445790364,0.17898866869694555,0.6926622602089306,0.5614301387335611,0.7169244115165633,5.767910299946203,1.3529699638185386,1722.7184087662292,0.808736084943933,2958.002600115493,0.6139406034980621,1239.3237310160514,0.5843327256119846,1.1409314941440292,0.4364001987096651,0.15592981645839304,0.013088970168094455,0.7875394470838942,13.212064952881699,0.5936294705381371,0.30465412207263454,0.03147687271073488,11.36816441861424,54.463,POOR,SYNTHETIC_RESEARCH_BASED,ML_TRAIN_TEST_DEVELOPMENT_ONLY,PCL literature-informed morphology + FTIR + mechanical latent-quality simulation,TRAIN
SYN_00559,147.2369528395223,41.07827180100257,0.3518942169543619,0.3866180691238668,0.21518485583640612,0.6978170516079077,0.6870710956538969,0.7586578418115543,4.294805798787343,1.4348781589316224,1721.385799179395,0.9021947280644546,2933.6457432613056,0.6652747753496873,1237.7296201523748,0.7051863009575048,1.3683425556147362,0.5704954326005264,0.15257833532621093,0.009916094337086298,0.9425146205570819,16.830236714360876,0.531749188360059,0.325353139905745,0.02949600126320978,12.901828592518997,84.902,GOOD,SYNTHETIC_RESEARCH_BASED,ML_TRAIN_TEST_DEVELOPMENT_ONLY,PCL literature-informed morphology + FTIR + mechanical latent-quality simulation,TRAIN
SYN_00560,140.71147503324303,33.22315369322238,0.419967538211226,0.36285090132986425,0.21974587930787798,0.6791425995833126,0.6791091535288251,0.7183769446923349,7.0730802794131655,1.8060602908301364,1711.689669005422,0.9652726328269265,2938.5443982434567,0.5953325002099734,1241.0613352470218,0.5081926573191267,1.3099900512736125,0.41852446460644743,0.1789397241386749,0.012743029654722992,0.832241775836195,16.478997254126604,0.5453134191999285,0.2832311222418818,0.02849200158687155,11.027072803270318,61.523,POOR,SYNTHETIC_RESEARCH_BASED,ML_TRAIN_TEST_DEVELOPMENT_ONLY,PCL literature-informed morphology + FTIR + mechanical latent-quality simulation,TRAIN
SYN_00561,135.60903464142595,23.54851449592844,0.4685362574393933,0.35279630959091357,0.20305373526618944,0.6631197788192533,0.4850367145984778,0.6766490902451225,4.7384251839052975,1.7390441921520936,1723.3836776896608,0.8358207186008346,2944.853462318155,0.6807644663461385,1238.2369291786265,0.5111215543694168,1.0954094133143877,0.4869279560784642,0.18777945214546868,0.017274569643793238,0.7137881279329813,13.414563936644253,0.37999975507525086,0.3179825928201445,0.01840457882451166,4.060983196246486,51.003,POOR,SYNTHETIC_RESEARCH_BASED,ML_TRAIN_TEST_DEVELOPMENT_ONLY,PCL literature-informed morphology + FTIR + mechanical latent-quality simulation,TRAIN
SYN_00562,151.85689828786408,28.287058358978037,0.37625009532694503,0.37026637682339414,0.1879752877915211,0.6999612458549609,0.6164468172702976,0.6969013068134295,6.1318128964485386,1.7305969183111802,1722.3556376725332,0.9142711602540833,2947.2138136511076,0.7259958307099311,1239.1517293468203,0.565690319828949,1.0829406627142035,0.4381482757983607,0.16614891490532213,0.00782100110078572,0.886492737682196,14.09098877088677,0.5675524149384916,0.2323450186097577,0.02590193400168235,10.915402146588683,62.22,POOR,SYNTHETIC_RESEARCH_BASED,ML_TRAIN_TEST_DEVELOPMENT_ONLY,PCL literature-informed morphology + FTIR + mechanical latent-quality simulation,TRAIN
SYN_00563,128.00285873161477,38.26692626249776,0.31564058828958313,0.4300164055014508,0.23412489161315472,0.7477655972545657,0.8348366180951494,0.7534238227582226,6.365861194925275,1.4231051060276223,1725.4657504817112,1.0358420834163573,2935.959416742441,0.7130697721415743,1234.3454138117268,0.7115704397755991,1.4591935182316715,0.5190104371452087,0.1523009561389043,0.0061469793278719105,0.9532800167878509,17.398812789990725,0.6155412227476112,0.26177203702326446,0.03627459875917136,13.4593561626962,88.669,GOOD,SYNTHETIC_RESEARCH_BASED,ML_TRAIN_TEST_DEVELOPMENT_ONLY,PCL literature-informed morphology + FTIR + mechanical latent-quality simulation,TRAIN
SYN_00564,130.9789893887432,27.998590717886092,0.4189252210651261,0.353321147086675,0.2166386826113818,0.6212124870791335,0.5166600271706122,0.724958499962371,5.516589765126358,1.4772249365441987,1724.0707083644145,0.8977265637781946,2933.444727529305,0.6570961998304249,1242.6174163166108,0.6060322514562373,1.2665150681000426,0.4705531868196365,0.1249939607576061,0.012201200567513865,0.7403992065892605,15.750049484944062,0.47777292362741497,0.3010753510782856,0.02614630133831365,11.314303078410907,59.122,POOR,SYNTHETIC_RESEARCH_BASED,ML_TRAIN_TEST_DEVELOPMENT_ONLY,PCL literature-informed morphology + FTIR + mechanical latent-quality simulation,TRAIN
SYN_00565,141.03960028532705,30.600049776852682,0.30174299189935283,0.3928297394048216,0.2405786281932593,0.7490866139050182,0.7212386886030837,0.7072817345178593,5.2626045353682835,1.5967223485911672,1720.3916375359074,0.8677510408272943,2944.822862008314,0.662062710355886,1244.2188710716355,0.6513479590563738,1.2577076563934575,0.49497202834954,0.15903161440250904,0.003275975670055965,0.9990509315901632,15.977143264171566,0.6193218186557146,0.1959476164909815,0.030801869289155473,13.454059831441272,94.76,GOOD,SYNTHETIC_RESEARCH_BASED,ML_TRAIN_TEST_DEVELOPMENT_ONLY,PCL literature-informed morphology + FTIR + mechanical latent-quality simulation,TRAIN
SYN_00566,142.69240488390514,42.96043177047023,0.45810522608045456,0.267296947362556,0.14611248855223802,0.5949022729951426,0.32600050763991534,0.654333877604969,6.463985581134918,2.6546283931306602,1714.4975352692436,0.9588228231114768,2933.505927372912,0.472128865181068,1242.5044394983108,0.5983987344300234,1.0891448396365422,0.39314320366259964,0.16845648303927144,0.017523548696101718,0.7292829314901136,9.463955227407862,0.4329538701152634,0.2803349163700521,0.013761028872865795,7.067509113630102,27.7,POOR,SYNTHETIC_RESEARCH_BASED,ML_TRAIN_TEST_DEVELOPMENT_ONLY,PCL literature-informed morphology + FTIR + mechanical latent-quality simulation,TRAIN
SYN_00567,169.7477243161703,45.04371308626208,0.38183290981210805,0.3571412200028968,0.16874259204241215,0.6406052586416601,0.5399124952771852,0.6595800936365588,5.740194334400219,1.8644313466467985,1718.1157302697607,0.8993567482714374,2941.440558452912,0.5746961882073134,1243.3092035507927,0.5529826678970923,1.092631887711025,0.49239563648524465,0.16779385919631218,0.014349573458708345,0.8529111302243708,10.574151618624867,0.37866400751878515,0.3040868284223385,0.020271075772983174,6.4962444499807726,56.805,POOR,SYNTHETIC_RESEARCH_BASED,ML_TRAIN_TEST_DEVELOPMENT_ONLY,PCL literature-informed morphology + FTIR + mechanical latent-quality simulation,TRAIN
SYN_00568,142.40562244921242,34.01636605107743,0.3090050292126274,0.3752400634750474,0.255834697881794,0.7487725164075628,0.6896905103206331,0.8106156446584708,5.145590898466962,1.3742867895579853,1727.4876045692754,1.0009114556663117,2939.5232595576826,0.7195460068501722,1243.9645222753202,0.5699104684616684,1.3045456443173633,0.49104563349534786,0.15372423553068115,-0.001777535720327043,0.8747438435081474,17.44102323151476,0.55198420835977,0.14847812010355688,0.03285855942707792,11.4682939184748,86.652,GOOD,SYNTHETIC_RESEARCH_BASED,ML_TRAIN_TEST_DEVELOPMENT_ONLY,PCL literature-informed morphology + FTIR + mechanical latent-quality simulation,TRAIN
SYN_00569,190.08161248965303,39.44756340481117,0.35015918442349836,0.3715193712614379,0.22799878648745694,0.6877048253370747,0.6996213367305124,0.7438408070133109,7.1025392080857745,1.1798765657466503,1719.4339791114191,0.8600584822793234,2939.0877561753364,0.6889813039262659,1234.0688831620953,0.7325143936633216,1.3733228823763424,0.5652640809176515,0.16003964939657295,0.006879168664975584,1.0345495281827635,19.902779100454026,0.5048385054706457,0.21892023069540906,0.03664413817454786,11.297812100826404,93.527,GOOD,SYNTHETIC_RESEARCH_BASED,ML_TRAIN_TEST_DEVELOPMENT_ONLY,PCL literature-informed morphology + FTIR + mechanical latent-quality simulation,TRAIN
SYN_00570,147.57419618598217,31.926495929809604,0.3263711332611013,0.4058458524778677,0.21704114759792822,0.7383746702723413,0.6771892900946912,0.7619811335271551,5.42432461204773,1.1748159339560322,1719.9806916676423,0.9828114594665015,2943.6956646851986,0.7518351899172255,1248.719760440777,0.6668806433314611,1.2227833711991756,0.5063375401377627,0.15427748927472873,0.004775801183771418,0.9975587204786505,18.441054738153426,0.6589873590884129,0.24807528677419985,0.04869219107215867,12.971449963728618,81.499,GOOD,SYNTHETIC_RESEARCH_BASED,ML_TRAIN_TEST_DEVELOPMENT_ONLY,PCL literature-informed morphology + FTIR + mechanical latent-quality simulation,TRAIN
SYN_00571,133.54392006038657,38.5901375013672,0.3626230210095134,0.3785552431901628,0.20214376061111952,0.7365954832886312,0.5135413256942891,0.7407295664010186,5.728299054551595,1.8281403917105248,1713.97683807871,0.8635370942054981,2933.136585739638,0.5424042829827286,1241.3527546343357,0.49579375881204835,1.2655278870460984,0.5272541434084324,0.16758054758648017,0.010170007111085778,0.8410069172108876,17.025340181950046,0.6015894220474672,0.25474125909978784,0.03719906143789952,10.078734708157087,67.207,POOR,SYNTHETIC_RESEARCH_BASED,ML_TRAIN_TEST_DEVELOPMENT_ONLY,PCL literature-informed morphology + FTIR + mechanical latent-quality simulation,TRAIN
SYN_00572,146.17299536654883,41.42648950776967,0.4503923107523566,0.3593735510232659,0.17497511538331256,0.6526063213103728,0.43546921528993965,0.6132864968713863,6.661677607677312,1.8407969095989696,1728.1165494959873,0.8476684197837608,2941.9036081029576,0.6892549152130572,1239.3134051325721,0.5247618236421886,1.1819293692029993,0.42908615766802377,0.16972153508119128,0.018584449601952487,0.5573010359719448,9.838369738604792,0.3832611755431772,0.25120249286226315,0.022967674937860273,7.0494176046647805,41.31,POOR,SYNTHETIC_RESEARCH_BASED,ML_TRAIN_TEST_DEVELOPMENT_ONLY,PCL literature-informed morphology + FTIR + mechanical latent-quality simulation,TRAIN
SYN_00573,154.93058928038658,39.17712410590653,0.464310174294087,0.3215881081528633,0.1251048034571506,0.652157065815117,0.3053068730679348,0.6562802696403641,6.337230110614671,1.932932103676216,1725.2578892506563,0.9174864734832883,2946.6513365320975,0.4639059223297916,1238.3906352281635,0.523442840074971,1.0013095579244309,0.43743383162873933,0.18771174194466567,0.017507117169406262,0.5792955874920334,11.825604346833895,0.33382425894054674,0.28053805732039483,0.011484369136838082,3.834026053251069,31.93,POOR,SYNTHETIC_RESEARCH_BASED,ML_TRAIN_TEST_DEVELOPMENT_ONLY,PCL literature-informed morphology + FTIR + mechanical latent-quality simulation,TRAIN
SYN_00574,138.16177383290795,45.51390058026653,0.3975394294409278,0.3361522531383301,0.15745289454293296,0.6488496931534671,0.4303931587969446,0.6316289782020647,6.387419713454293,1.6302606309175016,1723.7592645336413,0.8460599247624025,2941.7985695798993,0.7798919525320082,1239.65764657513,0.5342519302903584,1.086855549236266,0.4372755032527485,0.16817057849420464,0.014842963723776602,0.767708714594993,16.697128897861138,0.6416444114465348,0.30988347565636115,0.019873015738821772,8.867915825829915,42.936,POOR,SYNTHETIC_RESEARCH_BASED,ML_TRAIN_TEST_DEVELOPMENT_ONLY,PCL literature-informed morphology + FTIR + mechanical latent-quality simulation,TRAIN
SYN_00575,151.66073741881507,34.691601975782866,0.4370137992132839,0.2911654546859051,0.17826514289709833,0.5955714217999039,0.417483973575882,0.6046043190885139,6.406055619142447,2.099887998945829,1722.032379443617,0.7514119181102835,2946.7652657559092,0.5468484210789466,1243.114693643777,0.6023961684968171,1.036355122630659,0.3750208814388126,0.17464875791005563,0.022322508071862007,0.47089388544162003,9.91468417957624,0.4883426887239495,0.3600152822698529,0.0236655125460249,5.591135011548019,27.716,POOR,SYNTHETIC_RESEARCH_BASED,ML_TRAIN_TEST_DEVELOPMENT_ONLY,PCL literature-informed morphology + FTIR + mechanical latent-quality simulation,TRAIN
SYN_00576,138.20939638119333,30.052736936564752,0.28341639313825767,0.3489880589420623,0.2544906324335389,0.7976129805364885,0.8579523402934055,0.7485109169299704,5.297420326491425,1.0833747584512539,1717.6785323261784,0.9291742363937738,2937.7715879495763,0.6150902408777941,1242.6548576672128,0.5945231759083411,1.6243987613111182,0.5560511064341616,0.14537738716055343,0.005937688714417661,0.7267802467178368,14.252695017982841,0.5263298989729023,0.25188988096535436,0.044849265778139885,11.541651955058068,87.433,GOOD,SYNTHETIC_RESEARCH_BASED,ML_TRAIN_TEST_DEVELOPMENT_ONLY,PCL literature-informed morphology + FTIR + mechanical latent-quality simulation,TRAIN
SYN_00577,156.10003611330654,43.87414561158876,0.3288483245610846,0.4081602786562403,0.2805882409473952,0.7706305326352066,0.7700209197451842,0.7518732749325111,5.222772984960359,1.0047773297670997,1718.4714472027288,0.9888058076760821,2949.561109694639,0.77213186768321,1244.6306461629729,0.6377925294631895,1.3232030592883866,0.5453288992266171,0.14548389047908408,-0.0006065504083968875,1.0443996817219463,18.668935034838697,0.6690102074669916,0.19920223395754716,0.04025598819942932,10.00160665306414,91.79,GOOD,SYNTHETIC_RESEARCH_BASED,ML_TRAIN_TEST_DEVELOPMENT_ONLY,PCL literature-informed morphology + FTIR + mechanical latent-quality simulation,TRAIN
SYN_00578,151.53664612978474,38.49953463952909,0.40127863460806673,0.326173006754216,0.18678655151173526,0.6470806420053942,0.46190449809930767,0.658859174961111,7.936001684659317,1.5961860011228346,1723.4690653326272,0.85236603373503,2944.8193101519564,0.4925885899458006,1239.3854155608028,0.5243675793744522,1.0155338186733198,0.47789357616891376,0.1674288479010607,0.015028938762281226,0.4950589925130183,13.179664963736334,0.4350624609576379,0.2941369557190661,0.02317889311825334,7.272776126854592,47.721,POOR,SYNTHETIC_RESEARCH_BASED,ML_TRAIN_TEST_DEVELOPMENT_ONLY,PCL literature-informed morphology + FTIR + mechanical latent-quality simulation,TRAIN
SYN_00579,160.04677177742144,39.52819709572745,0.41140643882389183,0.34493433647995164,0.13592233662581196,0.6181830179717362,0.38838364748792736,0.6730088475151089,6.175892315151451,1.3659856144683475,1715.9791512275187,0.7693564378792127,2936.8718248632813,0.5828369467623854,1251.569337159651,0.5066436176129633,1.0076248532732548,0.4031254814301269,0.1497799335846992,0.012664795285369545,0.6230540206321591,12.846199817067756,0.450462061792176,0.3391238945491545,0.022635647430304856,5.029782596098771,33.7,POOR,SYNTHETIC_RESEARCH_BASED,ML_TRAIN_TEST_DEVELOPMENT_ONLY,PCL literature-informed morphology + FTIR + mechanical latent-quality simulation,TRAIN
SYN_00580,138.3606081296718,43.275936315187366,0.4087378525514022,0.30306179053271026,0.193606410504772,0.5863366405793373,0.4023706469346465,0.6133871227579168,4.643335787588761,1.9280732955006576,1727.3245876927515,0.9165122134640201,2941.5926424335125,0.6622274853405418,1239.5070207228205,0.5612171351032205,1.1503712040756533,0.4248115555655001,0.14768395490998984,0.00722642220758258,0.8118486395269309,14.681252432972887,0.5058554480445397,0.2014183452015056,0.03533379936862712,10.607073591847564,63.296,POOR,SYNTHETIC_RESEARCH_BASED,ML_TRAIN_TEST_DEVELOPMENT_ONLY,PCL literature-informed morphology + FTIR + mechanical latent-quality simulation,TRAIN
SYN_00581,129.597643318139,31.226725991240986,0.49009759856944585,0.3104194904806648,0.17718697830910538,0.6207751041458244,0.4019805475665927,0.6501465343880314,6.692776940339908,1.8384617380634989,1726.3474943999818,0.8056115794507865,2936.842844492257,0.6391457094730819,1246.79816731383,0.5304794126251152,1.007582031797852,0.3887231769201739,0.19674503555589876,0.014301194428503982,0.4730522272720241,7.237741674488412,0.38964506551762124,0.31356635578217307,0.020252790547102245,7.378228204970945,32.296,POOR,SYNTHETIC_RESEARCH_BASED,ML_TRAIN_TEST_DEVELOPMENT_ONLY,PCL literature-informed morphology + FTIR + mechanical latent-quality simulation,TRAIN
SYN_00582,155.9668547014588,45.134817056291894,0.32832791655833493,0.37175971464935065,0.2149030284498965,0.7457866402939609,0.6192345655830991,0.7340942688275323,5.419073232021722,1.3379089108661066,1718.7577074812427,0.9319437932779787,2944.8924412779697,0.704927464752904,1240.248875471122,0.5950244942583092,1.309840631242116,0.5385549587939669,0.1482088860681596,0.0008849034224258827,1.003176150007065,16.656153107370685,0.684146741815233,0.27483112729107406,0.03283850866590998,10.322372002491962,86.069,GOOD,SYNTHETIC_RESEARCH_BASED,ML_TRAIN_TEST_DEVELOPMENT_ONLY,PCL literature-informed morphology + FTIR + mechanical latent-quality simulation,TRAIN
SYN_00583,122.68405323755121,54.02245815995148,0.4060147382824731,0.32466292357700216,0.18313798396684,0.6514587623378247,0.3453733590057113,0.6514095597912591,6.50727419879842,1.866649483991521,1722.5736735011353,0.8677413563280506,2938.6752260823823,0.5467245004166091,1246.1968110704822,0.47490619989868266,1.2044076425482813,0.35773080474014785,0.23706410861940147,0.017663957121076896,0.49934722213685373,12.39832861458194,0.3282825125992571,0.3227861724315247,0.018372368212535163,9.175771745259812,45.747,POOR,SYNTHETIC_RESEARCH_BASED,ML_TRAIN_TEST_DEVELOPMENT_ONLY,PCL literature-informed morphology + FTIR + mechanical latent-quality simulation,TRAIN
SYN_00584,140.05311368416955,36.58891023325708,0.32818350081239356,0.34064921070420984,0.24634860129479727,0.650027413297676,0.490451300965864,0.775499986989798,5.112350415165567,1.866610869458352,1722.1018967753128,0.9025381999505356,2938.509936718452,0.6721195281311488,1238.5887551586602,0.5774732155971748,1.1486672901365902,0.4898795222460161,0.1983064431693857,0.0055245927474954866,0.7339131705576214,14.891647054098923,0.5333799271565458,0.3064907353656456,0.029848571085212158,9.438046356500253,64.605,POOR,SYNTHETIC_RESEARCH_BASED,ML_TRAIN_TEST_DEVELOPMENT_ONLY,PCL literature-informed morphology + FTIR + mechanical latent-quality simulation,TRAIN
SYN_00585,122.03439056330123,34.0557151280444,0.40772969149563076,0.3280329056398057,0.19578106347122834,0.666175389449122,0.5573437670050599,0.6582682776771132,6.84816708222977,1.883671225599289,1725.1016564537529,1.0466610844984625,2945.8982844912784,0.5998841945362986,1247.5539080612048,0.558852126644448,1.1893635594572247,0.43110505586461295,0.18987443072285448,0.009284718860316375,0.5543484227089107,13.311932656510981,0.37787843097675017,0.2861016107483401,0.020638385866677673,8.580724488904105,48.162,POOR,SYNTHETIC_RESEARCH_BASED,ML_TRAIN_TEST_DEVELOPMENT_ONLY,PCL literature-informed morphology + FTIR + mechanical latent-quality simulation,TRAIN
SYN_00586,153.23849543084387,40.49180167439566,0.29355922976017423,0.3955962912348918,0.21571582990101332,0.7430952828586416,0.6797981829666778,0.7569599689864177,5.056389026242917,0.8588640003137091,1722.6405586840606,0.9738329152928851,2943.251250162905,0.7835833278318985,1236.2591325470323,0.7117426837471759,1.4897341067736725,0.5917984501688149,0.17338502269007663,0.0016337157359001628,0.812286115509085,15.132720399270426,0.5989057835248652,0.2067025474461095,0.030930726410550065,12.291663588411044,97.485,GOOD,SYNTHETIC_RESEARCH_BASED,ML_TRAIN_TEST_DEVELOPMENT_ONLY,PCL literature-informed morphology + FTIR + mechanical latent-quality simulation,TRAIN
SYN_00587,148.31449798585783,32.77888347613935,0.2948028820690958,0.42148361141493895,0.2671992318172217,0.7648529852937154,0.777471794965974,0.8163943868514477,6.1137850521058725,0.8090748325222582,1723.0682772347216,0.9854617559055184,2941.68448174447,0.707173472052056,1245.5405101500216,0.5377519838935283,1.4343519203872857,0.5568290671432057,0.12488266261708475,0.005506806827239704,0.8602341433405757,18.142361002406183,0.6417373360448011,0.24018414577620772,0.042931535015391466,10.621553313894413,86.311,GOOD,SYNTHETIC_RESEARCH_BASED,ML_TRAIN_TEST_DEVELOPMENT_ONLY,PCL literature-informed morphology + FTIR + mechanical latent-quality simulation,TRAIN
SYN_00588,138.92969910652732,34.49972572012396,0.3237081882776895,0.4215507360730524,0.22438230407541127,0.6993255368156616,0.6086624452583703,0.7248177187463138,5.438196439653954,1.319441529325517,1718.2451093733898,1.0397907058546696,2937.051628686119,0.6402455530406517,1245.0474218594882,0.655683975392614,1.26520061768886,0.5892668901457232,0.15389955681593273,0.007764314190822061,0.7605163852690634,13.58503775871653,0.6045174831518042,0.2919891814009694,0.0412781271174517,11.13801343571483,80.085,GOOD,SYNTHETIC_RESEARCH_BASED,ML_TRAIN_TEST_DEVELOPMENT_ONLY,PCL literature-informed morphology + FTIR + mechanical latent-quality simulation,TRAIN
SYN_00589,158.47891990930114,40.879592990480404,0.4700853690452178,0.30098261037213714,0.17806865657248705,0.6099875830294663,0.4067685058471514,0.6415701908182273,5.962709546861176,1.7871429526970317,1725.4394319276405,0.8667766736182251,2944.909332825727,0.6282515851128813,1243.2699140879258,0.5440893792648187,0.9396210262780409,0.4095136836055491,0.2100970344496731,0.025352003719829208,0.6119156882224464,13.67948700626529,0.27866542196043614,0.33482006225248717,0.01333852133128631,5.805846160284557,32.849,POOR,SYNTHETIC_RESEARCH_BASED,ML_TRAIN_TEST_DEVELOPMENT_ONLY,PCL literature-informed morphology + FTIR + mechanical latent-quality simulation,TRAIN
SYN_00590,152.08011112337022,37.2322993016384,0.39424366615487316,0.34252210768746855,0.18335343189783887,0.6459858352243877,0.3633598399654183,0.6588715546295355,6.169020760533036,1.5934861630018446,1721.8185030589832,0.9543193269429464,2942.726588263068,0.6105270723426914,1244.2016198728359,0.5211805300317757,1.2205095182007142,0.5053307976587531,0.16420331434566843,0.007815166054058319,0.7878083872711169,13.239344863796529,0.3844509436880317,0.23996019754049439,0.021959152719797988,8.940198798612936,55.583,POOR,SYNTHETIC_RESEARCH_BASED,ML_TRAIN_TEST_DEVELOPMENT_ONLY,PCL literature-informed morphology + FTIR + mechanical latent-quality simulation,TRAIN
SYN_00591,151.37885021909497,36.91445130898195,0.34819326427289415,0.37283815477482235,0.24109813144853692,0.6763950611222613,0.6849176283402167,0.7215760886399676,6.652174278635746,1.52818026314566,1717.73924819891,0.8926156348261043,2938.219076356243,0.6821443900785451,1238.5647956792363,0.4495985108175051,0.9988765901390638,0.4444705775227917,0.19331466772251074,0.00872178168333735,0.7085261075538906,14.22536731717833,0.5863851859631664,0.3201688213397803,0.022517002608734446,8.85253621421842,56.198,POOR,SYNTHETIC_RESEARCH_BASED,ML_TRAIN_TEST_DEVELOPMENT_ONLY,PCL literature-informed morphology + FTIR + mechanical latent-quality simulation,TRAIN
SYN_00592,149.61364806995326,33.96317714874807,0.41865792741484836,0.35363338364137675,0.174630203627348,0.7027636581655161,0.448674043492992,0.643271278342603,5.566012169552646,2.184864008864686,1732.8757255129494,0.8409024752008756,2933.6837088302814,0.6616163950508954,1239.7434046676838,0.47068372351774834,1.1893985125314512,0.4719928713777194,0.1686915532813904,0.010508131719202337,0.7722226699487875,16.321914774283947,0.5837068542654813,0.25669929440149397,0.030448849741972442,9.587666244767236,53.868,POOR,SYNTHETIC_RESEARCH_BASED,ML_TRAIN_TEST_DEVELOPMENT_ONLY,PCL literature-informed morphology + FTIR + mechanical latent-quality simulation,TRAIN
SYN_00593,130.97328333487977,41.69628740112824,0.41143486340493224,0.32068329787954675,0.1834620929812971,0.5986939326137849,0.3896081843036398,0.6282396234288784,6.424408053767089,1.5751987522673372,1728.5606226080872,0.8954465380995144,2940.687014300933,0.717901703643889,1238.8015963255662,0.5647171104632489,1.1659913086465838,0.43085867988055576,0.19950662536260122,0.011472329826924064,0.7222683690997608,12.52110876561222,0.3702183298096729,0.3393134754126826,0.03003248802469813,7.046340176173225,43.42,POOR,SYNTHETIC_RESEARCH_BASED,ML_TRAIN_TEST_DEVELOPMENT_ONLY,PCL literature-informed morphology + FTIR + mechanical latent-quality simulation,TRAIN
SYN_00594,157.96157260117462,25.021501997149763,0.3203445983332772,0.33873121840137355,0.21563691966226875,0.6965862594821147,0.6779766850416353,0.7236751203570404,4.855288198307553,1.4092820959505648,1726.2061938454226,0.9115048005148537,2942.32009078602,0.6510802958652563,1244.003878656663,0.5916712790061089,1.4784297520254928,0.44766213953567374,0.1397587639384196,0.011463353343187394,0.9018274595679908,15.144442504544557,0.5022033558527158,0.24266194379081518,0.03320118202060705,10.839703157527527,68.405,POOR,SYNTHETIC_RESEARCH_BASED,ML_TRAIN_TEST_DEVELOPMENT_ONLY,PCL literature-informed morphology + FTIR + mechanical latent-quality simulation,TRAIN
SYN_00595,162.69541313240472,50.020654628384506,0.3976813713937943,0.3904947792647321,0.22278990122910133,0.7663988983520224,0.6994990303758167,0.83127420137489,4.753284187471745,1.1345363427696593,1726.656857054618,0.8345971149165912,2939.9138722498606,0.6571271277015718,1233.4467772717992,0.5442265270486357,1.4685076703166915,0.5993490568767015,0.13912344437105906,0.00757931136208881,0.8107384618683173,18.12024371139255,0.653098042431563,0.1994408635289064,0.028914818772595677,12.598500341882271,88.614,GOOD,SYNTHETIC_RESEARCH_BASED,ML_TRAIN_TEST_DEVELOPMENT_ONLY,PCL literature-informed morphology + FTIR + mechanical latent-quality simulation,TRAIN
SYN_00596,149.78947562120754,43.202646741484266,0.5167284080074686,0.24128809575653265,0.18436083359964267,0.6019380319768548,0.3010082197074746,0.6509607410943049,6.144396470505077,1.6854065538698502,1725.6706437887199,0.790504111234872,2941.674434813187,0.5819690871886289,1244.0903504254954,0.6232405299329655,0.8388555245359743,0.38128657473374156,0.19141573484247346,0.0168432771031062,0.5912493638814603,12.363057225568362,0.3095739447496195,0.22164228002827097,0.027286033260551457,6.3183573582231505,36.243,POOR,SYNTHETIC_RESEARCH_BASED,ML_TRAIN_TEST_DEVELOPMENT_ONLY,PCL literature-informed morphology + FTIR + mechanical latent-quality simulation,TRAIN
SYN_00597,138.6065043342492,40.00938846206534,0.36032060402735966,0.34467450811445527,0.21891307008864114,0.637618741712111,0.5920914391618364,0.7530421074791048,4.204341380289668,1.1115131705276573,1724.876613990935,0.9449723909276767,2939.013591207847,0.671679704405106,1241.623262328005,0.6036461416432121,1.3762691199808212,0.49209074462422653,0.16846919510995514,0.006333802667074199,0.7556819609828529,16.076312770933093,0.5831642321854109,0.2354328359176971,0.04273336106634562,12.49398370616733,75.215,GOOD,SYNTHETIC_RESEARCH_BASED,ML_TRAIN_TEST_DEVELOPMENT_ONLY,PCL literature-informed morphology + FTIR + mechanical latent-quality simulation,TRAIN
SYN_00598,148.17920685654798,28.813293797950983,0.31847676214893933,0.4037810243925202,0.2502732735497303,0.779171330887443,0.6045312255681451,0.7641066720059483,5.272495682783299,1.749924760294325,1727.225639059172,0.8433151353847925,2944.4633167845345,0.6048895172405621,1242.3499690609192,0.571059789572212,1.2932597227535052,0.4854607133353096,0.1436554403534532,0.012681399911880728,0.9067454857581302,15.795969525197815,0.5669818371646475,0.32085494236375695,0.040893017734341834,12.326343673553955,64.72,POOR,SYNTHETIC_RESEARCH_BASED,ML_TRAIN_TEST_DEVELOPMENT_ONLY,PCL literature-informed morphology + FTIR + mechanical latent-quality simulation,TRAIN
SYN_00599,139.78561122586348,38.913517983720446,0.4632888564903576,0.31540862396642355,0.15267271409651795,0.5671191269275065,0.3401155222688508,0.6215172592546536,6.044584254458487,1.9690011874623496,1728.144807736608,0.8472525714608913,2932.958572554737,0.6260739504358603,1244.0799251632366,0.5482851506247719,1.1642300820878075,0.42106460552498626,0.18884162864964923,0.014851735062447852,0.49858329088298015,10.095641709431538,0.33752778324014715,0.25778994867308436,0.008268128672077208,4.817945007583059,32.011,POOR,SYNTHETIC_RESEARCH_BASED,ML_TRAIN_TEST_DEVELOPMENT_ONLY,PCL literature-informed morphology + FTIR + mechanical latent-quality simulation,TRAIN
SYN_00600,168.87208561775645,31.861806754170964,0.3750360528000397,0.40284470717507004,0.22926014634309888,0.7759471788508543,0.5704807388414168,0.7191394289232403,6.201005763947927,1.2095774521901201,1719.3354975861616,0.9475066315715234,2937.3571679478064,0.6969927920675764,1238.2229976729657,0.5418571497048514,1.4763021467093882,0.5246765328414325,0.18455521548240555,0.0037493905093009872,1.0786148160606666,16.29128782834336,0.5555552906636392,0.340279727709459,0.030268203054851055,10.083777991734106,92.196,GOOD,SYNTHETIC_RESEARCH_BASED,ML_TRAIN_TEST_DEVELOPMENT_ONLY,PCL literature-informed morphology + FTIR + mechanical latent-quality simulation,TRAIN
SYN_00601,156.82192143776246,39.43843636351063,0.4079892293637813,0.2914094643570333,0.17001946832188533,0.596173124745362,0.4435526070098457,0.6372591976476979,5.561820637148253,1.95395758023011,1726.2462298092635,0.7118439380185719,2941.8761166534846,0.6861038737938495,1246.0436331369106,0.5930568809537624,1.287397297923831,0.4581976381466871,0.1662076509045513,0.012446190193592784,0.639342476329556,13.603526809968308,0.36531184769633196,0.309401557708792,0.017155344655850932,6.912739173958533,44.808,POOR,SYNTHETIC_RESEARCH_BASED,ML_TRAIN_TEST_DEVELOPMENT_ONLY,PCL literature-informed morphology + FTIR + mechanical latent-quality simulation,TRAIN
SYN_00602,136.8186498053348,39.66303083757712,0.3538214606338229,0.3766302232788784,0.22450279098214176,0.7193846728328633,0.6323763340266066,0.6876496159260969,5.2783413922664595,1.9825588151889428,1722.2010598833633,0.8377871726232521,2941.686571998991,0.7027018610344822,1232.9272002711066,0.42307713228985266,1.221581913664439,0.4868520654405261,0.1548912375727761,0.006580351814174122,0.7872132050023829,14.216539669918928,0.45066342509390533,0.36575056959161323,0.026822540171435358,10.936417999543627,71.454,GOOD,SYNTHETIC_RESEARCH_BASED,ML_TRAIN_TEST_DEVELOPMENT_ONLY,PCL literature-informed morphology + FTIR + mechanical latent-quality simulation,TRAIN
SYN_00603,135.4480771587193,36.35505775721017,0.4148794120130765,0.3391679664567801,0.14029726146863447,0.6849903039373187,0.3357082171670061,0.6414010621178302,5.888841752032519,1.707747047581199,1719.2713662762862,0.773544160774432,2935.6252291542073,0.5755363328709431,1247.0668794645987,0.6658473863602141,1.166424735760542,0.4964819729863169,0.19583477467068194,0.006879984589971773,0.7542677749686286,15.712303312484673,0.6317730780199594,0.32123325900501726,0.020756531570813832,7.0262507670950995,46.597,POOR,SYNTHETIC_RESEARCH_BASED,ML_TRAIN_TEST_DEVELOPMENT_ONLY,PCL literature-informed morphology + FTIR + mechanical latent-quality simulation,TRAIN
SYN_00604,129.33404667740874,44.245452286012366,0.3116374301135037,0.394983916868438,0.2514425009264292,0.7807146834986295,0.7223048091959304,0.8205400886985108,5.105785429551686,1.1295433333381633,1720.5319356228413,0.8997412479255116,2935.9280205112714,0.6410992688197371,1240.3468873185495,0.573492696491348,1.2398438745737954,0.5599341149825294,0.13992953318015802,0.010489652084781548,1.110765689541878,17.4682139577296,0.6195523728707801,0.20203127674138588,0.04362810742795517,13.790007871957847,95.85,GOOD,SYNTHETIC_RESEARCH_BASED,ML_TRAIN_TEST_DEVELOPMENT_ONLY,PCL literature-informed morphology + FTIR + mechanical latent-quality simulation,TRAIN
SYN_00605,159.53483854509028,29.87102173592973,0.32367984806876515,0.3907531913763468,0.22638216646879886,0.6878880261500597,0.7404727736535041,0.7619853936633197,5.254664545859879,1.1506736217795326,1721.482182783411,0.9247470289921583,2944.4427064494307,0.7046839672685339,1242.4359208444362,0.6970890057788309,1.3940254771001328,0.55587102261596,0.14387946928086348,0.008084677685837554,1.0293210315103538,16.79842027549997,0.5344011833010438,0.2546450359866008,0.04881693627101991,11.300397388365653,90.63,GOOD,SYNTHETIC_RESEARCH_BASED,ML_TRAIN_TEST_DEVELOPMENT_ONLY,PCL literature-informed morphology + FTIR + mechanical latent-quality simulation,TRAIN
SYN_00606,144.80916707196215,35.16505096995171,0.48838833578753166,0.3414408896419853,0.17268485490337096,0.6462407135263348,0.40929895308009423,0.6553083315982119,7.480116314882541,1.5370321199001584,1718.3545633968006,0.7580839985271096,2956.776059984574,0.58574006821217,1246.697691656328,0.6081706233661293,1.1890942120408852,0.38183192847979436,0.18069007142191268,0.019612752121553275,0.561822784157283,15.134270646030465,0.47088249625065437,0.3547328674382036,0.023683130232463597,8.034593058392439,39.861,POOR,SYNTHETIC_RESEARCH_BASED,ML_TRAIN_TEST_DEVELOPMENT_ONLY,PCL literature-informed morphology + FTIR + mechanical latent-quality simulation,TRAIN
SYN_00607,133.22004621411492,52.706211496696874,0.3754070808946565,0.36457981935374045,0.18715535507370476,0.6807212976954296,0.5897311239637489,0.7098043650136892,5.938961585895494,1.6420458507693991,1727.4351672810665,0.9015874381208479,2943.8218404483305,0.7424556291126774,1243.3480882506828,0.5055249636667103,1.0764150709013247,0.45661424667939654,0.1585584178349054,0.012203355004023274,0.8654766377958876,16.146322669168757,0.623265638447057,0.27379138391149227,0.032790578561905696,11.361241607428129,68.591,POOR,SYNTHETIC_RESEARCH_BASED,ML_TRAIN_TEST_DEVELOPMENT_ONLY,PCL literature-informed morphology + FTIR + mechanical latent-quality simulation,TRAIN
SYN_00608,142.91816428280887,49.17358011648191,0.46249797156945616,0.3251846312973145,0.16923818653396772,0.5312149046801042,0.33377667385713816,0.638362189718104,6.56384411555268,2.0157817371897213,1716.707567124094,0.83771823204764,2944.6864779041143,0.5901706381129411,1244.1018141926727,0.5342525113968701,1.233060378364904,0.3690663634990078,0.19917675881476068,0.020458172012385287,0.46366856204803447,11.932427498976399,0.40454228512753754,0.36410835445085477,0.014451349989755783,5.734470742925915,26.807,POOR,SYNTHETIC_RESEARCH_BASED,ML_TRAIN_TEST_DEVELOPMENT_ONLY,PCL literature-informed morphology + FTIR + mechanical latent-quality simulation,TRAIN
SYN_00609,157.65142210956427,35.85071965230722,0.33728428280495965,0.3637230450765559,0.20507185366274977,0.6772686747178291,0.5882749708858513,0.7148188676851319,5.204906899236779,1.3997618831706646,1717.9060730696142,0.8088597409641526,2939.841479686684,0.5942834154032278,1242.1143031436952,0.6862744263371992,1.1848429357415484,0.5556836859038767,0.15057033073804446,0.007908515642263993,0.8494987757540513,18.731589280713376,0.6324400379506067,0.246760228289287,0.02734114174751038,10.583656663475857,77.922,GOOD,SYNTHETIC_RESEARCH_BASED,ML_TRAIN_TEST_DEVELOPMENT_ONLY,PCL literature-informed morphology + FTIR + mechanical latent-quality simulation,TRAIN
SYN_00610,186.24291125968614,31.207503700746816,0.39157342981211213,0.40712567390074705,0.21394362513243326,0.7102764950964718,0.6504108040369916,0.7246274700964711,5.467775268624123,1.819401348590124,1725.8256698902037,0.8455307747725558,2949.114118990746,0.5768445222283457,1232.8894913178744,0.6920963690050335,1.1662429789231377,0.5290056390299801,0.1453968007355164,0.007409884917683558,0.5846496302148453,15.499292210459807,0.39267723392736453,0.3330480717526645,0.02997202996459967,13.732403874979436,61.35,POOR,SYNTHETIC_RESEARCH_BASED,ML_TRAIN_TEST_DEVELOPMENT_ONLY,PCL literature-informed morphology + FTIR + mechanical latent-quality simulation,TRAIN
SYN_00611,155.4279972841296,33.13246901451084,0.35989331192504675,0.33466922391060727,0.18570996237834497,0.6142703724195924,0.6804474543987696,0.7274205544889618,5.541764613154237,1.4239566391723057,1720.6488908221613,0.9685369754806104,2942.7809243525203,0.5822303002092496,1239.3090444461159,0.5653272098728006,1.1987960174992152,0.46368285752250127,0.15498058773692527,0.01600603178741812,0.7804246786876037,15.071110793175583,0.575966180759258,0.31025707980301076,0.034162329072692586,9.561679572937752,64.388,POOR,SYNTHETIC_RESEARCH_BASED,ML_TRAIN_TEST_DEVELOPMENT_ONLY,PCL literature-informed morphology + FTIR + mechanical latent-quality simulation,TRAIN
SYN_00612,156.7148577312991,30.244557563674405,0.33584590800804537,0.3571054275213322,0.1866759195859945,0.7018969202865738,0.7379516480307785,0.7057987369855622,7.44741984456582,1.7652563373964454,1718.4803889934865,0.8315642353185027,2925.9961012399,0.6060523828593973,1247.74810163717,0.5798006774228497,1.2603039028416045,0.4546060790175891,0.14562726342179064,0.007658388842921292,0.8355049000054269,17.287033539118063,0.6236718575320409,0.28266627418025614,0.026433947944229798,9.034516793919753,72.568,GOOD,SYNTHETIC_RESEARCH_BASED,ML_TRAIN_TEST_DEVELOPMENT_ONLY,PCL literature-informed morphology + FTIR + mechanical latent-quality simulation,TRAIN
SYN_00613,167.4711946414337,30.607034258605786,0.3757300307643085,0.4176115225598749,0.2241086506497196,0.7073081875430933,0.6334509285383941,0.6729568763988086,6.476259015818471,1.5252219251544508,1726.0299098565233,0.8973664673782635,2938.8051131390225,0.7163214254193014,1236.0908716604708,0.5576174087690895,1.2383347386395778,0.5283501523774333,0.1748687931971767,0.00708505803951737,0.7864648698085481,13.857983825361098,0.6528397294563114,0.31319704828838696,0.03564043659296952,13.543728550568447,81.35,GOOD,SYNTHETIC_RESEARCH_BASED,ML_TRAIN_TEST_DEVELOPMENT_ONLY,PCL literature-informed morphology + FTIR + mechanical latent-quality simulation,TRAIN
SYN_00614,172.42509706810233,41.731791367454136,0.3096333318031426,0.3896778419833373,0.26333599627265314,0.7911141820196328,0.6745262431240637,0.8513075110776352,4.648065633789228,0.8832238292513307,1722.4625144152485,1.1018025767808266,2936.4668216308037,0.6936302378376338,1248.1414374759825,0.6944273984654767,1.4022122364442224,0.4980491563546055,0.1447336271274492,0.010581637108138656,0.9200246487387445,18.29286463293114,0.6611001634040574,0.2740652076471339,0.038801906669529644,12.350319441391425,89.081,GOOD,SYNTHETIC_RESEARCH_BASED,ML_TRAIN_TEST_DEVELOPMENT_ONLY,PCL literature-informed morphology + FTIR + mechanical latent-quality simulation,TRAIN
SYN_00615,176.237573217128,40.58812435139899,0.3061205272133202,0.3970081108694692,0.2534782840944809,0.7322621038701017,0.7610998630381999,0.7900318581844887,4.876395864070558,1.0443268444910576,1722.027705143326,0.8655674840430857,2941.7196309072037,0.6111639303475217,1238.7420302368391,0.6451203168688314,1.2299826873040118,0.49886038508818376,0.14461696289609802,0.0021782013687763613,0.8948415843585019,17.829276470106876,0.5629681509848208,0.23828125109999,0.041898182968506434,13.106344656123728,79.255,GOOD,SYNTHETIC_RESEARCH_BASED,ML_TRAIN_TEST_DEVELOPMENT_ONLY,PCL literature-informed morphology + FTIR + mechanical latent-quality simulation,TRAIN
SYN_00616,157.74956983323696,30.98334867844082,0.32205693154648,0.42788680690113895,0.21977755877169736,0.7256796991893908,0.6635716274623,0.7962290216282081,6.21247786815522,1.2979197011174368,1713.1900594240142,0.9897093168807655,2949.166671386,0.6938227237195522,1243.7426639792996,0.6050475641563565,1.3189792137602583,0.5019818097804324,0.12053539088810789,0.010130584001715091,0.9166271191384887,12.698477775021262,0.5469541250153448,0.3084459992389079,0.03352210005859011,12.351718996776114,79.451,GOOD,SYNTHETIC_RESEARCH_BASED,ML_TRAIN_TEST_DEVELOPMENT_ONLY,PCL literature-informed morphology + FTIR + mechanical latent-quality simulation,TRAIN
SYN_00617,165.08709698262948,29.58338108220062,0.43282096850736035,0.3948244000644354,0.20167925689969896,0.6339320763729035,0.6232237216725093,0.7645199149742755,5.707212743436705,1.9724340059789824,1721.922698187531,0.9019850741541057,2934.9341360883304,0.7294702060161862,1244.183490677791,0.6544989309065145,1.3605992122582784,0.5425642563288522,0.14205305865678902,0.005917911458653543,0.7754447125208255,17.138592714817925,0.7092731093434845,0.23466456912014272,0.023896404761722775,7.629452857008513,78.33,GOOD,SYNTHETIC_RESEARCH_BASED,ML_TRAIN_TEST_DEVELOPMENT_ONLY,PCL literature-informed morphology + FTIR + mechanical latent-quality simulation,TRAIN
SYN_00618,152.51883206106496,42.55723224385448,0.3791899058067651,0.3808121912922279,0.20490026231192818,0.6497405962229499,0.6025248271122063,0.6862160013749974,5.592577185987858,0.9906742930534558,1729.9826536694527,0.9059536209577747,2939.423178734786,0.7762196222959792,1246.528245518622,0.5984534192690926,1.2358546506695038,0.4869079564695876,0.15728182019863146,0.00465081916446309,0.6403906409032181,14.210169051623003,0.6648913630818926,0.3022408492017553,0.023636266169388902,10.526696249651305,75.037,GOOD,SYNTHETIC_RESEARCH_BASED,ML_TRAIN_TEST_DEVELOPMENT_ONLY,PCL literature-informed morphology + FTIR + mechanical latent-quality simulation,TRAIN
SYN_00619,144.3827806954354,33.12096144391943,0.4443125530158729,0.31699668150417915,0.16704581273586816,0.5858463435547848,0.4063287619508779,0.6958576140823726,6.947532730619866,1.9787849244400384,1705.02900174809,0.8358447059133745,2934.1164296423635,0.5525131054205747,1238.5430519817216,0.5403172811444015,0.9703934172855739,0.3549390634255218,0.21460501460572695,0.012167450980785834,0.6304651982213041,13.995018458865536,0.47173977791684957,0.2401874834407317,0.014815574442062362,7.244259404483448,32.262,POOR,SYNTHETIC_RESEARCH_BASED,ML_TRAIN_TEST_DEVELOPMENT_ONLY,PCL literature-informed morphology + FTIR + mechanical latent-quality simulation,TRAIN
SYN_00620,164.95313913471747,33.61554948857853,0.31121501990621975,0.37461930327336734,0.2768390497786584,0.6897853023177687,0.6157725121260591,0.8423242253044512,6.252396730779669,1.2263675499495583,1717.6249826310723,1.0183465485979697,2944.277738828644,0.7739390339117831,1241.3128784904427,0.6360293242002539,1.2904313615606477,0.5711170953862166,0.17895433820675352,0.0010767578128014618,0.9921594585443311,19.43089027206278,0.7700121164991153,0.1605925518025874,0.04585554021130779,15.964324747049863,89.189,GOOD,SYNTHETIC_RESEARCH_BASED,ML_TRAIN_TEST_DEVELOPMENT_ONLY,PCL literature-informed morphology + FTIR + mechanical latent-quality simulation,TRAIN
SYN_00621,158.91728977734482,39.224511535420085,0.2978828069299897,0.39898874580227206,0.25426675715237945,0.7423826223594474,0.6723290120209677,0.7370318712569692,4.953906227117877,1.222692560854688,1716.8621907517102,0.8996105194199513,2945.436070880366,0.6269305634879572,1244.1893816911056,0.5884689526747637,1.2928097461153814,0.4975113575597594,0.1495889919726023,0.0074139796904591085,0.9113331680707764,20.04369190793944,0.7168811024965537,0.14792799458916683,0.03700743493995404,15.520712062889436,95.983,GOOD,SYNTHETIC_RESEARCH_BASED,ML_TRAIN_TEST_DEVELOPMENT_ONLY,PCL literature-informed morphology + FTIR + mechanical latent-quality simulation,TRAIN
SYN_00622,159.03193665541073,26.633825548736205,0.43257548209690144,0.3573144717523813,0.19325695906639104,0.6199439824439291,0.4812446111161628,0.6875468669342012,6.471330554129841,1.8775732588798353,1721.3119984919745,0.9672180556149518,2942.809691884679,0.7182428841701889,1238.7177519616328,0.6223406849097526,1.4615874058040712,0.5079488460010398,0.15905864236677492,0.008143436102469854,0.8550067081887799,13.775789323263606,0.5238576974671246,0.2254601233792242,0.0344929486712542,12.217948415506854,65.657,POOR,SYNTHETIC_RESEARCH_BASED,ML_TRAIN_TEST_DEVELOPMENT_ONLY,PCL literature-informed morphology + FTIR + mechanical latent-quality simulation,TRAIN
SYN_00623,140.62246465359922,48.26510382642195,0.36782469717349947,0.3732871880054306,0.2539533584900805,0.7509642470179241,0.6568326288686125,0.6854872935816797,7.011640506939951,1.41794117895336,1724.0662404476193,1.0253369199399367,2939.96058754586,0.728630520167493,1239.3863246933126,0.6769554498527597,1.2218318075211914,0.5155271836671244,0.16558775757863012,0.011828300079280601,1.025274862426151,16.452722140634297,0.6375117421742176,0.26203302902875414,0.04255999114980968,13.346544993628914,92.243,GOOD,SYNTHETIC_RESEARCH_BASED,ML_TRAIN_TEST_DEVELOPMENT_ONLY,PCL literature-informed morphology + FTIR + mechanical latent-quality simulation,TRAIN
SYN_00624,142.8793008727071,25.459645222412146,0.4136496893448495,0.3051247093498665,0.17888924047224689,0.6439995219245602,0.3627175949322601,0.6171563632480276,5.7529717861491925,1.5489189648700887,1721.8659453565638,0.7701643699674691,2933.9384986660352,0.5881887630090992,1234.1144221290583,0.5742634545870271,0.9477175968157172,0.36413018393724095,0.16116823268670977,0.013078824714334678,0.5750591557132558,13.620598525517368,0.4188301972618898,0.3588384774858539,0.013507779402999753,5.639401301926757,31.831,POOR,SYNTHETIC_RESEARCH_BASED,ML_TRAIN_TEST_DEVELOPMENT_ONLY,PCL literature-informed morphology + FTIR + mechanical latent-quality simulation,TRAIN
SYN_00625,166.04876375185614,33.412076714575434,0.42520436247586707,0.2904739648632155,0.17095443285624956,0.6018452609578606,0.37276240909583425,0.6874478334019932,7.298427792590555,1.8040535420537598,1717.6894169281118,0.8145920404991114,2931.719485345825,0.5543178120044623,1244.4946065261156,0.6106955881873964,1.1665196296858695,0.48403785396169374,0.19330986890152005,0.015235090784207603,0.6363937682486925,10.149978505053726,0.21164370602841412,0.2800385087438475,0.029365192850150053,5.751971111813596,41.661,POOR,SYNTHETIC_RESEARCH_BASED,ML_TRAIN_TEST_DEVELOPMENT_ONLY,PCL literature-informed morphology + FTIR + mechanical latent-quality simulation,TRAIN
SYN_00626,140.00158920541378,33.27142648167912,0.337666860301655,0.3509425278652517,0.2329137422049523,0.74386069250521,0.5462573039981001,0.7336469502430609,5.977345533058321,1.422234180105957,1726.8718431947404,0.8860459316319453,2936.651818816767,0.7152586265835429,1243.4082053977859,0.5863922957578631,1.364290663557912,0.5444510602785488,0.1679259764127225,0.008922320665311985,0.9723246635943957,13.411945098147019,0.6660672457241821,0.21779141560312326,0.032492014388204156,11.311315447141713,73.813,GOOD,SYNTHETIC_RESEARCH_BASED,ML_TRAIN_TEST_DEVELOPMENT_ONLY,PCL literature-informed morphology + FTIR + mechanical latent-quality simulation,TRAIN
SYN_00627,138.7665974519641,45.88427130939937,0.4180564166525957,0.31260231924522314,0.18607279599551846,0.6163073247316522,0.3827059753431423,0.6785331196575944,5.946332752636771,2.208583624362983,1722.1539848923476,0.958898734025103,2945.421298343461,0.6470516666696978,1238.9932915411014,0.6231713433602812,1.1296917345195077,0.47613986472012754,0.18148552830118025,0.018713951553218387,0.6684943505274897,11.884044044761536,0.33081653974316416,0.24515523520643145,0.015543279672993304,4.745364206379488,48.984,POOR,SYNTHETIC_RESEARCH_BASED,ML_TRAIN_TEST_DEVELOPMENT_ONLY,PCL literature-informed morphology + FTIR + mechanical latent-quality simulation,TRAIN
SYN_00628,134.7744369236495,28.912798870865082,0.34188679771621533,0.36044356098113267,0.20338237728648306,0.6215355869253552,0.5878175823485474,0.6439684970030632,6.065837205835841,1.6420275594283087,1722.9141922480644,0.8776374060600142,2942.9739670848357,0.664525001701716,1233.4789605042238,0.5431558043285818,1.3070508359142505,0.4582938415936238,0.19312000448068936,0.008522887415779688,0.7554849416011437,12.612245589851804,0.5227935877354699,0.2591668983383969,0.015407705894619657,10.94692332768012,56.987,POOR,SYNTHETIC_RESEARCH_BASED,ML_TRAIN_TEST_DEVELOPMENT_ONLY,PCL literature-informed morphology + FTIR + mechanical latent-quality simulation,TRAIN
SYN_00629,166.52086275379145,26.186894018512156,0.2906573837453201,0.4471373373540429,0.23971605336051718,0.799792905852577,0.7583106082226487,0.75745712466077,5.9986468552027805,1.2705647793557129,1719.584696269874,1.1051405558194107,2940.2724070371246,0.6243844801725642,1239.7931727503283,0.6681730239923501,1.5312459914316425,0.5314479394324244,0.12308952336855174,0.011836622065741676,1.047679764402481,18.711714003753453,0.7913056479972213,0.1751499374821554,0.028897180027907983,16.69103885860198,97.243,GOOD,SYNTHETIC_RESEARCH_BASED,ML_TRAIN_TEST_DEVELOPMENT_ONLY,PCL literature-informed morphology + FTIR + mechanical latent-quality simulation,TRAIN
SYN_00630,153.86843471781634,41.11977304891277,0.4689881976082644,0.2946168605439715,0.17322190542141142,0.5823320856898037,0.3481105936448667,0.64554978230171,6.152797215360665,2.394546064665502,1719.418811543833,0.8368320057710485,2938.471763612295,0.5179107870881018,1242.8294565175624,0.40257120397757906,1.000427163098114,0.45780341874278496,0.20449153592645666,0.018545830100801138,0.5037529089540496,9.345665170716517,0.3537657980608509,0.3470663542662584,0.01082544231997257,3.9318783813268587,28.227,POOR,SYNTHETIC_RESEARCH_BASED,ML_TRAIN_TEST_DEVELOPMENT_ONLY,PCL literature-informed morphology + FTIR + mechanical latent-quality simulation,TRAIN
SYN_00631,151.636783318239,36.580097044489314,0.29075519357756857,0.4256452283477138,0.1772292412566963,0.7118962739371181,0.5961169130112486,0.7346780936154229,6.483240281057578,1.4788734906934797,1726.0004475221117,1.0006199501960742,2942.212198754295,0.6509727783112562,1236.945887680741,0.6318809237940278,1.3078562743363498,0.5348842965213809,0.1312057336656776,0.001248038440509103,0.7934832110130471,15.356200609530418,0.4950601055886934,0.26031435583833085,0.03165641462529313,8.805830694443495,70.437,GOOD,SYNTHETIC_RESEARCH_BASED,ML_TRAIN_TEST_DEVELOPMENT_ONLY,PCL literature-informed morphology + FTIR + mechanical latent-quality simulation,TRAIN
SYN_00632,167.01493136842177,31.99366253852823,0.3493131534801571,0.35864981191054074,0.23643323031067873,0.7112808343083715,0.569908963221393,0.7311210248505298,6.684421826594415,1.3666533314528926,1720.2240535837159,0.8255570470372806,2948.291997049763,0.6110471151650544,1240.732569311544,0.5640468238462459,1.3014754704638227,0.4763770803120522,0.16146287451476707,0.002032086984993061,0.8922798715542497,15.586437054096642,0.5346672589436534,0.25828302052363644,0.03618335932059936,13.285530664750302,78.926,GOOD,SYNTHETIC_RESEARCH_BASED,ML_TRAIN_TEST_DEVELOPMENT_ONLY,PCL literature-informed morphology + FTIR + mechanical latent-quality simulation,TRAIN
SYN_00633,184.773562178368,31.595516559823857,0.3417944221678292,0.3876083074816196,0.25330201419310444,0.7161094275906309,0.7360324650203893,0.8069478498755502,4.825701030651617,1.8447390112578317,1721.8803998772526,0.912488084410275,2932.76788919483,0.5774491244944016,1242.0561590362959,0.6504877068844938,1.3330179918234568,0.5394691015267679,0.15788710055976332,0.0007377611194228457,0.726521239588749,19.15949280814116,0.5888792412181842,0.20255728907262682,0.03538935149697781,11.98459284169711,87.047,GOOD,SYNTHETIC_RESEARCH_BASED,ML_TRAIN_TEST_DEVELOPMENT_ONLY,PCL literature-informed morphology + FTIR + mechanical latent-quality simulation,TRAIN
SYN_00634,145.35226909794852,36.869175317863835,0.38818133591051446,0.298417377509831,0.17106749516534586,0.5814467355076957,0.46728871347575557,0.6883572051383204,6.5801615459632075,1.5422128414163774,1730.0832242460588,0.8715864026946082,2941.497584231467,0.47880008805459323,1244.9641341735783,0.5150867969472948,1.0701154887504414,0.4349040341178082,0.2280253976906261,0.013575194632679224,0.5760720279560896,12.4233356137152,0.40769882571801463,0.297814371545231,0.017417252850637627,5.664667767026947,40.079,POOR,SYNTHETIC_RESEARCH_BASED,ML_TRAIN_TEST_DEVELOPMENT_ONLY,PCL literature-informed morphology + FTIR + mechanical latent-quality simulation,TRAIN
SYN_00635,145.7179469394533,44.729625772578686,0.3520810123111781,0.36429838790494057,0.15426165837702774,0.6804971365803688,0.520633727100119,0.6320443120745596,5.920031821021176,1.8796237528561175,1723.1297859808062,0.845066672200498,2945.4586078292127,0.701083948786609,1249.7981897011575,0.5172405418168293,1.0320392425685911,0.41720079670290366,0.20092126363815055,0.02359210390600366,0.5145080438839105,9.694028941093642,0.4404971671918058,0.3132101127174568,0.014503534558976353,5.855201516975153,36.913,POOR,SYNTHETIC_RESEARCH_BASED,ML_TRAIN_TEST_DEVELOPMENT_ONLY,PCL literature-informed morphology + FTIR + mechanical latent-quality simulation,TRAIN
SYN_00636,163.97983864312977,37.98321987700566,0.3124717628765246,0.3863235578024613,0.2267027360926976,0.7831504762323844,0.6568952154810899,0.7482638179185275,5.625425449615603,1.57898283116904,1720.8040515187504,0.9071534405614404,2932.43452661121,0.7095702840233362,1244.0950109208788,0.5499537919096886,1.2963528286993895,0.5322373852894874,0.1330909945742092,0.00041556993595900753,0.705055990629263,16.08064905494078,0.5451826785193654,0.28071915212421983,0.03345325326544783,9.648139456443744,72.068,GOOD,SYNTHETIC_RESEARCH_BASED,ML_TRAIN_TEST_DEVELOPMENT_ONLY,PCL literature-informed morphology + FTIR + mechanical latent-quality simulation,TRAIN
SYN_00637,170.2027342745778,38.96760472711487,0.39630297346561016,0.34584967111574444,0.15242425167512405,0.630321970727566,0.4921258114115471,0.6409238944019048,7.2970893174099904,1.065514292615915,1719.5056267829925,0.8801802704733672,2939.256255936988,0.5573204496214228,1234.988068543446,0.5034748984482429,1.1249970825408113,0.41573280199389956,0.18595654022343377,0.01771237162305469,0.6113310587863728,9.484948438686727,0.38785676319269635,0.34284583912752026,0.01780083181754674,5.769654222390182,35.651,POOR,SYNTHETIC_RESEARCH_BASED,ML_TRAIN_TEST_DEVELOPMENT_ONLY,PCL literature-informed morphology + FTIR + mechanical latent-quality simulation,TRAIN
SYN_00638,165.17924406105772,29.326482858286006,0.30110818707864134,0.4205037206889188,0.238245714582164,0.7463750186027205,0.7221562289604208,0.8333893085058465,5.265248932769191,1.5434707364411506,1719.850658423767,0.9779138135543608,2946.7695455036264,0.6380152228268773,1239.8717853340852,0.5860528483699801,1.4434956358264537,0.5304659258089388,0.17923702054018212,0.0038802876034840584,1.0640324758817763,17.003342640099813,0.6042391205428416,0.28276323671563663,0.039585873093862335,13.202651613224534,94.773,GOOD,SYNTHETIC_RESEARCH_BASED,ML_TRAIN_TEST_DEVELOPMENT_ONLY,PCL literature-informed morphology + FTIR + mechanical latent-quality simulation,TRAIN
SYN_00639,129.1251305041692,36.790600731340234,0.3496302780750371,0.3482317624851842,0.20057772827030096,0.7245123598964496,0.6094734142159851,0.7100060692735432,4.606656439017714,1.947702217243636,1718.5570758135752,0.9532631574499866,2938.203042484978,0.692722845704806,1250.2867453096153,0.5939614984302276,1.2270885957391475,0.49424947390993695,0.15002165276154714,0.008948257865342486,0.9472881167319562,17.49032361400358,0.5627749773209697,0.27384268896650177,0.03363775141345029,12.542429146089473,72.041,GOOD,SYNTHETIC_RESEARCH_BASED,ML_TRAIN_TEST_DEVELOPMENT_ONLY,PCL literature-informed morphology + FTIR + mechanical latent-quality simulation,TRAIN
SYN_00640,158.86653499373207,37.40997742686008,0.40507532437929195,0.36985213988708054,0.23109589440741293,0.7081516586475983,0.6362554962763931,0.7806462041826541,5.741115301433058,1.7758691488763647,1720.9455937966118,0.807107213049047,2943.4176256131786,0.7616733272424656,1239.4612927565968,0.6060932129440895,1.1629261941892997,0.4469531494966289,0.13360765452515225,0.008473850863806505,0.8777701007925274,14.600917714497868,0.5508112932846827,0.26569299246954414,0.014506552567642111,9.567638586973851,68.952,POOR,SYNTHETIC_RESEARCH_BASED,ML_TRAIN_TEST_DEVELOPMENT_ONLY,PCL literature-informed morphology + FTIR + mechanical latent-quality simulation,TRAIN
SYN_00641,166.58751959858057,33.0426251926691,0.18209605611127497,0.4581712918588321,0.2547327792498461,0.7618067802204513,0.798022970272483,0.900175386430202,6.0591542527688125,1.314171118827399,1724.393967859875,0.9341448452595129,2940.266300678217,0.5864739625527624,1238.1796478604806,0.6885947956319992,1.244314932364561,0.5362676764457638,0.15498832407153212,0.0015760748025372387,1.0158560765375575,18.485463570118462,0.7623148398626658,0.19505462567802956,0.03880286073477848,12.268973336243564,95.516,GOOD,SYNTHETIC_RESEARCH_BASED,ML_TRAIN_TEST_DEVELOPMENT_ONLY,PCL literature-informed morphology + FTIR + mechanical latent-quality simulation,TRAIN
SYN_00642,155.78660895615877,35.21222684751964,0.382216968337256,0.4400123990961819,0.20148481290930434,0.7369765180674601,0.7378943416541517,0.7433072318184868,6.229844930764498,1.4295988625290614,1729.881346592895,0.8682197120971611,2936.7410797575817,0.6817255829214147,1232.2180644511686,0.5746314232607898,1.2241925799592133,0.5529099003781988,0.16595059717726449,0.0066837569500976645,0.9971887426479455,15.72374491039345,0.6861015571234099,0.2263410018257338,0.03854661779293405,14.07028713189738,79.53,GOOD,SYNTHETIC_RESEARCH_BASED,ML_TRAIN_TEST_DEVELOPMENT_ONLY,PCL literature-informed morphology + FTIR + mechanical latent-quality simulation,TRAIN
SYN_00643,136.28536332065667,40.39867617338842,0.35278047989069355,0.3998902372969387,0.22649378924947744,0.7227893311066144,0.5742958857369466,0.7276043832420516,5.365573761609308,1.709528416186265,1717.8141383072261,0.9664145663373062,2943.2713534865006,0.6870023883729961,1238.4658765669758,0.6125728401259963,1.2836871759609487,0.49706426929510433,0.154300254872377,0.008639383052186436,0.8898520795656659,15.855512269824612,0.45006093171213823,0.25016802501106716,0.04230940047037001,9.640380948206976,77.737,GOOD,SYNTHETIC_RESEARCH_BASED,ML_TRAIN_TEST_DEVELOPMENT_ONLY,PCL literature-informed morphology + FTIR + mechanical latent-quality simulation,TRAIN
SYN_00644,153.96121865344742,44.31019824406958,0.37745683079156944,0.34985114924687133,0.14264669689878032,0.6158758641437023,0.48305997104868154,0.59402481852844,6.869264549689056,2.2883431797346994,1722.8711920863502,0.7441656145259006,2952.1179496855043,0.7170876838483595,1240.7439584037845,0.5019587004089983,1.0828227754463422,0.4096535940418049,0.18172705321903002,0.014466274610400742,0.7266920206359746,14.62712438752593,0.43056145551104696,0.21631632136526546,0.03714316183196691,7.232149093674776,48.458,POOR,SYNTHETIC_RESEARCH_BASED,ML_TRAIN_TEST_DEVELOPMENT_ONLY,PCL literature-informed morphology + FTIR + mechanical latent-quality simulation,TRAIN
SYN_00645,154.68267372003052,33.8391789537619,0.45054493807769697,0.3710675399153994,0.2012696828152243,0.678289232922615,0.5292703832258422,0.6464638947262401,6.186334140933007,1.3427016092811614,1719.8855999154716,0.884307436544445,2936.082454024508,0.618735979701837,1242.0832176029264,0.6254105195159071,1.2976034056530852,0.5241604115503979,0.19088205461362212,0.005808970358799388,0.6746606778472601,14.193287548634753,0.5989489606525651,0.29773197793774436,0.030933094975992188,10.868701382931553,72.281,GOOD,SYNTHETIC_RESEARCH_BASED,ML_TRAIN_TEST_DEVELOPMENT_ONLY,PCL literature-informed morphology + FTIR + mechanical latent-quality simulation,TRAIN
SYN_00646,147.00300456485877,29.894589195260565,0.3779156150783587,0.3922224268603053,0.247483725838625,0.7801396179487903,0.7100431766050693,0.7598383783211964,6.391394620451861,1.8047022549719083,1722.8609231388675,0.9567980510691254,2939.562193795712,0.7939841036245648,1240.9902174069953,0.5876764020445719,1.4466179678062008,0.5022890441451378,0.14390418612781553,0.0031853934517238757,0.8601154689507133,15.420469702602597,0.6934270014251308,0.24748727341054783,0.04276080396863362,12.487205632273461,92.237,GOOD,SYNTHETIC_RESEARCH_BASED,ML_TRAIN_TEST_DEVELOPMENT_ONLY,PCL literature-informed morphology + FTIR + mechanical latent-quality simulation,TRAIN
SYN_00647,151.98223196123797,28.827134553711787,0.33615113345147274,0.39262324354616734,0.21215355010267672,0.755748369029833,0.5183629715044231,0.8201636781899104,5.511453866491139,1.4201013110905745,1722.6321522576486,1.0809723053462172,2938.3686924216013,0.7121839591023824,1244.8060143253012,0.6714992616183071,1.5111644244345832,0.5719087235544991,0.13812641118601288,0.008665764624701932,1.088157307947986,20.150379673364693,0.7249407042758873,0.21834330410809807,0.043982375231360865,12.392288479876262,92.592,GOOD,SYNTHETIC_RESEARCH_BASED,ML_TRAIN_TEST_DEVELOPMENT_ONLY,PCL literature-informed morphology + FTIR + mechanical latent-quality simulation,TRAIN
SYN_00648,159.971959756238,27.29877676655428,0.35885656567900104,0.37419789087558397,0.21311177285688998,0.7033703503874512,0.7031398139156806,0.7632344108760958,5.93266715695933,1.9352334957815187,1723.8953455149322,1.0686881158664425,2945.8409747303212,0.684007333835901,1243.7143605108322,0.5740604356610243,1.3206866778223596,0.5955650799963776,0.1414541406079901,0.009737346312520923,0.8811351516738505,14.06080092939092,0.6999232110953343,0.2181186967390983,0.03518102236563235,12.328890428466549,86.088,GOOD,SYNTHETIC_RESEARCH_BASED,ML_TRAIN_TEST_DEVELOPMENT_ONLY,PCL literature-informed morphology + FTIR + mechanical latent-quality simulation,TRAIN
SYN_00649,143.4537461260406,51.23147668058961,0.4232612589880092,0.29098387122465574,0.1427218455677263,0.5848836271782132,0.29935346550366776,0.5922203330760746,6.837558333534928,1.7072967185342285,1716.4486166822248,0.6921899552989461,2930.9050777799266,0.5839982776054302,1239.9127659407807,0.5661980689005345,1.1778102877770364,0.3560654626483742,0.18899232061208013,0.020911640175351083,0.5278553793866314,11.782399092192053,0.35558242239220345,0.326938310819828,0.010390022324757168,6.6244276177429935,25.976,POOR,SYNTHETIC_RESEARCH_BASED,ML_TRAIN_TEST_DEVELOPMENT_ONLY,PCL literature-informed morphology + FTIR + mechanical latent-quality simulation,TRAIN
SYN_00650,162.85722914553548,35.86906351346487,0.4005963887537523,0.3053872130361854,0.20589409369636777,0.7623839143450049,0.49593506765369,0.6880838399274634,5.423493630193374,1.6305523465741525,1728.2731076026796,0.9396747175233362,2937.8428922067237,0.7184067439398238,1234.4533654911684,0.5125074105914854,1.068859242646563,0.49144962738444564,0.15691169886679518,0.008248974935338861,0.49363922725740705,15.06593855844974,0.5732595970105662,0.27683171485713115,0.026368935540315764,8.090189266063135,57.684,POOR,SYNTHETIC_RESEARCH_BASED,ML_TRAIN_TEST_DEVELOPMENT_ONLY,PCL literature-informed morphology + FTIR + mechanical latent-quality simulation,TRAIN
SYN_00651,140.8137236579933,22.838845250370326,0.36323305297573116,0.44481276088684113,0.23311297679824255,0.7648307252429104,0.5294174333334262,0.7813657585607193,5.380059279417807,1.0663702644938604,1721.4039897822124,0.9016028704106235,2941.8465112810545,0.7443156378964255,1243.2796008895157,0.6361903355044584,1.301353935935753,0.5605126295912924,0.16636341470085675,0.01176521596065021,0.9653452526054658,16.734978796062293,0.5077073778426637,0.2490298757950041,0.028921512197370693,13.705765996920933,85.306,GOOD,SYNTHETIC_RESEARCH_BASED,ML_TRAIN_TEST_DEVELOPMENT_ONLY,PCL literature-informed morphology + FTIR + mechanical latent-quality simulation,TRAIN
SYN_00652,164.79816290624316,42.615631169727166,0.3416651061901204,0.4077788496219753,0.2323888977777515,0.72848865485787,0.7563335777735083,0.7881955059992324,4.84419048452517,1.2964703011269196,1720.3351287985113,0.7942218380071961,2933.3171908405593,0.6733273341280489,1238.333105630729,0.7244898512059038,1.2582583748079783,0.503406564819024,0.17386911821747403,0.001694773025860184,0.8822640545830344,17.85186270085957,0.5618756736425567,0.3055915136403992,0.04016671415831683,10.839688318309767,82.706,GOOD,SYNTHETIC_RESEARCH_BASED,ML_TRAIN_TEST_DEVELOPMENT_ONLY,PCL literature-informed morphology + FTIR + mechanical latent-quality simulation,TRAIN
SYN_00653,157.03429508451882,51.23652973745858,0.44197833269042197,0.3424389445837544,0.15836034862874362,0.6729424557149254,0.5733969112048602,0.6283233393398826,5.138306240092577,1.91434993482626,1723.335865729145,0.8525553154086662,2950.5369408154984,0.7259989545338993,1247.0729713075254,0.45955540176006604,1.191866342938879,0.4927765416011019,0.15526537809106603,0.010153096528676953,0.7393096433441563,13.431014293737,0.46910063380531847,0.31807770302829863,0.02957330828008788,7.00338613730133,56.645,POOR,SYNTHETIC_RESEARCH_BASED,ML_TRAIN_TEST_DEVELOPMENT_ONLY,PCL literature-informed morphology + FTIR + mechanical latent-quality simulation,TRAIN
SYN_00654,149.2864158939632,22.618777354124326,0.31081179216829924,0.45759404099106865,0.2500554158044086,0.7368497487662371,0.6949737528282854,0.8083551035628658,4.393581509227785,1.6487467602013646,1725.3062685039076,0.9878567049703677,2941.5937416866573,0.8256450896710508,1239.5586985038815,0.6042574230055207,1.2307179706583282,0.574568350466781,0.12882731900511396,-0.000145177878583971,0.9264318816044024,17.77743875387546,0.60714677906871,0.26424781298127187,0.039613046176924564,12.44411003428764,96.42,GOOD,SYNTHETIC_RESEARCH_BASED,ML_TRAIN_TEST_DEVELOPMENT_ONLY,PCL literature-informed morphology + FTIR + mechanical latent-quality simulation,TRAIN
SYN_00655,160.80038981372542,29.668331856590925,0.2629604249234152,0.41588039157465095,0.21086562323056357,0.7201762591334784,0.6185016551296684,0.7159270177784127,4.823809103769372,1.583435767812413,1722.8358550558144,0.9758162173647547,2944.7364448114017,0.7546169173649826,1239.9455983656474,0.6273347022611415,1.341137585780082,0.47486045788235265,0.14303010762745438,0.0003788400403769753,0.7475352354050957,14.539896936313847,0.6942072828232458,0.32455999485351306,0.04068987174844628,10.201803018093477,84.756,GOOD,SYNTHETIC_RESEARCH_BASED,ML_TRAIN_TEST_DEVELOPMENT_ONLY,PCL literature-informed morphology + FTIR + mechanical latent-quality simulation,TRAIN
SYN_00656,144.77692053655852,58.58596363344793,0.4228081956544391,0.3489359355536135,0.18984023489682483,0.6115771555288779,0.47957034216032257,0.6350078840491149,6.813723732159597,1.787267022597718,1727.1711749210451,0.8619629096395305,2945.8039449562675,0.5141093832864776,1238.4430215600376,0.593788263572357,1.0287311874422433,0.49492533400486477,0.17995230351481115,0.014952560661255535,0.8322951090602533,13.44505402228025,0.5143455000350965,0.32648371074526344,0.023572027367657997,8.566605567417193,54.128,POOR,SYNTHETIC_RESEARCH_BASED,ML_TRAIN_TEST_DEVELOPMENT_ONLY,PCL literature-informed morphology + FTIR + mechanical latent-quality simulation,TRAIN
SYN_00657,146.13550450822643,41.5787332449567,0.40653542977422086,0.3513794530093544,0.17789158907447114,0.597993527123,0.4078146078243728,0.7326601774427941,8.034721378682844,1.7599478836138736,1716.0522048791202,0.9231314719337966,2939.3539820939136,0.6048764264100984,1237.5934285961514,0.5655660299903814,1.130793702548972,0.42649397463617117,0.19733250315976536,0.007469035284402423,0.8442769900144682,12.765772004655709,0.43560689465764824,0.28328066629458676,0.030199129492247248,6.2450771239555465,38.615,POOR,SYNTHETIC_RESEARCH_BASED,ML_TRAIN_TEST_DEVELOPMENT_ONLY,PCL literature-informed morphology + FTIR + mechanical latent-quality simulation,TRAIN
SYN_00658,166.31912903713015,33.021652953082935,0.4262444675053439,0.31455745423541154,0.13730469674574844,0.5363560128196465,0.327068817645102,0.6311260961470486,6.239614953563703,2.1908953385104546,1727.5651387802461,0.8483790968707074,2940.377888641103,0.5979396455863701,1232.1707486928879,0.5525700785526794,1.0680318635786883,0.4875767823681398,0.17677914157974192,0.020721384083455,0.5966396174611636,12.045367622466706,0.3252659519488975,0.3193272453838205,0.019706007078308177,7.15770388068946,33.381,POOR,SYNTHETIC_RESEARCH_BASED,ML_TRAIN_TEST_DEVELOPMENT_ONLY,PCL literature-informed morphology + FTIR + mechanical latent-quality simulation,TRAIN
SYN_00659,135.97444977392632,24.91513061550844,0.30362684932982886,0.37065587191314775,0.24442934156774102,0.8059296540813251,0.6731279026288074,0.8382814787149816,5.406245835407058,1.1693378248990767,1726.785261123296,1.101683775362267,2931.051020915631,0.6522788487643135,1234.4903737340383,0.5743533640810795,1.4042332625101865,0.5299499819817111,0.12984346094367322,0.005562988831552332,1.0345797769594127,17.098494777233977,0.6357875245487437,0.25284444068987644,0.04459669461674359,13.08626614756387,95.484,GOOD,SYNTHETIC_RESEARCH_BASED,ML_TRAIN_TEST_DEVELOPMENT_ONLY,PCL literature-informed morphology + FTIR + mechanical latent-quality simulation,TRAIN
SYN_00660,158.54769181160546,31.739361608131784,0.40607926965686975,0.35770104583479934,0.18521403056906618,0.6553877970065844,0.4859369611795402,0.6944423967100583,5.937527003761434,1.5941212545141523,1721.1304245708798,0.9621873110411773,2936.657075149718,0.6462761450229838,1240.9541241080058,0.4794603116346252,1.0980718567397978,0.5837909557494,0.15280058618523867,0.009745928126582756,0.8823955752340986,17.798623219086124,0.625788166051708,0.3348354997106263,0.03062745701237544,11.01199835076018,59.581,POOR,SYNTHETIC_RESEARCH_BASED,ML_TRAIN_TEST_DEVELOPMENT_ONLY,PCL literature-informed morphology + FTIR + mechanical latent-quality simulation,TRAIN
SYN_00661,140.89065835524468,32.29234275378158,0.3455994483431495,0.3174568265566289,0.20512252928367886,0.6097074813365178,0.5176971508790397,0.6771443454902224,6.271897990090864,1.7146142197661212,1728.1990252904222,0.8470198757975442,2937.4515312936205,0.6335222537655352,1236.6650965936153,0.6241347961001119,1.2259994844997926,0.42882427557681846,0.16538008351596403,0.014819872224720011,0.7369743929217633,12.239647348587685,0.3691864956880076,0.26572126692144504,0.015875380216716084,9.700495367370317,48.897,POOR,SYNTHETIC_RESEARCH_BASED,ML_TRAIN_TEST_DEVELOPMENT_ONLY,PCL literature-informed morphology + FTIR + mechanical latent-quality simulation,TRAIN
SYN_00662,153.12764400585368,41.437057118113124,0.2887195677310895,0.36006595770757166,0.2280685049110748,0.6620961125586359,0.5727727642873127,0.7690718913122729,5.460936703016635,1.0867618261316878,1720.0262423915428,1.0237820014209085,2942.6238126660755,0.7845387398214191,1237.87076679567,0.6710091617781573,1.3782370082735713,0.5865902123990465,0.1421493204232119,0.005954759327298102,0.9954609542383674,17.530730012828045,0.5606415832673387,0.2505494022387987,0.0328727906861942,11.273419070060521,73.165,GOOD,SYNTHETIC_RESEARCH_BASED,ML_TRAIN_TEST_DEVELOPMENT_ONLY,PCL literature-informed morphology + FTIR + mechanical latent-quality simulation,TRAIN
SYN_00663,146.72036431892062,33.665673563154364,0.33565984063729637,0.38985459038002385,0.20947674437431893,0.6989837509478529,0.7183810026251304,0.771361894904317,5.066961396699722,1.3325053480963058,1720.4921987235364,1.0079399375763425,2948.205471459625,0.7507618309411452,1236.6946932203962,0.7146698337079851,1.231408055273317,0.44942837351356213,0.17033666539587192,0.009927087905230107,0.7228679347394477,14.619488242641113,0.7096032344470299,0.28046624733969483,0.03383480688118773,12.847039569805467,84.125,GOOD,SYNTHETIC_RESEARCH_BASED,ML_TRAIN_TEST_DEVELOPMENT_ONLY,PCL literature-informed morphology + FTIR + mechanical latent-quality simulation,TRAIN
SYN_00664,139.571783460185,32.60747263512588,0.3170943037310247,0.382606149890134,0.24316862921543636,0.7530049494805384,0.7588403296431376,0.7640020631776842,4.82373665110673,1.2646765397920903,1722.7623223218654,0.9465127019022427,2941.880247084598,0.6878581730470048,1238.1796893607745,0.7445927278560212,1.3319068252730173,0.5148983768977552,0.17173463700948183,0.0077197943432771084,0.9813144107716933,16.416327774002234,0.8227269653182012,0.2611994366563056,0.04332114065147563,10.252008092520875,72.473,GOOD,SYNTHETIC_RESEARCH_BASED,ML_TRAIN_TEST_DEVELOPMENT_ONLY,PCL literature-informed morphology + FTIR + mechanical latent-quality simulation,TRAIN
SYN_00665,143.81069295248454,40.29139505035245,0.2666494880803813,0.401540926961724,0.22238895965256544,0.7146633923144684,0.6390725648199185,0.7819904973009242,5.307146727886253,1.329029281143115,1719.516009648281,0.8394746342452155,2942.7125385161135,0.6882744457783586,1241.2828706794585,0.6448428198724945,1.1662923762156625,0.4700992194518743,0.1552230433182512,0.011729637922342764,0.7217878386901361,15.149992345932338,0.4343228131110355,0.2472475990906474,0.020270706388015675,10.47586129924591,69.433,POOR,SYNTHETIC_RESEARCH_BASED,ML_TRAIN_TEST_DEVELOPMENT_ONLY,PCL literature-informed morphology + FTIR + mechanical latent-quality simulation,TRAIN
SYN_00666,119.45573695307897,38.76734628871329,0.4246828113752811,0.37066649502993176,0.1744344154460419,0.6833880583476363,0.3231717952708847,0.6746998863908197,6.4931165503564126,2.165506740784527,1727.1480495690193,0.7570935972997911,2942.3347735788047,0.4904362480129061,1250.1847851108096,0.48236907932997675,1.1125429346887712,0.48862527287987123,0.19226154222381134,0.01937642241508838,0.5555637416180725,8.881568051637409,0.3528575352822875,0.2727729299577739,0.020154202659090292,8.628994482431654,32.607,POOR,SYNTHETIC_RESEARCH_BASED,ML_TRAIN_TEST_DEVELOPMENT_ONLY,PCL literature-informed morphology + FTIR + mechanical latent-quality simulation,TRAIN
SYN_00667,135.49124857007297,42.19155417429007,0.37560302689210845,0.3934581105129917,0.24532709941270772,0.7796081999619361,0.6245305738358742,0.7346596633344227,6.2332144994229886,1.4345142937440194,1714.790911653436,0.8491320893547607,2938.497657661496,0.6113339837857236,1234.8639860872047,0.6621504636719293,1.1600149187627178,0.5186423531771222,0.20082883994952008,0.010052965106683298,0.9539122936890914,14.961690996680497,0.6834409654263466,0.2737408202775723,0.04926359102380465,12.307506759870037,74.022,GOOD,SYNTHETIC_RESEARCH_BASED,ML_TRAIN_TEST_DEVELOPMENT_ONLY,PCL literature-informed morphology + FTIR + mechanical latent-quality simulation,TRAIN
SYN_00668,149.74905490818207,34.60384731970038,0.4460800802160845,0.32549786755986343,0.17799804875809636,0.6186198778171675,0.38075678994134476,0.6602933774982823,5.674851993427258,1.4186795567878372,1720.679608354874,0.8993412309720629,2946.891599931925,0.7026928539917313,1237.248606208619,0.7103094578302176,1.2476319779792289,0.45372944394287834,0.17037695305438746,0.016431296228302587,0.7034279618441306,11.079526658719082,0.3740940445208097,0.25476888467076525,0.02809310273112085,6.875999190085586,45.055,POOR,SYNTHETIC_RESEARCH_BASED,ML_TRAIN_TEST_DEVELOPMENT_ONLY,PCL literature-informed morphology + FTIR + mechanical latent-quality simulation,TRAIN
SYN_00669,159.21569183141142,32.61783893076857,0.4212284508252384,0.3952972096553822,0.21272983389499933,0.6505276429433194,0.5335373584796718,0.7672049506688334,6.4604162684426125,1.6040331364905411,1727.7491541405211,0.987361080781115,2935.161239938941,0.7499152553039541,1240.5264112846307,0.6430207839189749,1.235437512120904,0.4816937087867391,0.13555274281726687,0.008794148500545794,0.9953903239585319,13.248929886883325,0.41905760299311606,0.2517814242382426,0.03428972214379251,12.701321360499197,64.552,POOR,SYNTHETIC_RESEARCH_BASED,ML_TRAIN_TEST_DEVELOPMENT_ONLY,PCL literature-informed morphology + FTIR + mechanical latent-quality simulation,TRAIN
SYN_00670,161.37507017955025,31.685404165282517,0.3110455522394089,0.3551919627506954,0.2115694543174313,0.6942762216358458,0.5900565778686933,0.6784687193933367,5.43358945251506,1.6234206418256145,1722.4186001518315,1.054592643815037,2950.457321582026,0.6404064665704904,1248.0779252060424,0.5493359378421488,1.242472240828703,0.4951666104215694,0.16037781425358436,0.010574146151740025,0.6535158219602322,17.588662572570662,0.42843986570510373,0.3372848405852309,0.02489913962935195,7.803030564116523,64.981,POOR,SYNTHETIC_RESEARCH_BASED,ML_TRAIN_TEST_DEVELOPMENT_ONLY,PCL literature-informed morphology + FTIR + mechanical latent-quality simulation,TRAIN
SYN_00671,148.7537521394846,35.30976756683886,0.45424185969354147,0.33156213459197825,0.14220622947991304,0.6687757010064633,0.29294924219495627,0.6606315482123138,7.7202896429017365,1.7609807581534374,1717.3396202509487,0.8617152674163808,2933.500025450131,0.623046533637098,1236.1927261698274,0.48546946728469664,1.1039958312862195,0.4181376948845814,0.1885881930443704,0.009545736714599615,0.577245439811554,10.91732321281305,0.43031553538983797,0.3348781306818138,0.01300920153066341,6.052825946264547,28.766,POOR,SYNTHETIC_RESEARCH_BASED,ML_TRAIN_TEST_DEVELOPMENT_ONLY,PCL literature-informed morphology + FTIR + mechanical latent-quality simulation,TRAIN
SYN_00672,153.44252905910014,39.08579060929805,0.42259023723338196,0.27816154098208834,0.1730007437462273,0.6158527022164912,0.33999908384256283,0.5931637354934439,6.6301813200055895,1.5791591719393303,1737.0292486183996,0.9381531308109736,2936.7239939883784,0.641958683323646,1242.6756158582104,0.5014956836286015,1.1468053680531793,0.4463814514566983,0.19336684000949833,0.017911284575807186,0.47384136155774104,10.189807544395958,0.4713286439658067,0.2760304043413414,0.024607862289568443,5.716002832133379,42.764,POOR,SYNTHETIC_RESEARCH_BASED,ML_TRAIN_TEST_DEVELOPMENT_ONLY,PCL literature-informed morphology + FTIR + mechanical latent-quality simulation,TRAIN
SYN_00673,150.3000384059465,52.28705242249165,0.43399673821715345,0.3492565155867638,0.16653520508180616,0.6441506543469601,0.29814297528803935,0.6644007519152686,6.295374589145578,2.194335054842127,1721.9463767542047,1.000574646538403,2939.678449102066,0.5164728654072122,1249.2593972943528,0.5136810499447112,0.9996598039228258,0.3965646730424067,0.16635842850202828,0.015848205135161764,0.6314536329142508,12.348009390210485,0.42372776678772534,0.3068967468963285,0.005124783381773121,5.528851533429925,44.148,POOR,SYNTHETIC_RESEARCH_BASED,ML_TRAIN_TEST_DEVELOPMENT_ONLY,PCL literature-informed morphology + FTIR + mechanical latent-quality simulation,TRAIN
SYN_00674,176.82105064479114,42.27638008568102,0.4128562241378002,0.3493134251015262,0.21091915603738884,0.7133506484291775,0.4816923039273047,0.6934981936034351,4.892463475870245,1.7317914446767884,1729.4075724199683,0.9587418051103057,2946.039632606039,0.6217482458884482,1245.503529365055,0.6057107626102647,1.2954372951115567,0.4883633428871886,0.1701057793248591,0.008511901137349016,0.950614404764702,18.258475977317918,0.5404778707150585,0.27466925898540523,0.03649787150020712,11.313007194381518,72.694,GOOD,SYNTHETIC_RESEARCH_BASED,ML_TRAIN_TEST_DEVELOPMENT_ONLY,PCL literature-informed morphology + FTIR + mechanical latent-quality simulation,TRAIN
SYN_00675,155.56053711840713,45.00423183439274,0.458993832359852,0.3256943934251438,0.16417461872859873,0.6523808612628428,0.46240738225576167,0.650001435095358,5.099580890217963,1.579298167703304,1726.108420072463,0.7830121544232151,2943.47785807877,0.6141961768296759,1244.1852989823763,0.546694800457591,1.1672262342433224,0.44656488335538114,0.17319736141189,0.007360244812329369,0.5108237768660147,11.082265444375587,0.4226958695102371,0.29403120635600194,0.029777543920432976,7.251801820151611,42.349,POOR,SYNTHETIC_RESEARCH_BASED,ML_TRAIN_TEST_DEVELOPMENT_ONLY,PCL literature-informed morphology + FTIR + mechanical latent-quality simulation,TRAIN
SYN_00676,159.0368527971341,26.747441140458843,0.3359190211880622,0.34889359534543674,0.1805034703380056,0.7154327237337866,0.5844511845073898,0.6963555410292153,7.046323658110102,1.7940115501129859,1723.709824946986,0.807302116666396,2945.640384157152,0.7320560222276329,1230.5342648677238,0.6957462276262547,1.4428240996638089,0.4619838690476071,0.1505051740472956,0.007917420242345926,0.7670919629333567,16.58301827779008,0.541948577795287,0.2571402012489783,0.022772157560940736,8.198412632580904,57.248,POOR,SYNTHETIC_RESEARCH_BASED,ML_TRAIN_TEST_DEVELOPMENT_ONLY,PCL literature-informed morphology + FTIR + mechanical latent-quality simulation,TRAIN
SYN_00677,162.84717269952122,40.23267005482703,0.4183691387283366,0.33680855764759093,0.1916281863370472,0.6394448159575261,0.45073758009648035,0.6624042176765041,5.482479463081306,1.770325074266023,1716.0584300524574,0.8317090251960566,2945.1895306583647,0.576972763851732,1239.647472537277,0.48684030577203263,1.119900571516384,0.40117569936888664,0.1726244355439213,0.01741088879238173,0.6174136650906655,10.022493014118831,0.3277755053486478,0.34199941797267686,0.023186651836665927,5.677912165807346,32.799,POOR,SYNTHETIC_RESEARCH_BASED,ML_TRAIN_TEST_DEVELOPMENT_ONLY,PCL literature-informed morphology + FTIR + mechanical latent-quality simulation,TRAIN
SYN_00678,133.05395431460275,37.17101523913132,0.26477081257114704,0.42562528668592076,0.23247507782486815,0.8052330817099205,0.787917433252405,0.7625942028089775,4.93770316883508,1.267493230309255,1721.6382094710991,1.054495883313988,2940.7175492640067,0.825174200570694,1237.2963868629515,0.550633832593474,1.2197920430458116,0.6250874654697638,0.15757693529140665,0.008420910493271833,0.9611645495769396,18.24702793658558,0.7229038222216552,0.24135380466616113,0.033449876564976694,12.293310566736956,96.114,GOOD,SYNTHETIC_RESEARCH_BASED,ML_TRAIN_TEST_DEVELOPMENT_ONLY,PCL literature-informed morphology + FTIR + mechanical latent-quality simulation,TRAIN
SYN_00679,128.19376012901523,33.32334824050786,0.3745065277780488,0.4611108169904073,0.2168209651707332,0.764003274269231,0.7496301888217967,0.7826129658957122,6.588602554779168,1.4643481192182481,1722.4304226166084,0.9420629829554585,2945.0374653637764,0.6873149431905472,1236.2775218165543,0.648137821577832,1.3017793530270814,0.5344368936316448,0.14285936478754754,0.01375440620223568,0.8801336696356837,14.041268981644661,0.5681770142638012,0.26169791162882955,0.035344824914099675,11.665575245314459,78.221,GOOD,SYNTHETIC_RESEARCH_BASED,ML_TRAIN_TEST_DEVELOPMENT_ONLY,PCL literature-informed morphology + FTIR + mechanical latent-quality simulation,TRAIN
SYN_00680,132.46332938813686,31.85837748780017,0.4332052155454758,0.328160468291057,0.16029564633802446,0.5972443361323797,0.38509098635694006,0.5936132591621314,5.7879917252997135,1.8092580000847598,1720.6891633202438,0.8265505228119536,2948.9784002561464,0.4591485127283722,1244.5126821632875,0.4550327234979217,1.1806156365499407,0.421645872569997,0.14946179633657852,0.026832861732853822,0.6404371460129413,11.282613353780608,0.4640293921074894,0.2794697088392365,0.009878009326409252,6.820118444363957,33.374,POOR,SYNTHETIC_RESEARCH_BASED,ML_TRAIN_TEST_DEVELOPMENT_ONLY,PCL literature-informed morphology + FTIR + mechanical latent-quality simulation,TRAIN
SYN_00681,139.00397477668827,36.611866133059415,0.31254221898371043,0.406009812391113,0.19631029369029035,0.684168042812842,0.6294514857364051,0.7535724799954067,6.30982145897897,1.5154792961482308,1722.0582556160382,0.7949804732871203,2949.0701608627437,0.7924713828668849,1230.6872220787393,0.5750576345924289,1.3691361820693315,0.5258099624263901,0.14297448089808865,0.005711877261877653,0.9735294416253106,16.83615514123422,0.5139293249405916,0.29510307866262786,0.035908847014368216,11.47286900883175,77.594,GOOD,SYNTHETIC_RESEARCH_BASED,ML_TRAIN_TEST_DEVELOPMENT_ONLY,PCL literature-informed morphology + FTIR + mechanical latent-quality simulation,TRAIN
SYN_00682,144.93071977765933,39.25807252279099,0.30739355447567973,0.3975244370379419,0.20758658647322178,0.6801083164497534,0.6481292960991064,0.7991878009243287,4.445223648710641,1.48813636609488,1721.6743576623803,0.9695747403268021,2934.272335168545,0.8482687146947779,1239.96471609293,0.5314967777357515,1.3080664606647339,0.48424273922379546,0.1429042067301577,0.004366359988593882,0.9319981222584821,18.626927456025538,0.698509285731261,0.24267608205246805,0.02799446847802817,11.31585399126515,82.233,GOOD,SYNTHETIC_RESEARCH_BASED,ML_TRAIN_TEST_DEVELOPMENT_ONLY,PCL literature-informed morphology + FTIR + mechanical latent-quality simulation,TRAIN
SYN_00683,128.620047384834,33.11948987931392,0.39739567205703485,0.334962234764855,0.13357606114440784,0.5943434928955257,0.36987164030605835,0.605064146327228,6.3525945140111055,2.1426898322465058,1716.6005562424752,0.9022472534490772,2931.7184005460927,0.696121227968108,1239.5793653095388,0.47013707990712167,1.008027929285866,0.40371141689293993,0.18279183643174274,0.015239309178531389,0.6220632937320909,12.274412379358461,0.26290687415466524,0.3484121773836251,0.01026004031119672,6.811039818443911,33.763,POOR,SYNTHETIC_RESEARCH_BASED,ML_TRAIN_TEST_DEVELOPMENT_ONLY,PCL literature-informed morphology + FTIR + mechanical latent-quality simulation,TRAIN
SYN_00684,163.16024755134347,39.53555542231022,0.2570823728116502,0.3699756418122979,0.2334681782937325,0.7413316261156508,0.6963133411835447,0.8132063409989899,5.436411723748128,1.3859372315148015,1712.4426028064186,1.0031986754533024,2935.9237541297985,0.812068924782868,1239.1316482038424,0.6317188351493275,1.231493959624338,0.5297601652946508,0.14550363479403355,0.007097603753123532,0.7491158852144634,16.37548027108841,0.6178838380305971,0.22445769757057435,0.04134135710527054,13.886150046665037,83.765,GOOD,SYNTHETIC_RESEARCH_BASED,ML_TRAIN_TEST_DEVELOPMENT_ONLY,PCL literature-informed morphology + FTIR + mechanical latent-quality simulation,TRAIN
SYN_00685,165.00884297054637,32.90677078309724,0.2731911465154839,0.4129927525347233,0.2862946506840395,0.7191665434289966,0.7321203799612386,0.758981345404949,5.280521027180325,1.0955415993493376,1722.0823241943604,0.8960230234065097,2941.651604261278,0.6249814185804818,1242.7275295963323,0.6921186251431144,1.3489275755290218,0.49910343259780515,0.17783892891911035,0.005938348580627057,1.0244084666080235,18.86692420359771,0.6799722271691078,0.2231782259981474,0.03121981195454847,14.516836162861466,94.33,GOOD,SYNTHETIC_RESEARCH_BASED,ML_TRAIN_TEST_DEVELOPMENT_ONLY,PCL literature-informed morphology + FTIR + mechanical latent-quality simulation,TRAIN
SYN_00686,170.82793929878792,38.18693082824487,0.36618280078585497,0.33244247567561735,0.1928231728890974,0.6452688916130472,0.437042407760353,0.6861453009670939,5.640936880037775,1.9494166394727004,1717.912043764259,0.8293683959674725,2931.637489397358,0.7127297251764619,1231.6365876073962,0.6272110897108727,1.1789778042639447,0.4578395697892137,0.1317707634642395,0.005019163206991247,0.7959547336927373,11.69048299273931,0.6151206732778136,0.32823051292840133,0.03257471702843692,8.4981595707942,58.831,POOR,SYNTHETIC_RESEARCH_BASED,ML_TRAIN_TEST_DEVELOPMENT_ONLY,PCL literature-informed morphology + FTIR + mechanical latent-quality simulation,TRAIN
SYN_00687,140.9756960745747,39.2359144344652,0.44210546864391875,0.336154594237238,0.18842118963872612,0.6819608239839794,0.6938699186857211,0.6660866276975475,5.543472836602078,1.5390700878488652,1724.5528079461585,0.9145832548171484,2940.3265544887668,0.7842355750407772,1242.0789387477726,0.43311332363954064,1.039201994952463,0.510684252417946,0.1934902102920782,0.012128721866957758,0.720496548754914,12.807443457866638,0.4906719155952656,0.21146830740886663,0.032271060132579264,9.234157105334367,59.754,POOR,SYNTHETIC_RESEARCH_BASED,ML_TRAIN_TEST_DEVELOPMENT_ONLY,PCL literature-informed morphology + FTIR + mechanical latent-quality simulation,TRAIN
SYN_00688,131.6048843530466,32.53305398830371,0.36227779705425744,0.34078780599039166,0.2272129263504327,0.6609145451405549,0.5514441628087298,0.6801172649681769,5.782209947622484,1.5556392887397454,1721.757913095785,0.9118742343823677,2940.717540831208,0.5641172897281331,1241.5585083399242,0.6649498525906461,1.1407943925554984,0.48185654842050957,0.17029161512793425,0.010618190396463547,0.8145466527172214,15.04332758272967,0.385889826350838,0.21391234493481837,0.03684348568859735,10.080281250472266,65.244,POOR,SYNTHETIC_RESEARCH_BASED,ML_TRAIN_TEST_DEVELOPMENT_ONLY,PCL literature-informed morphology + FTIR + mechanical latent-quality simulation,TRAIN
SYN_00689,140.7551525579369,41.797323198845,0.3188111616335736,0.45029236797379885,0.23658895854492576,0.730390950576654,0.7181698081280669,0.7421173669832016,5.570491736726791,1.8113943890497974,1721.1578144444793,0.9212925541762236,2935.16025148508,0.6770652291882286,1237.219493499387,0.6657377009919789,1.4186443817110435,0.5424225905717492,0.16713879219194924,-0.0014378008493148896,1.0229155181156588,15.618357750925194,0.7088408149527741,0.26827912101105067,0.041605207236557126,13.441076148205347,88.818,GOOD,SYNTHETIC_RESEARCH_BASED,ML_TRAIN_TEST_DEVELOPMENT_ONLY,PCL literature-informed morphology + FTIR + mechanical latent-quality simulation,TRAIN
SYN_00690,144.16158228569492,26.74810870129439,0.23221865779622056,0.3731000679391659,0.2394990434308676,0.7734046083721332,0.8451727812223059,0.8042708664607666,4.988433171555908,1.474532088371879,1720.1918492955785,0.949527707401604,2922.72142020634,0.7824182335445966,1245.5539782817787,0.6410158780514419,1.2944436856894492,0.6211356629250051,0.1493348173808356,0.004308019403238095,0.8026144980003828,18.308909045591292,0.6589887595358739,0.21444119258767466,0.045913247090249076,14.046702810219099,95.13,GOOD,SYNTHETIC_RESEARCH_BASED,ML_TRAIN_TEST_DEVELOPMENT_ONLY,PCL literature-informed morphology + FTIR + mechanical latent-quality simulation,TRAIN
SYN_00691,153.93136684591258,29.126727248932387,0.20229502157391804,0.41681688600422917,0.2460662510370032,0.7244187227385441,0.7285236216699328,0.8092995093931995,5.6339974102138015,1.2120132673068782,1722.9228795222584,0.9709701100226396,2941.365983535959,0.7691844809653345,1238.7054250112249,0.7468479145253551,1.3760495435094753,0.526941823555107,0.1837979757915063,0.0008029737471997173,1.074944521185561,18.94954981972903,0.68799725148272,0.16129369166916874,0.04094401439030103,13.979003559930996,95.017,GOOD,SYNTHETIC_RESEARCH_BASED,ML_TRAIN_TEST_DEVELOPMENT_ONLY,PCL literature-informed morphology + FTIR + mechanical latent-quality simulation,TRAIN
SYN_00692,151.78831635150624,49.237830560021706,0.4018508998958983,0.3552746936905698,0.2038953837440372,0.5940354594099722,0.5557934565468181,0.7277951967264104,6.33434972909936,1.9167172376494885,1727.1385269880905,0.9397713077391127,2938.889653628789,0.5027703102657923,1234.114961742114,0.45247175362392295,1.1131816674250286,0.40004581760748853,0.18238556174848802,0.020710900732046678,0.6105010319903601,10.26772933629881,0.40711874795393144,0.2789106748393235,0.013950861984623407,8.718308412345568,39.888,POOR,SYNTHETIC_RESEARCH_BASED,ML_TRAIN_TEST_DEVELOPMENT_ONLY,PCL literature-informed morphology + FTIR + mechanical latent-quality simulation,TRAIN
SYN_00693,137.46939350619874,32.86200983067506,0.3231785890545192,0.37006951215667755,0.2144141159101271,0.7622452691120725,0.6673784468701246,0.7028898124671313,5.017569849558045,1.1268961666199655,1719.042648296971,0.9001626854489236,2935.779264254476,0.7396906774310714,1238.1799351909792,0.44875320989454,1.2920563528677484,0.43928050714060524,0.13691656115761083,0.012676709007645785,0.5885650250629555,10.913062242608698,0.5051932902151213,0.3126777021338617,0.031253998233453574,9.3610489131535,66.745,POOR,SYNTHETIC_RESEARCH_BASED,ML_TRAIN_TEST_DEVELOPMENT_ONLY,PCL literature-informed morphology + FTIR + mechanical latent-quality simulation,TRAIN
SYN_00694,139.3630369358116,31.55861592315583,0.37453843094313655,0.40569271545687235,0.25145761242209336,0.7227313926116554,0.7822998397575351,0.7961674233067125,4.767559571283436,1.3079596549712458,1720.6870363352944,0.9193871443170502,2943.8512626522415,0.6769676456058458,1231.2497335946155,0.6243011066252891,1.327618980544377,0.5431710840800542,0.1491785693894449,-0.00013869368814335876,1.116045853618888,20.027875798817824,0.6960001749353394,0.24584345958814244,0.05246958486424999,13.658636560461424,95.486,GOOD,SYNTHETIC_RESEARCH_BASED,ML_TRAIN_TEST_DEVELOPMENT_ONLY,PCL literature-informed morphology + FTIR + mechanical latent-quality simulation,TRAIN
SYN_00695,145.13045180584734,31.196490188244656,0.37974310890111374,0.4228072856679385,0.23044761203353004,0.7559923284591848,0.7248448843979196,0.7654301554219364,4.792948008133282,0.7426108168940787,1723.3571995512186,0.997868559667261,2946.6245292151634,0.749914069487345,1241.3496476708333,0.5791537586693674,1.3506098219006406,0.5201909826921451,0.1415863919658703,0.004524623210753953,1.0741603356053582,19.610128077021216,0.6663199137395236,0.2520417404081187,0.05095152342798642,13.736354257988724,95.04,GOOD,SYNTHETIC_RESEARCH_BASED,ML_TRAIN_TEST_DEVELOPMENT_ONLY,PCL literature-informed morphology + FTIR + mechanical latent-quality simulation,TRAIN
SYN_00696,130.43324645065306,34.939515166664904,0.4131384509608659,0.31464408462206644,0.16605072692627484,0.562749775471123,0.3730180369470059,0.6153577757784001,6.419798056824127,1.8957391660749547,1721.090212346271,0.716132454061453,2942.821743673928,0.5859341595431085,1243.5968503157835,0.49569409808401693,1.15506331347832,0.40558031355624086,0.17829075210114195,0.023370183539075155,0.6385081296217848,12.956400745796431,0.5088114731404928,0.2408890061293297,0.031099990372519256,8.375213681571855,43.815,POOR,SYNTHETIC_RESEARCH_BASED,ML_TRAIN_TEST_DEVELOPMENT_ONLY,PCL literature-informed morphology + FTIR + mechanical latent-quality simulation,TRAIN
SYN_00697,143.20175037751025,26.219968113702244,0.5000233751619884,0.30576615224753334,0.18048736228081097,0.5718630157758237,0.32021390258423055,0.6537383417028462,6.61167969623162,2.0742293520878796,1722.6596048911088,0.8311813442025018,2940.5864343876583,0.5187819241519775,1248.3991586149752,0.6446671059546926,1.217578259082906,0.4174375560627671,0.16037489494260201,0.017005903175590198,0.7020422413208489,10.665063881304455,0.21980548046034395,0.3860220042226789,0.022194254749766537,5.7113819256738045,43.583,POOR,SYNTHETIC_RESEARCH_BASED,ML_TRAIN_TEST_DEVELOPMENT_ONLY,PCL literature-informed morphology + FTIR + mechanical latent-quality simulation,TRAIN
SYN_00698,150.14235255855192,32.934856101169395,0.3247130612436913,0.43032324190777865,0.21754842159808602,0.6897199359743651,0.6665938963581576,0.7549118229241976,5.612813046599174,1.2819696458690937,1730.4601906126418,0.9379853307943032,2927.9628282636054,0.710491036300363,1228.0489051978584,0.6228081918352647,1.4767078275142629,0.5968344411466247,0.09276837055853884,0.004024429018225572,0.9624370117477528,19.24136258122381,0.6492558242693932,0.23287800765537578,0.03920537738826872,12.60761853922039,88.854,GOOD,SYNTHETIC_RESEARCH_BASED,ML_TRAIN_TEST_DEVELOPMENT_ONLY,PCL literature-informed morphology + FTIR + mechanical latent-quality simulation,TRAIN
SYN_00699,148.0069160132211,33.34354997225676,0.3318473791677959,0.38548578029306335,0.23440240621890374,0.679541731038226,0.6625811758840985,0.7532917183600487,5.184681331767361,1.5417517331250088,1720.2805856075493,0.8315484434049599,2933.956486707905,0.7792368317369907,1244.3247842944324,0.6859535887024233,1.2374265980111396,0.5358094426336685,0.14831247663899283,0.0062303361243743255,0.9691899284056279,20.257326075532035,0.7076530510273962,0.19293539493932155,0.042013963567042664,15.542237036167617,85.898,GOOD,SYNTHETIC_RESEARCH_BASED,ML_TRAIN_TEST_DEVELOPMENT_ONLY,PCL literature-informed morphology + FTIR + mechanical latent-quality simulation,TRAIN
SYN_00700,152.37910005626807,44.19346482555924,0.483493396066255,0.2850957888782232,0.16901047285264145,0.6195665194500954,0.397159327250551,0.6003675916926129,7.202652053793328,1.9568975082563786,1723.7154382930923,0.829475408696826,2939.6286788715183,0.5600548732638777,1242.4471161571646,0.502267209097168,1.0595294849499541,0.42413469441593693,0.16525830310839423,0.02207500409253284,0.4995836010664726,14.628876854068604,0.3215092814666374,0.3779068002112117,0.01644920719128007,3.248935468399108,26.326,POOR,SYNTHETIC_RESEARCH_BASED,ML_TRAIN_TEST_DEVELOPMENT_ONLY,PCL literature-informed morphology + FTIR + mechanical latent-quality simulation,TRAIN
SYN_00701,161.4921230919497,42.1630526775732,0.4000098884186079,0.3353520039177975,0.17544817698495282,0.7191662524133102,0.6135265283203887,0.7227472148230779,5.8192669885089465,1.787511445826349,1718.5026035601754,0.9718987290522019,2933.694691671451,0.7430561389705671,1242.6133812465637,0.5819737108898629,1.3425980702685314,0.550322549320722,0.15473513068764613,0.010271784648802157,1.0298112409591098,16.261999446042207,0.4961934683663654,0.1996060659949983,0.025182173367213463,11.262846887657263,75.989,GOOD,SYNTHETIC_RESEARCH_BASED,ML_TRAIN_TEST_DEVELOPMENT_ONLY,PCL literature-informed morphology + FTIR + mechanical latent-quality simulation,TRAIN
SYN_00702,154.41832750741676,38.00563852394349,0.5094572175939088,0.3192395736114308,0.14575907477119604,0.5222815087319614,0.46982141612942463,0.6042870720815721,5.731254791642555,2.1028388002223295,1726.9148246273705,0.7943262482879526,2945.4020266645307,0.5254260166992885,1250.057684890765,0.5372819533832073,1.2518748935309236,0.41551845529014736,0.16990735448296385,0.01281543804224241,0.4314403855203234,7.605400495747771,0.3012787844801913,0.3139649304768406,0.011147046054194558,5.1226625248856354,26.727,POOR,SYNTHETIC_RESEARCH_BASED,ML_TRAIN_TEST_DEVELOPMENT_ONLY,PCL literature-informed morphology + FTIR + mechanical latent-quality simulation,TRAIN
SYN_00703,117.72490598166642,38.31491198230089,0.3753672549334913,0.31971178502788566,0.16782145128990753,0.6809698021593977,0.48134030579859877,0.6968830616077174,6.018848732983649,2.0646019372140625,1725.4340061857831,0.9005200739708831,2948.171900843251,0.6309375997119268,1247.4017140626959,0.4937887318531119,1.126710692414764,0.5021842229130321,0.1667842529068663,0.015226213587394651,0.7111386230975333,15.153945971563815,0.5422212047952302,0.2809228660729188,0.022343813039254444,8.779209896493105,39.17,POOR,SYNTHETIC_RESEARCH_BASED,ML_TRAIN_TEST_DEVELOPMENT_ONLY,PCL literature-informed morphology + FTIR + mechanical latent-quality simulation,TRAIN
SYN_00704,139.41207245466714,22.620383402280417,0.2874879772526815,0.40581123402212854,0.21132015047762803,0.7014621485387855,0.6935610184404282,0.8116045013047959,6.595820586285875,1.6149268375532817,1715.5159497770414,0.9035666612211364,2940.339751240162,0.6349312169728168,1239.4345698448117,0.6164515556138509,1.2330442026500783,0.48134013463083425,0.12385358156600756,0.00927665978310032,0.8675720737274087,15.85116398284271,0.6090921013234548,0.3477630582882513,0.03861923958247618,11.470663928895748,83.872,GOOD,SYNTHETIC_RESEARCH_BASED,ML_TRAIN_TEST_DEVELOPMENT_ONLY,PCL literature-informed morphology + FTIR + mechanical latent-quality simulation,TRAIN
SYN_00705,156.4332721741839,31.670964042411093,0.3216777162826844,0.3890976564154158,0.23735332878974952,0.7210910005604323,0.8458411002168975,0.8211612408063979,4.938730949241295,1.537832109561965,1720.4745363409288,1.0516360764671733,2932.87393031416,0.7449810263071814,1245.4857209098238,0.6554547453885005,1.1759258686188467,0.475465508199883,0.1320779107503113,0.002210780411524069,1.0643401357229298,16.768678368808683,0.6459881797012329,0.2446442180835495,0.04098120803992353,12.807157308870531,84.099,GOOD,SYNTHETIC_RESEARCH_BASED,ML_TRAIN_TEST_DEVELOPMENT_ONLY,PCL literature-informed morphology + FTIR + mechanical latent-quality simulation,TRAIN
SYN_00706,173.8854175953989,59.30285280016075,0.37320266853465695,0.3495835329678603,0.18491746095828995,0.6480957586837999,0.493084798555452,0.7996560654157665,5.263357824832008,1.8995168267100218,1730.320273191585,0.9414348008413985,2930.7396757416464,0.535319092363417,1236.0993658333484,0.6298261100362642,1.1595916318348873,0.4927874339691994,0.158828851799296,0.014604356138286617,0.6575423149839504,13.924260080593509,0.640281257854754,0.2634810637825896,0.024397985493302746,5.907139295509723,53.51,POOR,SYNTHETIC_RESEARCH_BASED,ML_TRAIN_TEST_DEVELOPMENT_ONLY,PCL literature-informed morphology + FTIR + mechanical latent-quality simulation,TRAIN
SYN_00707,156.75836972840284,37.99934276088052,0.2942608306127007,0.41166664239037415,0.27175522017634374,0.7065343358657193,0.7272419607739165,0.7692533325096246,5.004060531543244,1.5482715852000535,1726.969754581371,0.937173606977687,2937.586271440567,0.8338776279408362,1236.319077647095,0.6099131179965607,1.6209723083552112,0.5963802030119087,0.2026002209891138,0.004134941692789017,1.008761782814032,17.589040792589255,0.5745348444447219,0.21477560132159318,0.05001106739575456,16.02656684357681,97.484,GOOD,SYNTHETIC_RESEARCH_BASED,ML_TRAIN_TEST_DEVELOPMENT_ONLY,PCL literature-informed morphology + FTIR + mechanical latent-quality simulation,TRAIN
SYN_00708,144.82434559222398,37.476548416229356,0.3350566694456821,0.35932767820964095,0.18414741261673329,0.6856239140034995,0.479747875908653,0.6626285385906365,5.016087378021314,1.393015833146283,1718.9397619008244,0.9091420115676498,2938.094986468117,0.5611284043034016,1244.9328053742488,0.5832881126404634,1.096430873009745,0.40297956122786943,0.17328352691649862,0.012170635314405646,0.648010164705273,12.174476312255212,0.3999744322389566,0.1644219647677082,0.02346557459671051,9.384390597691956,44.937,POOR,SYNTHETIC_RESEARCH_BASED,ML_TRAIN_TEST_DEVELOPMENT_ONLY,PCL literature-informed morphology + FTIR + mechanical latent-quality simulation,TRAIN
SYN_00709,143.36510985905136,37.04271411250267,0.2928061505761302,0.40957853299205393,0.2696196754293181,0.6705175235748513,0.6887499739566555,0.7796745188087584,5.841987789003677,1.8866131439550125,1722.2420386701176,0.9259650651947037,2941.533395199239,0.6193319627665927,1239.3412404116918,0.7096931139090692,1.2600892030352284,0.5358705855414823,0.1757119485011645,0.007247777791060284,0.8631878490684503,17.979188892039463,0.5529383517583739,0.19092759019320737,0.03266083219454304,13.593176350206656,81.846,GOOD,SYNTHETIC_RESEARCH_BASED,ML_TRAIN_TEST_DEVELOPMENT_ONLY,PCL literature-informed morphology + FTIR + mechanical latent-quality simulation,TRAIN
SYN_00710,171.4031260558702,34.26848769921233,0.35132613879522046,0.3949414586080835,0.22396602471358282,0.7131230501660489,0.6182646158855629,0.7273206552690586,4.987308381541933,1.5867031647576544,1724.2060594771376,0.9348481175175269,2937.718644558055,0.6384454923742796,1242.656395072106,0.5542912304537565,1.3376299581606543,0.5148065429215645,0.1502463901790893,0.012369522904198339,0.9664021938416408,15.884497775887944,0.7711205513821204,0.15533204523526656,0.04331129877469021,9.551557676155491,78.828,GOOD,SYNTHETIC_RESEARCH_BASED,ML_TRAIN_TEST_DEVELOPMENT_ONLY,PCL literature-informed morphology + FTIR + mechanical latent-quality simulation,TRAIN
SYN_00711,146.7221190368796,42.17669795334527,0.44070377423977175,0.29825398250657803,0.181251250417246,0.6043398367926657,0.3159167956705115,0.553088767271193,6.744548711994629,1.5964124112108147,1717.3723746310109,0.9539274104982979,2943.6947000620685,0.6703345113549398,1237.3144436459165,0.6173775572039962,1.1381874128587768,0.4334940735332411,0.18435941290005517,0.01694028335353784,0.5816170950430499,10.94379778513132,0.5517032445648783,0.35967249838649357,0.011046391639850882,8.132804699229236,36.081,POOR,SYNTHETIC_RESEARCH_BASED,ML_TRAIN_TEST_DEVELOPMENT_ONLY,PCL literature-informed morphology + FTIR + mechanical latent-quality simulation,TRAIN
SYN_00712,157.90934775096343,33.34969355002183,0.2765011401130921,0.4211762461800975,0.2622461247945232,0.7254440993315434,0.6819551360454073,0.827603953183487,4.778499371218894,1.5475216503758114,1726.0237051527324,1.0124839162758343,2945.366961108431,0.8023993439757792,1240.7585324892248,0.6593855122300809,1.3838909584528523,0.5666556329167826,0.12313411066925282,-0.0021633154644620624,0.9907742496239247,20.125304798179275,0.8373077106112411,0.25192928054906893,0.043864090878369406,16.49490448415674,94.223,GOOD,SYNTHETIC_RESEARCH_BASED,ML_TRAIN_TEST_DEVELOPMENT_ONLY,PCL literature-informed morphology + FTIR + mechanical latent-quality simulation,TRAIN
SYN_00713,177.97932001320035,43.83964144647032,0.29547746519769674,0.4054853640228723,0.26285986722102805,0.7237185324747712,0.7314907087690344,0.8214932531334929,4.496475858235533,1.0692184148556747,1721.8041020763528,1.0466999613182209,2934.2196881149625,0.8077713446717875,1237.5737521644028,0.6138349865392909,1.4160486009001887,0.5769719399203118,0.14073424512293606,-0.0016796242319974302,0.8140979279878686,20.456198009568357,0.6722900441147035,0.21126742778489005,0.04801404893853898,16.11834118045105,96.858,GOOD,SYNTHETIC_RESEARCH_BASED,ML_TRAIN_TEST_DEVELOPMENT_ONLY,PCL literature-informed morphology + FTIR + mechanical latent-quality simulation,TRAIN
SYN_00714,154.9942409345387,33.737685806684055,0.32502405983590443,0.30148776378035014,0.21470472081835507,0.6961621413384279,0.6344072427105973,0.7556679580930304,7.041560419535379,0.8641799642988943,1727.103486111133,0.9575184132366087,2939.0202985364685,0.553994210377005,1243.4436525271105,0.6297523113893894,1.2243532620914879,0.47822876224588107,0.16106046677416289,0.003341605188316871,0.9119194436883603,13.24869456785502,0.5521074380353116,0.23406917758643922,0.03656911258420575,12.296350843908414,71.501,GOOD,SYNTHETIC_RESEARCH_BASED,ML_TRAIN_TEST_DEVELOPMENT_ONLY,PCL literature-informed morphology + FTIR + mechanical latent-quality simulation,TRAIN
SYN_00715,142.77521386455672,43.03600173426523,0.37950882551581566,0.3407675591589331,0.21135816792570153,0.6625078590607159,0.3626958264143076,0.6707259439452377,7.2642859372318505,1.2891464393962606,1730.2523111905407,0.7298794822476516,2940.243966843193,0.6674890401175213,1242.0213683505406,0.6065734809423341,1.1796404531667146,0.46901757558782925,0.15022719045613644,0.008520683211941556,0.6855138537901982,10.523498055584735,0.4593239566005433,0.36969562882091705,0.018550023346965233,5.668065105640753,45.963,POOR,SYNTHETIC_RESEARCH_BASED,ML_TRAIN_TEST_DEVELOPMENT_ONLY,PCL literature-informed morphology + FTIR + mechanical latent-quality simulation,TRAIN
SYN_00716,144.61961827554998,28.182481787776414,0.2721286436113358,0.39714852666149036,0.20618630530811055,0.6701872780126149,0.6218172693969041,0.7774803864080938,5.699469354471445,1.1501076075208938,1715.0247295582917,0.9579019588182303,2941.107359053551,0.7074827952789896,1249.1717542645913,0.7034887203853006,1.3972585677689788,0.53654450855416,0.12273237143994122,0.0035635002456012466,1.0191360167644812,22.008803094517496,0.7228377824378781,0.20333054486422952,0.0470900863838379,12.664926080855672,87.444,GOOD,SYNTHETIC_RESEARCH_BASED,ML_TRAIN_TEST_DEVELOPMENT_ONLY,PCL literature-informed morphology + FTIR + mechanical latent-quality simulation,TRAIN
SYN_00717,120.69547447789418,41.380080392099046,0.45572820208708764,0.2823396481863617,0.16491720860499645,0.6185915013208888,0.34465472650977697,0.6236088493632052,6.255686038776545,2.0497851267572953,1728.8450964777026,0.830779647431085,2952.735694347391,0.6114674066520476,1240.0043055267931,0.547088086258775,1.1033906466555923,0.4021210385862414,0.17882239806114592,0.018154646656620317,0.6752660588574205,13.365897929567275,0.39745137853114065,0.3831775167118411,0.018396553244021396,8.49521872250805,40.042,POOR,SYNTHETIC_RESEARCH_BASED,ML_TRAIN_TEST_DEVELOPMENT_ONLY,PCL literature-informed morphology + FTIR + mechanical latent-quality simulation,TRAIN
SYN_00718,143.58131095133407,29.562199876901126,0.3582152949245589,0.3649441424444311,0.2618677013533504,0.7815689194891786,0.6832694877406124,0.8085259315142286,5.449393127049661,1.3784127378018434,1724.8840834411944,0.8940206002918295,2937.948377353066,0.7750704029862182,1240.5953735196838,0.5071626728444766,1.345717988238407,0.533202689339781,0.15479139476118758,0.006437741162687189,0.7533797201672057,16.86185368302916,0.654525645522878,0.24399848594158854,0.041122459912600405,11.501157862352771,84.201,GOOD,SYNTHETIC_RESEARCH_BASED,ML_TRAIN_TEST_DEVELOPMENT_ONLY,PCL literature-informed morphology + FTIR + mechanical latent-quality simulation,TRAIN
SYN_00719,165.98500716811253,23.601209427327287,0.33997833640406916,0.42400642488982243,0.23203879955224113,0.7854689839784905,0.7133086602920643,0.7785226028280364,5.420586463454044,1.1429586187191023,1720.8547147909262,0.875452545615073,2935.9838722968884,0.6324652478440769,1244.613870525889,0.6680781740303748,1.4662776038839214,0.547517804286129,0.15433453868592945,0.0016702841027281569,0.9732348561043727,19.483063498643446,0.6247467160713933,0.20145498404516288,0.032818740207132734,13.252714277427971,86.77,GOOD,SYNTHETIC_RESEARCH_BASED,ML_TRAIN_TEST_DEVELOPMENT_ONLY,PCL literature-informed morphology + FTIR + mechanical latent-quality simulation,TRAIN
SYN_00720,135.48176868288397,32.47325125800578,0.34971071723707353,0.419878581765495,0.204026931938974,0.6836285995402045,0.6435779967485236,0.7384310452127596,5.946452100512557,1.2455737172299568,1727.518310964949,0.9802677131203349,2941.996164834947,0.6931140188850455,1241.6805336841153,0.6535527839638944,1.4704315592747992,0.5584848896879409,0.1482003668796628,0.0039038154147023013,1.1033349121742773,20.527532428262354,0.5719065516422854,0.2375107700005344,0.02082482724567875,10.962107682008554,89.205,GOOD,SYNTHETIC_RESEARCH_BASED,ML_TRAIN_TEST_DEVELOPMENT_ONLY,PCL literature-informed morphology + FTIR + mechanical latent-quality simulation,TRAIN
SYN_00721,144.95163083203693,48.30268663503489,0.4743895936985852,0.3080456993581043,0.13382517002283573,0.6196296795673834,0.29534838939072533,0.5995318237464562,7.2194924410451655,1.912928797883748,1719.5071511111778,0.9158623783847589,2936.4919718000933,0.5766170915107866,1235.2492832653063,0.5630202207629943,0.8800872673756048,0.40542319920147596,0.16759212151335884,0.005977637858219425,0.39769114656153,10.216758471424097,0.49129845043843084,0.317837963417642,0.004785606189302282,4.13116265105515,30.439,POOR,SYNTHETIC_RESEARCH_BASED,ML_TRAIN_TEST_DEVELOPMENT_ONLY,PCL literature-informed morphology + FTIR + mechanical latent-quality simulation,TRAIN
SYN_00722,161.0626413351246,26.628506942529825,0.36522321477740727,0.3892383759829738,0.20980205158462611,0.8033843831060329,0.6880025893158965,0.7855968565923592,5.1195207743402715,1.4776839569806903,1718.0608629920323,0.9569261422791787,2935.598150731876,0.6331694033910839,1241.0870608608443,0.5421041779260933,1.1770856015033961,0.5122355061750451,0.14526893233987756,0.008048478916367919,0.8675640317734457,16.524941410806278,0.6323416442446297,0.23822304267172756,0.041453191882413906,13.901414765474904,85.545,GOOD,SYNTHETIC_RESEARCH_BASED,ML_TRAIN_TEST_DEVELOPMENT_ONLY,PCL literature-informed morphology + FTIR + mechanical latent-quality simulation,TRAIN
SYN_00723,168.29994051163808,35.50014541864658,0.4531545732811742,0.33311482618049504,0.13909201306400226,0.6654110386376496,0.24856328891669496,0.5959722326314706,5.345446733711095,1.9993336234546606,1716.3023008278415,0.7761699706443903,2939.9393236133023,0.6871448264329347,1240.5883945865448,0.44425714527437304,1.0678658781482715,0.35301618235184706,0.1655093432994546,0.019486414328270675,0.5287847495417186,9.509556832902941,0.40065238868090636,0.32055671378381967,0.02215491143312166,6.110767025404045,29.113,POOR,SYNTHETIC_RESEARCH_BASED,ML_TRAIN_TEST_DEVELOPMENT_ONLY,PCL literature-informed morphology + FTIR + mechanical latent-quality simulation,TRAIN
SYN_00724,139.3168344892913,35.39361932561117,0.35735160329380106,0.37171882493266484,0.1740884388012182,0.6642463038114135,0.541352459484385,0.719147547074413,6.493544922652879,2.0203349907860466,1724.3237429056192,0.9309322079307498,2944.1602730198256,0.5977499009523581,1238.8324005966563,0.709884697405872,1.3732248249671344,0.4435012888335241,0.14895206385456933,0.009375589759280604,0.7451126570152325,13.479214586129592,0.6508385819479605,0.2607018077375748,0.03932282156907132,12.339631015025303,62.967,POOR,SYNTHETIC_RESEARCH_BASED,ML_TRAIN_TEST_DEVELOPMENT_ONLY,PCL literature-informed morphology + FTIR + mechanical latent-quality simulation,TRAIN
SYN_00725,119.77913401723268,39.46438681666205,0.4317830892067303,0.36977139166205003,0.18828110344553553,0.6714182862892986,0.4587596877194736,0.7046154226708952,7.404570547495026,1.768604203673169,1726.123524368234,0.9687543029377722,2935.6015436320695,0.6627467739796962,1240.3583831473734,0.7349642068336035,1.2406565876965758,0.5043918812543152,0.15476645753718396,0.009868161020385733,0.6745614933516578,13.103996464688057,0.45672070812778603,0.2845529789442222,0.023888387957578014,9.10935563498255,68.307,POOR,SYNTHETIC_RESEARCH_BASED,ML_TRAIN_TEST_DEVELOPMENT_ONLY,PCL literature-informed morphology + FTIR + mechanical latent-quality simulation,TRAIN
SYN_00726,158.16869426922682,37.165606807038294,0.3138354072725905,0.3853819379846843,0.2246642519504374,0.7126634921463544,0.6059723064403763,0.7881856311434834,7.309791029691382,1.1213166979126843,1722.4181091137211,0.969654316998678,2933.9455167050655,0.7035056576893631,1246.3148260623884,0.5351134202908941,1.303226208067485,0.4931233858080603,0.1675167515976291,0.0023700363327599297,0.901283143964174,15.509575250942897,0.6363697004520488,0.26587200634654784,0.028502400399159467,12.857569609316087,87.175,GOOD,SYNTHETIC_RESEARCH_BASED,ML_TRAIN_TEST_DEVELOPMENT_ONLY,PCL literature-informed morphology + FTIR + mechanical latent-quality simulation,TRAIN
SYN_00727,150.00793727747998,50.147254806299536,0.27814148649439685,0.37970033566804573,0.22431038510717163,0.6670729263277929,0.593949995481245,0.7363901306885106,6.617528052213676,1.099236800014552,1718.4404654726588,0.8095114107943666,2933.974809519316,0.7847518446905878,1236.3282855970833,0.6848104139781593,1.5651820935753789,0.5746025008557716,0.1478957616173581,0.005359054269792261,1.0502413560336312,17.231607330777116,0.6119235866404191,0.2902776154140701,0.03155150840341472,9.955878655825682,82.047,GOOD,SYNTHETIC_RESEARCH_BASED,ML_TRAIN_TEST_DEVELOPMENT_ONLY,PCL literature-informed morphology + FTIR + mechanical latent-quality simulation,TRAIN
SYN_00728,143.44758088626776,42.045919142343706,0.412268737954212,0.3362192937546879,0.1905536275095252,0.6861224655233185,0.45039468800427185,0.7020360294052701,5.638012402139036,1.4586063795566466,1720.8193297257385,0.7687072840505913,2932.801324514561,0.5318648183375904,1246.4358270586667,0.5712921634283866,1.1401600598776223,0.46619913858571393,0.1906609101771628,0.01832761699850867,0.9270494985817828,14.128844351222119,0.4525665613664763,0.19334172528749316,0.04303653076717368,12.172735242656477,72.953,GOOD,SYNTHETIC_RESEARCH_BASED,ML_TRAIN_TEST_DEVELOPMENT_ONLY,PCL literature-informed morphology + FTIR + mechanical latent-quality simulation,TRAIN
SYN_00729,157.8988385736773,35.742052327386816,0.2913064945635034,0.4015895221183009,0.25651918987088546,0.7718882845673272,0.866535421317481,0.8721913523188016,4.81654014210546,1.5703830743534675,1722.2639672776497,0.9164874488316432,2938.5729190686134,0.636723637030827,1240.6172679227261,0.6296548185771973,1.405134459341239,0.5541877260016073,0.12562711984668082,0.004662772630926357,0.9088333312693416,22.510401612456178,0.85,0.27171066315410386,0.03900184084691808,16.18726442182188,93.911,GOOD,SYNTHETIC_RESEARCH_BASED,ML_TRAIN_TEST_DEVELOPMENT_ONLY,PCL literature-informed morphology + FTIR + mechanical latent-quality simulation,TRAIN
SYN_00730,186.36940548523867,43.045887650928925,0.44531860179105776,0.3349248907478504,0.18380845054049333,0.6554234599874746,0.6134219152262693,0.6999267077050275,5.482635058064348,1.8681072457587553,1723.8409738239902,0.9064610664649249,2946.3493112942697,0.5878240484669821,1237.1050843685384,0.5421655874574746,1.2149047041997798,0.5008823354400177,0.15200335976241924,0.005839622477401172,0.8580841965087935,15.478784826772053,0.5444021605489753,0.2643504367560721,0.0321354982834193,11.276550043161185,65.178,POOR,SYNTHETIC_RESEARCH_BASED,ML_TRAIN_TEST_DEVELOPMENT_ONLY,PCL literature-informed morphology + FTIR + mechanical latent-quality simulation,TRAIN
SYN_00731,170.85134161752313,36.61001071391752,0.41706542147126,0.2912906785162105,0.16322907128551137,0.6226868294019454,0.36129048039284783,0.6028708858411825,6.058451596723134,2.2209634753185967,1710.8957646787123,0.7137880576413509,2947.524685305932,0.6554851571421743,1234.9573070244674,0.5878838960869865,1.2660972880088464,0.44757107993602224,0.1622064178178138,0.010679954382569919,0.5324771607405283,8.002698317087162,0.2972237809265675,0.26708016323799094,0.014661229596376772,5.881793181418854,31.25,POOR,SYNTHETIC_RESEARCH_BASED,ML_TRAIN_TEST_DEVELOPMENT_ONLY,PCL literature-informed morphology + FTIR + mechanical latent-quality simulation,TRAIN
SYN_00732,153.83434914046288,29.911771546656837,0.3802646125252567,0.3759566285773733,0.1774443545434101,0.7342611553344044,0.6928566262280043,0.7397697947941486,5.6799907416813395,1.386167065973257,1725.12314852788,0.9507796671270703,2943.591132843482,0.6615341918574921,1243.0331831119533,0.580325296304556,1.213609996771908,0.49954228127074607,0.169558123951851,0.014933167834782154,0.7946574737962173,15.093851217608542,0.5586042513678329,0.21961814822749862,0.03587590517542742,11.514966641750975,72.697,GOOD,SYNTHETIC_RESEARCH_BASED,ML_TRAIN_TEST_DEVELOPMENT_ONLY,PCL literature-informed morphology + FTIR + mechanical latent-quality simulation,TRAIN
SYN_00733,179.787515813009,41.60311596206571,0.44154196790322886,0.3256292458975055,0.1593188563367825,0.60325802280971,0.4785476347548161,0.6888299287940627,7.984263149736849,2.01064346106713,1716.8334401293637,0.8095288667616267,2931.1695608954933,0.66805176355527,1238.189227544805,0.525011117056253,1.1559430197573732,0.43002284939721336,0.16819756548992554,0.009490930393874091,0.5596770571725369,10.107527584645414,0.3292982704255931,0.33074803478916187,0.03831373056589503,7.689700917164987,41.479,POOR,SYNTHETIC_RESEARCH_BASED,ML_TRAIN_TEST_DEVELOPMENT_ONLY,PCL literature-informed morphology + FTIR + mechanical latent-quality simulation,TRAIN
SYN_00734,155.6039295433333,43.251024514168755,0.31570928077368854,0.368793980950102,0.21674918523718065,0.7266524923126845,0.7300090013128984,0.7870221816298472,5.231666011669793,1.4540339141277643,1722.5959306624914,0.9691540622574701,2943.4045713401083,0.6689337498125427,1244.758660972766,0.66065589173205,1.550621454052699,0.47956447005531433,0.1376498493818336,0.010808313983134808,1.0092984726014151,17.750455625019917,0.6170187848730183,0.22395556831792,0.04911936707222558,15.298730195855182,92.714,GOOD,SYNTHETIC_RESEARCH_BASED,ML_TRAIN_TEST_DEVELOPMENT_ONLY,PCL literature-informed morphology + FTIR + mechanical latent-quality simulation,TRAIN
SYN_00735,146.23494887636352,30.968064582661654,0.40682517093335335,0.3643598137737943,0.20003457466952612,0.6403495264574353,0.5991455582000795,0.7305468063479023,5.530559050426511,1.686857564107474,1727.8201292228637,0.8742152840712453,2943.2530739757913,0.6105884756399088,1233.7103521905958,0.48237179612661885,1.5255885192120107,0.4830377293099488,0.16017918590630337,0.0079849794566732,0.925860629364156,16.892180304433253,0.6612158825598767,0.2955456909376424,0.04085156383892495,12.196221061041006,74.517,GOOD,SYNTHETIC_RESEARCH_BASED,ML_TRAIN_TEST_DEVELOPMENT_ONLY,PCL literature-informed morphology + FTIR + mechanical latent-quality simulation,TRAIN
SYN_00736,163.26701994569393,43.268749505232144,0.4626484392245791,0.3539857931288821,0.19014854465579709,0.6793775897856376,0.4780917929677699,0.6908976415553942,6.232549538129945,1.5252368539863281,1718.108007520337,0.9675204596358097,2935.057169023213,0.683766618304892,1238.3116910924277,0.5026985208065736,1.003635446007658,0.45123168748567605,0.19350457454863887,0.0196615589784894,0.5862580955835528,9.399481260281052,0.46483528854747397,0.22219334037346042,0.02533369029558774,4.354442697742796,48.405,POOR,SYNTHETIC_RESEARCH_BASED,ML_TRAIN_TEST_DEVELOPMENT_ONLY,PCL literature-informed morphology + FTIR + mechanical latent-quality simulation,TRAIN
SYN_00737,162.35866698153367,27.781004923251114,0.24911120849449347,0.4209878622848043,0.24776347640866317,0.7065477064761079,0.7247260096633493,0.8104469073943852,5.67894060805156,1.3019909157376144,1717.0876218420308,0.7499687559745993,2941.7779868608154,0.6152691652341483,1245.5873168156445,0.5772547743303738,1.380961865497966,0.49777834867718873,0.1392477202000021,0.0069818687372024055,0.9587770897501876,16.32090174870151,0.6135993131592743,0.24793473029944643,0.043321157700846075,16.115091409586686,78.524,GOOD,SYNTHETIC_RESEARCH_BASED,ML_TRAIN_TEST_DEVELOPMENT_ONLY,PCL literature-informed morphology + FTIR + mechanical latent-quality simulation,TRAIN
SYN_00738,136.4229204801634,28.79109467597126,0.3856532212196423,0.38434851906973116,0.20578689356762916,0.6468278964221765,0.5544322471975236,0.7685593230853384,6.990204012243318,1.6408550754572644,1722.8121760713452,0.7693852665918781,2941.3574056139964,0.6245804029795923,1237.545863583137,0.6506234598983883,1.1323894178773057,0.48179849519648754,0.15115505794689174,0.00940418087693583,0.8363272148815027,16.39150467671426,0.4560274673687504,0.21944999680668914,0.034664888440943564,10.870962203666316,63.234,POOR,SYNTHETIC_RESEARCH_BASED,ML_TRAIN_TEST_DEVELOPMENT_ONLY,PCL literature-informed morphology + FTIR + mechanical latent-quality simulation,TRAIN
SYN_00739,160.15260088421402,28.511592182662493,0.31133820788095085,0.4769257298197574,0.2493666442551325,0.8004863115546109,0.7657427272150904,0.7940817977355233,4.555031370007136,1.0672273580292897,1719.0915292371792,0.9536702201435172,2949.3156292521426,0.7245003434272624,1248.8404266663254,0.5573703640828945,1.4766105009402286,0.4937691626082451,0.18515623568808837,0.0030385507112060607,0.8533365834832206,18.990802693963396,0.6241016874984057,0.2639832479258832,0.052869763129595376,13.40557332049214,95.155,GOOD,SYNTHETIC_RESEARCH_BASED,ML_TRAIN_TEST_DEVELOPMENT_ONLY,PCL literature-informed morphology + FTIR + mechanical latent-quality simulation,TRAIN
SYN_00740,123.29874832241282,26.10484143204035,0.3407468990501949,0.4491023659551993,0.25715407228778947,0.7580303274734134,0.7639594766570226,0.7800746199910272,6.1725906625055105,1.3465357064842831,1719.6295544708073,0.8862885161252216,2945.130844661569,0.6383569317069154,1243.6019886365643,0.6436971333764783,1.2719955995296748,0.49223619465042556,0.175458114660148,0.008802288240568125,0.9036361482110509,17.451452772399108,0.5909039438923396,0.21944002774998997,0.04680899383415478,12.93034504405563,85.151,GOOD,SYNTHETIC_RESEARCH_BASED,ML_TRAIN_TEST_DEVELOPMENT_ONLY,PCL literature-informed morphology + FTIR + mechanical latent-quality simulation,TRAIN
SYN_00741,130.34022942370376,46.61633459634015,0.46313856387768554,0.3275149785207532,0.1676041161020378,0.632109402785656,0.42627202558716704,0.6315788607094527,5.3619924212934045,2.0060389358063424,1718.6850924598757,0.7901558442453559,2938.7888166033486,0.6464421904933406,1242.9009363220187,0.41224516841841496,1.0928558367206687,0.43941529002131746,0.16448103788570678,0.014620009466843947,0.6196590438262602,12.532747082833009,0.41089072302582874,0.2699528851712735,0.024223640469973266,5.407065207300758,38.239,POOR,SYNTHETIC_RESEARCH_BASED,ML_TRAIN_TEST_DEVELOPMENT_ONLY,PCL literature-informed morphology + FTIR + mechanical latent-quality simulation,TRAIN
SYN_00742,154.9841148799314,33.36479389248975,0.30278898264701065,0.38115400324408516,0.23750224294727582,0.671415700534306,0.6723181268161609,0.7109727138656362,6.269188201439083,1.917556051676412,1723.967694160408,0.8842402634292894,2933.903585147106,0.7744552867239498,1239.4780710076957,0.6386492020046383,1.3537997281382714,0.4696810029025183,0.16749052884116794,0.003790602229998003,0.8760771084958819,18.131788466156628,0.6192594941771002,0.16548614239144255,0.04053762211693779,11.82041221140577,70.172,GOOD,SYNTHETIC_RESEARCH_BASED,ML_TRAIN_TEST_DEVELOPMENT_ONLY,PCL literature-informed morphology + FTIR + mechanical latent-quality simulation,TRAIN
SYN_00743,147.55000202133493,46.42833871219291,0.4249159510561175,0.3351850860716667,0.17410874230342518,0.6318298648402032,0.4697325992462984,0.6490795230980491,6.395649181158808,1.9075345722542412,1720.7587981547279,0.8537002902935035,2936.440986217889,0.6488358836117671,1245.626532898085,0.5671435054674236,1.0697418437572426,0.43596532392267684,0.17625362775052594,0.013847846933245842,0.5791203888414007,15.539891698443908,0.5564179688365133,0.26981255078774546,0.018153793029371527,7.019862814939136,42.327,POOR,SYNTHETIC_RESEARCH_BASED,ML_TRAIN_TEST_DEVELOPMENT_ONLY,PCL literature-informed morphology + FTIR + mechanical latent-quality simulation,TRAIN
SYN_00744,133.7073940851435,36.80875598725861,0.2910378884011304,0.4232365567736801,0.2538573476781816,0.7791763360505451,0.70764788829798,0.7985986809065626,6.691556992732355,1.2826129315191492,1715.0673518630704,0.8679326091060187,2937.897008242279,0.8073722295541015,1240.6692224993585,0.6375216202452215,1.3363738418189872,0.5788741724200508,0.168376963749923,0.006543024170061427,1.1126259393593045,18.284017744376765,0.8117936631871823,0.27350650161671425,0.046737429446766114,15.479357867869744,97.892,GOOD,SYNTHETIC_RESEARCH_BASED,ML_TRAIN_TEST_DEVELOPMENT_ONLY,PCL literature-informed morphology + FTIR + mechanical latent-quality simulation,TRAIN
SYN_00745,162.25483926633282,34.9477702503858,0.35452200086857594,0.38371184692773314,0.2641428466031923,0.7402009322997339,0.6486434058067917,0.8174700796412965,6.440016224448736,1.7574788076284313,1725.1827178542026,1.0832468462485783,2943.194839933527,0.7203317125078375,1239.1172598829291,0.6664723737005366,1.381800854440255,0.5279535022286057,0.13790182700564826,0.009649385906322314,0.7941514594264052,20.1534392246377,0.85,0.2571114318588539,0.04933957867534572,12.045302119861592,85.859,GOOD,SYNTHETIC_RESEARCH_BASED,ML_TRAIN_TEST_DEVELOPMENT_ONLY,PCL literature-informed morphology + FTIR + mechanical latent-quality simulation,TRAIN
SYN_00746,147.16974195036425,27.368416945792717,0.47119317826695484,0.34396332366170557,0.18800596047374213,0.688334920223609,0.5674152184968719,0.7194253205327295,5.492198947469924,1.4516425740738366,1724.4075757915837,0.8694371966311643,2937.0041534039333,0.600889100503413,1242.5903272289008,0.5395511241027388,1.350758927361984,0.42092205664926635,0.16277220967461595,0.01893869932322559,0.8658222973067954,15.244707150046759,0.519617745012926,0.26287375731922685,0.03337124983490445,12.711991362285048,58.716,POOR,SYNTHETIC_RESEARCH_BASED,ML_TRAIN_TEST_DEVELOPMENT_ONLY,PCL literature-informed morphology + FTIR + mechanical latent-quality simulation,TRAIN
SYN_00747,141.07224152054772,40.6815514066371,0.37705278154328153,0.3738432126019943,0.21888961479000282,0.7308547673964451,0.5088235053064519,0.70338344998562,5.336030864191967,1.943490430125706,1725.8230445574482,0.9002066473960707,2936.838634518699,0.6799535217902477,1236.4419153438946,0.5974539240003254,1.1739038187428505,0.5388321357439312,0.1559250041479932,0.0025512030687442526,0.7021843746197446,14.00039901913736,0.4126960213024619,0.2838595648756773,0.017311070538633337,6.93260108097466,62.186,POOR,SYNTHETIC_RESEARCH_BASED,ML_TRAIN_TEST_DEVELOPMENT_ONLY,PCL literature-informed morphology + FTIR + mechanical latent-quality simulation,TRAIN
SYN_00748,144.94080859676632,42.39546019238005,0.4770342692415892,0.3112064164076679,0.16682636120634936,0.5913587006196438,0.33507489395534873,0.613467194087584,7.949984376455486,1.7290295000723808,1719.7628258568932,0.8576981600366891,2929.906406524021,0.5545668560416156,1260.0,0.5590573988421617,0.9187054732012513,0.32359583309870055,0.17211302661770417,0.020026482976102395,0.7062493175224795,14.674883018062614,0.31254129427494026,0.3413834503013574,0.018432703363949414,5.699841508770298,41.027,POOR,SYNTHETIC_RESEARCH_BASED,ML_TRAIN_TEST_DEVELOPMENT_ONLY,PCL literature-informed morphology + FTIR + mechanical latent-quality simulation,TRAIN
SYN_00749,163.39576962333973,35.802228352352714,0.44913556684877426,0.3394849362391446,0.193663783960371,0.5817593633464612,0.4449173868257122,0.6557105398545918,5.696030810999769,1.9981785575181676,1731.393442599737,0.9073164744570791,2939.58578111578,0.7122889457221937,1235.0474164936297,0.4624876589002185,1.3556134299630986,0.452824142793186,0.18330229018338798,0.015190615555758347,0.714777509177781,12.589703299595572,0.41373732729340623,0.32934030864522146,0.016934459875225356,6.828655799564739,39.343,POOR,SYNTHETIC_RESEARCH_BASED,ML_TRAIN_TEST_DEVELOPMENT_ONLY,PCL literature-informed morphology + FTIR + mechanical latent-quality simulation,TRAIN
SYN_00750,149.9168574387075,39.67467013352471,0.4849054125172109,0.37168790330526735,0.19870029696666228,0.6426166438231902,0.42138104245941443,0.6451722225389436,6.341854379510783,1.7248968411589525,1714.9943185782954,1.0300457867172956,2946.3191197611472,0.7112819766669048,1244.9568067991158,0.6304604443450317,1.2242254803874504,0.5367557390484333,0.146642487499141,0.004422116846580997,0.9144630924492299,13.170489740050673,0.4969176848291253,0.1917115588631463,0.02150663565598427,11.829441792461624,61.574,POOR,SYNTHETIC_RESEARCH_BASED,ML_TRAIN_TEST_DEVELOPMENT_ONLY,PCL literature-informed morphology + FTIR + mechanical latent-quality simulation,TRAIN
SYN_00751,123.55092571344167,37.264528147393115,0.42038130888317027,0.3831661119722056,0.14502181665596175,0.642301373391174,0.40507616859811324,0.6266410303581942,6.3589261243293205,1.0362407725332492,1725.2128211736522,0.8275387357776248,2944.116245754133,0.5770713087292076,1241.1709151592943,0.5540713999169927,1.20189437310028,0.45610172526109244,0.1753450770979982,0.016209033295485783,0.49493607675712725,12.38056628022298,0.2849598232180926,0.3162823239219977,0.015601278848832908,5.771724168717329,43.514,POOR,SYNTHETIC_RESEARCH_BASED,ML_TRAIN_TEST_DEVELOPMENT_ONLY,PCL literature-informed morphology + FTIR + mechanical latent-quality simulation,TRAIN
SYN_00752,152.4496103752881,26.77865300176816,0.303057039276685,0.40850811066801324,0.1998574296354315,0.7650828156211945,0.6178227855629618,0.7027085706365394,5.458007285971393,1.6243040347725515,1727.3538284389451,0.9959111968445729,2944.008860975341,0.6215755058112535,1249.846120615068,0.49302783614707074,1.1773633663633045,0.468357756054018,0.1713230568304635,0.007286928691091811,0.8368745583839563,13.384359526360756,0.4489624510551011,0.2722745995530881,0.03056015671964299,10.970951546087592,69.006,POOR,SYNTHETIC_RESEARCH_BASED,ML_TRAIN_TEST_DEVELOPMENT_ONLY,PCL literature-informed morphology + FTIR + mechanical latent-quality simulation,TRAIN
SYN_00753,157.4760631354441,39.9959467022828,0.38087797662538864,0.2910456042824471,0.2099435567265002,0.6565602800808915,0.48194776907647097,0.6983951839638795,6.036287032806254,1.7012112757027515,1715.639838552148,0.9242457589543205,2938.351574631603,0.6062420703336784,1241.2002965046702,0.5162616044044375,1.181468724835188,0.46126825354353357,0.16294789798067125,0.018235636227372527,0.7736204064520712,14.84768743625689,0.5779596905151514,0.30461248823772974,0.03168514822181346,9.150250228918248,58.761,POOR,SYNTHETIC_RESEARCH_BASED,ML_TRAIN_TEST_DEVELOPMENT_ONLY,PCL literature-informed morphology + FTIR + mechanical latent-quality simulation,TRAIN
SYN_00754,140.75077499136125,41.30471574905029,0.42207324011408,0.2939588828576249,0.12132118730378144,0.6083677261132654,0.3315580575044975,0.5983187071117093,7.890721485985706,2.236863619632347,1723.3559253621384,0.8423110079505352,2940.4530663743235,0.6599723247428935,1239.3386685922385,0.4547365933582917,0.9353037832914299,0.4099970138381768,0.184500871797043,0.016145962524231235,0.5094642064854675,9.98548646556433,0.4032127242162295,0.3584869693401695,0.007780642529555999,6.911102670094507,26.879,POOR,SYNTHETIC_RESEARCH_BASED,ML_TRAIN_TEST_DEVELOPMENT_ONLY,PCL literature-informed morphology + FTIR + mechanical latent-quality simulation,TRAIN
SYN_00755,139.7441267741878,30.211004279835517,0.3686925594561179,0.3954547252770732,0.2152921215877658,0.7117751186342145,0.5353430855391165,0.7600374561843815,6.2490162631591115,1.356596559692683,1715.0523020228168,0.9104559089846127,2945.905494865549,0.7532030793056774,1235.4376212681507,0.5870920981280159,1.338699113031539,0.5407896326690532,0.18793216415754402,0.0021749385820216483,0.948899923688126,14.65913135976659,0.6242210876309856,0.29891733850701246,0.020576815795425744,7.232662277954125,76.814,GOOD,SYNTHETIC_RESEARCH_BASED,ML_TRAIN_TEST_DEVELOPMENT_ONLY,PCL literature-informed morphology + FTIR + mechanical latent-quality simulation,TRAIN
SYN_00756,146.8925988054037,33.20060912243711,0.3839774095572555,0.3875362768145485,0.24116852849694137,0.7468492150744019,0.6966236802564512,0.78899965728165,5.202662613068959,1.466048892302973,1722.6252051821334,1.0065017202795774,2943.2559206862143,0.6252653588106099,1240.7699558089791,0.7265037070783817,1.1764445486473107,0.5685878459281773,0.1488796934439113,0.00888666583726232,0.918176001053102,18.62053643142364,0.5571290114269555,0.23877153951711602,0.03034697341787675,9.907070453668792,74.11,GOOD,SYNTHETIC_RESEARCH_BASED,ML_TRAIN_TEST_DEVELOPMENT_ONLY,PCL literature-informed morphology + FTIR + mechanical latent-quality simulation,TRAIN
SYN_00757,143.29846118374778,37.54681422067826,0.36800779997135863,0.4235984473659567,0.2266922458469871,0.6504131637379154,0.5324101396158974,0.7071930315706595,6.116578109312528,1.7036286646093168,1721.0641419110032,0.8561449252106828,2931.209578363137,0.6234791398120468,1236.2607209485973,0.6444983119856194,1.2035122919601504,0.511363846973015,0.17043788609795016,0.011167283639230806,1.0093932297872414,20.26411622547932,0.5076940720754961,0.2751811311941048,0.040025700852227696,11.325613769437968,75.131,GOOD,SYNTHETIC_RESEARCH_BASED,ML_TRAIN_TEST_DEVELOPMENT_ONLY,PCL literature-informed morphology + FTIR + mechanical latent-quality simulation,TRAIN
SYN_00758,165.61152550965468,20.839051847791623,0.3475831027272454,0.39841600245915393,0.22300352031351975,0.8168364420203956,0.7019277764051175,0.7833793090277893,6.321436407390911,1.2272569645300246,1719.4153200710386,0.9833397346872816,2944.8703506174165,0.6271225825969758,1227.5273398133306,0.5532568034703843,1.2992976587645455,0.499564952435614,0.12073804439471764,0.010523778895574508,0.8391003432554253,18.35620772598795,0.7422378522798506,0.277066236011379,0.0386509052146515,11.765313039841292,77.369,GOOD,SYNTHETIC_RESEARCH_BASED,ML_TRAIN_TEST_DEVELOPMENT_ONLY,PCL literature-informed morphology + FTIR + mechanical latent-quality simulation,TRAIN
SYN_00759,177.02959858614383,28.524796893656774,0.3251134486066517,0.39175825061451014,0.1897552862249662,0.7405794967432481,0.5696802389932288,0.7342414362751462,4.294560322213653,1.86512316981916,1720.51999304412,0.9817560496057371,2940.76542645223,0.5811166360041433,1233.9308157954833,0.5577226361135343,1.4665611985770852,0.460661002201612,0.18057017994423952,0.006980906039983355,0.62471648695392,13.776463214664057,0.5228344966483829,0.22403112219345636,0.0242647828746388,8.424241705206565,68.82,POOR,SYNTHETIC_RESEARCH_BASED,ML_TRAIN_TEST_DEVELOPMENT_ONLY,PCL literature-informed morphology + FTIR + mechanical latent-quality simulation,TRAIN
SYN_00760,137.1681599252773,36.64366312101227,0.25479384014271206,0.3951216529005878,0.2402181432794222,0.8121850962665418,0.7292368893898017,0.8221495876505687,6.361503560505797,1.4230131513667141,1721.3758661842894,0.9898215142210591,2945.5301027835794,0.7880400967285976,1236.278194602078,0.6278063300440867,1.4499809538051975,0.5152078345841747,0.14846299779569222,0.004864788978772451,0.9871035584346377,14.258730840362013,0.6687650699409647,0.3002841424107126,0.039875238832130726,11.968542901649009,85.236,GOOD,SYNTHETIC_RESEARCH_BASED,ML_TRAIN_TEST_DEVELOPMENT_ONLY,PCL literature-informed morphology + FTIR + mechanical latent-quality simulation,TRAIN
SYN_00761,152.22390460444106,41.9572502763932,0.409278421797899,0.40262938438662305,0.20399837179699962,0.7330007460965015,0.44775713302082787,0.73479341554331,5.336107533531375,1.664068045250023,1719.1109893704422,0.9618915105223139,2929.2571195515548,0.5808451689586356,1240.0456028000665,0.57351652739592,1.3018904532049616,0.5007211552568038,0.11220568534031536,0.006093300798191402,0.8855596845152461,15.441043869397756,0.6324852311975426,0.1858414190535502,0.038267231070291896,11.25314760182318,83.815,GOOD,SYNTHETIC_RESEARCH_BASED,ML_TRAIN_TEST_DEVELOPMENT_ONLY,PCL literature-informed morphology + FTIR + mechanical latent-quality simulation,TRAIN
SYN_00762,124.4989153563573,33.0544198069258,0.368754659297644,0.35638212540652253,0.2056207705951813,0.7297771235479646,0.5454046355046953,0.7147593774493064,4.7652391960148615,1.5811639717729662,1727.320373643059,0.9215835314701412,2931.372401771373,0.684623495743061,1235.9403091683444,0.5914164090287414,1.1682100368344919,0.5057333897948626,0.1490302314629762,0.0062247588887113835,0.854419422436644,12.969963823545683,0.5328622972143685,0.2377494992552272,0.043323802789246156,10.821931287594765,72.544,GOOD,SYNTHETIC_RESEARCH_BASED,ML_TRAIN_TEST_DEVELOPMENT_ONLY,PCL literature-informed morphology + FTIR + mechanical latent-quality simulation,TRAIN
SYN_00763,167.47557621465538,49.01116004830608,0.3593492599330394,0.3428220859418283,0.17767568908812334,0.720857468976818,0.5387189622044191,0.701029189392798,5.946880909159079,1.519685525914051,1733.6196986467685,1.0750134006568373,2947.2990815782646,0.6842637790117923,1238.67362878065,0.6215625401287278,1.0793490642114187,0.44111257223069544,0.17059344663856998,0.005995716201727641,0.7563920237924979,13.928394635091367,0.6540364526231531,0.25004383711330364,0.027069935433679842,9.258257245780346,62.71,POOR,SYNTHETIC_RESEARCH_BASED,ML_TRAIN_TEST_DEVELOPMENT_ONLY,PCL literature-informed morphology + FTIR + mechanical latent-quality simulation,TRAIN
SYN_00764,171.83754653745592,40.96041700278056,0.37729221598214346,0.3758162836773843,0.20934619946941108,0.689591686822729,0.5939448937556074,0.6951430675617863,5.853419506375457,1.4686059798483804,1722.9413795365622,0.9376247675233168,2933.800115911548,0.713348731255829,1245.2007361518313,0.7261584918683225,1.5872318414827302,0.49179554965228994,0.1541462852935153,0.005769976014865586,0.8439717232744904,12.78115897325116,0.592104306284685,0.2649007171460584,0.04201003407622858,11.998049019054221,75.856,GOOD,SYNTHETIC_RESEARCH_BASED,ML_TRAIN_TEST_DEVELOPMENT_ONLY,PCL literature-informed morphology + FTIR + mechanical latent-quality simulation,TRAIN
SYN_00765,162.12778491054732,30.55948039874149,0.35698211997080354,0.4165951839286982,0.2296668515838253,0.6810738892513841,0.6580971246146138,0.7387184477819981,4.277484683170851,0.9263354433966846,1721.1042796120119,1.1175102268629513,2940.6964375079406,0.6877216471320043,1244.5327940194427,0.6830805803173385,1.3869618381170294,0.5507066529093816,0.12710501372596933,0.011651274463213724,0.9668818787211282,16.083721591206398,0.6176982362713379,0.25659289599327967,0.038691813279369776,12.661006108918091,92.079,GOOD,SYNTHETIC_RESEARCH_BASED,ML_TRAIN_TEST_DEVELOPMENT_ONLY,PCL literature-informed morphology + FTIR + mechanical latent-quality simulation,TRAIN
SYN_00766,158.34446295969047,25.03951726625877,0.4161446609945488,0.35739225858161516,0.1950292161070595,0.5908445352102434,0.5224086699599824,0.7518844185375039,7.148759062741129,1.1789453259797975,1714.7832888430908,0.76213769960605,2935.988945611766,0.5895738697576809,1242.6272284490549,0.5749717653307452,1.2386715369667343,0.4991338090242125,0.17883273638163918,0.011091694992873503,0.6949736123037624,14.787263358479132,0.32350999279817255,0.269285200060712,0.028300447221499405,8.418544142302013,60.946,POOR,SYNTHETIC_RESEARCH_BASED,ML_TRAIN_TEST_DEVELOPMENT_ONLY,PCL literature-informed morphology + FTIR + mechanical latent-quality simulation,TRAIN
SYN_00767,194.32817915116289,40.217072114537146,0.30717193915703306,0.38949003570585966,0.23754565539969477,0.7255020506670432,0.7625829033290156,0.7614263113092324,4.956871306448092,1.3699389916909084,1715.6617621921375,0.9755771764551736,2941.149260114563,0.7895296827026095,1231.5584928274964,0.6647832049391205,1.1962300004148618,0.5604250055052584,0.15356424439502883,0.002906490902083346,1.0222702885763675,16.184964355080773,0.669068172768885,0.18226830038554181,0.04503328090500188,10.423706792302072,77.32,GOOD,SYNTHETIC_RESEARCH_BASED,ML_TRAIN_TEST_DEVELOPMENT_ONLY,PCL literature-informed morphology + FTIR + mechanical latent-quality simulation,TRAIN
SYN_00768,160.44124638094667,30.953903894505757,0.4197085330694014,0.369715786157574,0.20617776059436638,0.6764584900688143,0.4324549724880618,0.7043181575148398,5.378526465390405,1.9218868541427094,1716.879748485383,0.7914422397068901,2949.857417048241,0.6380730194975422,1235.8195368360593,0.6123170019435304,1.0335457053213921,0.5108211549746579,0.15930262662073058,0.013289262415913015,0.6142956225622073,12.152078196614179,0.4630730138391837,0.30656801168398984,0.02161529245323624,6.516750409076148,62.117,POOR,SYNTHETIC_RESEARCH_BASED,ML_TRAIN_TEST_DEVELOPMENT_ONLY,PCL literature-informed morphology + FTIR + mechanical latent-quality simulation,TRAIN
SYN_00769,142.0009421417273,31.889861126274717,0.4132098892695112,0.3036484943866896,0.17177220932453097,0.674244618276854,0.43960864974502534,0.7153280783645601,6.014833654118644,1.6380429155999883,1724.3921969917124,0.7907521066550321,2943.8156608094705,0.5227348196628709,1233.4529960993061,0.5381691203763626,1.154700261194137,0.500310595600126,0.1943751883599194,0.019180762779839086,0.7245944856969624,9.5221204130296,0.3924429208181879,0.3517241315343669,0.011992131673580389,6.228301262128011,34.738,POOR,SYNTHETIC_RESEARCH_BASED,ML_TRAIN_TEST_DEVELOPMENT_ONLY,PCL literature-informed morphology + FTIR + mechanical latent-quality simulation,TRAIN
SYN_00770,150.3306512050239,36.76132971957979,0.41276442295452853,0.33690613194651897,0.15620637273724544,0.5640210326020693,0.31177003797565267,0.5909035371690223,7.587220477589492,2.2518521847802675,1718.2747087576336,0.957356141996798,2945.407810600888,0.6711619038104158,1236.568620633392,0.4598238903661743,1.1731670669802192,0.44947108755736753,0.19287753191710438,0.011619807431259368,0.5829268748754833,13.361817901457457,0.34069969861296867,0.28935644669429855,0.01935050243903426,7.01611758160502,30.281,POOR,SYNTHETIC_RESEARCH_BASED,ML_TRAIN_TEST_DEVELOPMENT_ONLY,PCL literature-informed morphology + FTIR + mechanical latent-quality simulation,TRAIN
SYN_00771,115.0439208438707,34.093791737640274,0.292470498883828,0.42873795375852297,0.2753255941132834,0.737065575828912,0.7223375700686373,0.81718433501582,5.540011006972549,1.0310631372796841,1726.159828093512,0.9121972848381894,2934.513160452796,0.7771118555212945,1245.259020570101,0.602825692358012,1.5593564502444728,0.585981693725792,0.16270969322938372,0.007322465210296048,1.0217133769060822,18.469646380237428,0.5635899678455734,0.38186743904630976,0.04427167336373909,15.98541224847084,91.022,GOOD,SYNTHETIC_RESEARCH_BASED,ML_TRAIN_TEST_DEVELOPMENT_ONLY,PCL literature-informed morphology + FTIR + mechanical latent-quality simulation,TRAIN
SYN_00772,160.30028371064873,19.754516294551753,0.33922073802185876,0.4059720756760202,0.25426983678914866,0.7437397219553139,0.682681186091563,0.7639282511733358,5.5699173681982925,1.7818153369747853,1724.0285269592093,1.0014916916958145,2940.762327407715,0.7225905896084075,1237.1465259934184,0.6533265474454717,1.3631357681027325,0.48231639533268994,0.17421893454154003,0.008551515618763786,0.9935277540703376,21.829298699564344,0.6506435888537617,0.22002448999933272,0.03621113230767242,13.930077712543879,84.192,GOOD,SYNTHETIC_RESEARCH_BASED,ML_TRAIN_TEST_DEVELOPMENT_ONLY,PCL literature-informed morphology + FTIR + mechanical latent-quality simulation,TRAIN
SYN_00773,171.53386190553033,29.993696053494922,0.3423218748676146,0.38769032469821657,0.22296870102406616,0.6998537086563837,0.679530876204805,0.7384637688879818,5.0384720854961,1.4586122275221447,1717.0145367512898,0.9646690592479692,2934.9468076069625,0.8390726318808154,1245.3604693004415,0.6066918017260424,1.142551821854164,0.5453454265513377,0.1571479858975662,0.011975206804776952,0.8243208406851182,16.593410420491036,0.6304126228389413,0.2605831973910145,0.031831108591091055,9.830409830739905,73.503,GOOD,SYNTHETIC_RESEARCH_BASED,ML_TRAIN_TEST_DEVELOPMENT_ONLY,PCL literature-informed morphology + FTIR + mechanical latent-quality simulation,TRAIN
SYN_00774,156.3605551990912,48.626029868928136,0.4798898152859845,0.3027299237384351,0.1389104242444936,0.5274952987476035,0.3579297839275025,0.6250760633824914,6.054548477689054,1.9812389607134817,1726.7036685018,0.7174339616802006,2939.7857734352506,0.5286902067283006,1240.612968660365,0.551243497620087,1.1176408941635143,0.4074968989009597,0.23096766441500122,0.02202913313447662,0.6223126785333891,6.56328117075673,0.3731378682614387,0.2727301059338376,0.021501178716493433,3.913390390592223,30.752,POOR,SYNTHETIC_RESEARCH_BASED,ML_TRAIN_TEST_DEVELOPMENT_ONLY,PCL literature-informed morphology + FTIR + mechanical latent-quality simulation,TRAIN
SYN_00775,160.6290333814019,30.037019156976843,0.381395551392968,0.3743664942599032,0.2519788471017513,0.7675157449712712,0.735299598672085,0.7953658149895885,5.5902079770945,1.2750975421082158,1717.6653107891154,0.8386960305200406,2941.765248851193,0.7309838431869474,1240.79629413738,0.6015735010228028,1.2242849233463367,0.48352977752718895,0.17703637941325112,0.005433513372060767,0.7554822709261946,17.712425281058504,0.47000342357869196,0.2348052276790155,0.03358818100053998,11.855510977898083,86.795,GOOD,SYNTHETIC_RESEARCH_BASED,ML_TRAIN_TEST_DEVELOPMENT_ONLY,PCL literature-informed morphology + FTIR + mechanical latent-quality simulation,TRAIN
SYN_00776,168.4375343160316,45.461227562677465,0.4679400776843946,0.2992667260430055,0.13707091136893298,0.5795784639664966,0.34975746278023717,0.6299642960259498,7.050959574618279,1.6719742449102042,1715.6093764943885,0.8389348807795918,2949.7083454649255,0.6208069328236837,1260.0,0.4760945622136959,1.2420214895712278,0.42484601865774396,0.21023754913120635,0.02210144801045523,0.47911621297575885,11.571139485668581,0.24241813890790598,0.3602418380347307,0.015125616371913973,5.660394073182518,27.158,POOR,SYNTHETIC_RESEARCH_BASED,ML_TRAIN_TEST_DEVELOPMENT_ONLY,PCL literature-informed morphology + FTIR + mechanical latent-quality simulation,TRAIN
SYN_00777,161.5182891799465,48.162396383240726,0.3896384174930709,0.39105722455891573,0.2261230050461742,0.624848758058857,0.555173478614819,0.7177788137558069,4.900790787873809,1.5007446962733089,1717.980210272646,0.8511704998803716,2940.487988542232,0.632032073718541,1225.3472796017957,0.5837412150940018,1.2308017813940375,0.4897212081700007,0.1603630830411248,0.01900778113209676,0.6351454215022794,14.832618559845228,0.5673207742835082,0.2670574104480349,0.020491039777939923,10.881228848234327,53.323,POOR,SYNTHETIC_RESEARCH_BASED,ML_TRAIN_TEST_DEVELOPMENT_ONLY,PCL literature-informed morphology + FTIR + mechanical latent-quality simulation,TRAIN
SYN_00778,178.18313226408344,38.28064693222228,0.386651589991332,0.3858421667789367,0.22233082036812576,0.7585647202476593,0.6021373233236174,0.6417912203895862,6.336978508404847,1.4341889530959695,1733.4032704521187,0.9884555804012791,2931.6944733156665,0.5656074919946588,1241.6748231055928,0.6265666251173587,1.3337744347971265,0.5657847510474583,0.14952128566911824,0.003699280105013486,0.8180255969743923,19.18513523558123,0.6071259513593386,0.2139620741062424,0.03212391367638147,10.010082382092488,79.867,GOOD,SYNTHETIC_RESEARCH_BASED,ML_TRAIN_TEST_DEVELOPMENT_ONLY,PCL literature-informed morphology + FTIR + mechanical latent-quality simulation,TRAIN
SYN_00779,153.61787180556527,28.830964913034556,0.3017462952306593,0.4321470792803525,0.22636064171160072,0.7561041674417055,0.7039917139481352,0.7277360622659987,5.43888978222452,1.1547886175809596,1724.8565728082367,0.9445362254672848,2929.2647725329794,0.7286888649402311,1235.9428804607417,0.6280162496198385,1.346031268550122,0.5968983140273534,0.18104907440084922,0.01026736545300748,0.7602511897903989,17.953036059907703,0.5577792665571482,0.21254995011319308,0.04386954406879564,9.769442455464914,85.554,GOOD,SYNTHETIC_RESEARCH_BASED,ML_TRAIN_TEST_DEVELOPMENT_ONLY,PCL literature-informed morphology + FTIR + mechanical latent-quality simulation,TRAIN
SYN_00780,146.82228361933738,52.456366018792636,0.3927127515925055,0.33122804525364796,0.1757820644568363,0.6254717367077063,0.43794786463040297,0.6431503686865787,6.346356037788919,1.698893359432093,1719.7163903110195,0.8873443376608392,2950.3158076820805,0.6752513906768701,1241.226572409014,0.5114748644972694,1.0221720053837853,0.3816379899410136,0.18579394460177273,0.01924203920705038,0.5298665723155581,11.77178160193667,0.4128111339497784,0.27659114970167753,0.009846297497435173,4.311395893367718,30.347,POOR,SYNTHETIC_RESEARCH_BASED,ML_TRAIN_TEST_DEVELOPMENT_ONLY,PCL literature-informed morphology + FTIR + mechanical latent-quality simulation,TRAIN
SYN_00781,162.54080994959742,32.02091078512025,0.3123720663076221,0.4490186526736975,0.25421705760221125,0.7559016926654747,0.7643932099162433,0.7836582468812184,4.931567512270142,1.5380644479608607,1726.5202672311534,0.8350698244885257,2939.974116229395,0.6955231531113756,1242.461241174125,0.6464473841118853,1.4683461168525516,0.5416518159201773,0.13845699071267423,0.00449760897231157,0.934420948830006,17.26496702128107,0.5425255080252286,0.19684115295168816,0.03975426812290459,11.749944080009412,82.375,GOOD,SYNTHETIC_RESEARCH_BASED,ML_TRAIN_TEST_DEVELOPMENT_ONLY,PCL literature-informed morphology + FTIR + mechanical latent-quality simulation,TRAIN
SYN_00782,145.0952114937474,35.23783005608853,0.32519927956244266,0.3834807786111275,0.23990045582602365,0.6741601576518851,0.6498726865840013,0.7935677261807146,5.018495747165462,1.066342759497361,1718.5208005729173,1.0555090041335475,2943.7563025174763,0.6513936233937646,1238.436286884689,0.5596502874379297,1.3323648985319365,0.5095280360897821,0.17782678348742864,0.005274520666863565,0.9796822059474332,13.592903205143738,0.6693625389099079,0.20795406308780295,0.04296984035682953,11.567727075013506,79.584,GOOD,SYNTHETIC_RESEARCH_BASED,ML_TRAIN_TEST_DEVELOPMENT_ONLY,PCL literature-informed morphology + FTIR + mechanical latent-quality simulation,TRAIN
SYN_00783,180.09935409643805,36.02727105757063,0.4134490351678947,0.3510825808600382,0.1820112065880069,0.5804462340208146,0.3260048556800576,0.6490204470982209,6.27295502764867,1.619709029533052,1719.1954343826428,0.9535079996647209,2947.994733400466,0.6527041027447404,1248.337902581689,0.46882913620703054,1.3453163636552392,0.4330404108477989,0.17529515080513014,0.007950182004875458,0.7585588253250923,13.750640037280663,0.4452288846477859,0.2466945462192996,0.014137318301842837,7.060652593751982,49.424,POOR,SYNTHETIC_RESEARCH_BASED,ML_TRAIN_TEST_DEVELOPMENT_ONLY,PCL literature-informed morphology + FTIR + mechanical latent-quality simulation,TRAIN
SYN_00784,174.56991998118963,35.45771291681701,0.3732251392681442,0.40038721607382155,0.22587433369401738,0.6884343145946754,0.6030591694441702,0.7269929419327381,5.578650284999556,1.4837850814475493,1718.540727999661,0.8611386474835047,2928.517195685021,0.5647194273303466,1234.4895985720138,0.5043809136266287,1.1231492673266654,0.4010186280814102,0.16846237278641862,0.009494254942280761,0.8163049090679254,17.18011176606029,0.25525285480926524,0.2838116166481577,0.03517396881726976,10.896751842371525,62.608,POOR,SYNTHETIC_RESEARCH_BASED,ML_TRAIN_TEST_DEVELOPMENT_ONLY,PCL literature-informed morphology + FTIR + mechanical latent-quality simulation,TRAIN
SYN_00785,156.09270047351913,39.28226790487656,0.42507708672805056,0.37317246237847806,0.19270135731326415,0.677065927317629,0.6303225718968549,0.7381616238752444,6.428430577341429,1.676087675120592,1733.5501026567467,0.9149732148421872,2944.07693697554,0.764657147163041,1239.5442975570434,0.5575487739011926,1.2613831981737933,0.4683361191510892,0.15231633153575097,0.011421739306055362,0.7947835059510104,17.098624587982947,0.5235342414141626,0.21595553649474786,0.03695559364294029,11.654910034950115,76.679,GOOD,SYNTHETIC_RESEARCH_BASED,ML_TRAIN_TEST_DEVELOPMENT_ONLY,PCL literature-informed morphology + FTIR + mechanical latent-quality simulation,TRAIN
SYN_00786,143.30367677184697,30.167350289554832,0.32781812022881396,0.3617042019583412,0.21376656246742018,0.6868912751453731,0.6518145237655755,0.675535518754608,6.109265595269144,1.5476542939427347,1721.2302467299805,0.9751561339304348,2938.6808687697667,0.7778169231853491,1233.938664534942,0.5911485878593019,1.4196485444000064,0.5333056651696875,0.1483793741591387,0.0020805283984741746,0.8990088442172496,14.413768119239835,0.5617715065008151,0.19965550735075516,0.030749429698906185,10.893534893346855,80.208,GOOD,SYNTHETIC_RESEARCH_BASED,ML_TRAIN_TEST_DEVELOPMENT_ONLY,PCL literature-informed morphology + FTIR + mechanical latent-quality simulation,TRAIN
SYN_00787,156.50478125401966,34.714935809990834,0.42377213298470257,0.30744006974215005,0.17951434777658104,0.6767469790517545,0.2921696443828209,0.6208783886920537,5.513698037690307,1.9630198255217834,1719.3415341694633,0.8360787349484193,2942.9460809333996,0.576863815981012,1236.9403204403272,0.44610695998015887,0.9213145884077564,0.44635283321059327,0.17864848198680983,0.01739346400935139,0.5720926731740309,12.458230971229426,0.32919949543105664,0.3261910198725629,0.02120257076733482,4.48355176913849,25.612,POOR,SYNTHETIC_RESEARCH_BASED,ML_TRAIN_TEST_DEVELOPMENT_ONLY,PCL literature-informed morphology + FTIR + mechanical latent-quality simulation,TRAIN
SYN_00788,139.27745957626666,32.77763875465572,0.30938687832818057,0.44817270590071273,0.23603306029847845,0.7679808966042325,0.743518137725509,0.7723514201418407,5.642763701696464,1.3336423952540546,1720.1094534973618,0.9777055297113248,2941.8346298628253,0.7813104319410031,1243.5866192449598,0.5558365070765638,1.4900617588634497,0.5918813201327411,0.13194042957408622,-0.0007970592225700068,0.8402472874659233,19.85438038914836,0.5914678797153947,0.1719917764814573,0.030793272661274153,13.15171986282867,94.144,GOOD,SYNTHETIC_RESEARCH_BASED,ML_TRAIN_TEST_DEVELOPMENT_ONLY,PCL literature-informed morphology + FTIR + mechanical latent-quality simulation,TRAIN
SYN_00789,147.46260633249608,42.56443911326202,0.3992702578657087,0.2624967054925936,0.17146261441397637,0.5806559250176185,0.2932940119476153,0.6485403411669962,7.368946659309595,1.7038043773324119,1724.3599554369857,0.7653745716833033,2942.7429052846783,0.6116510205927811,1250.5143491452118,0.5385882553120939,0.9223719844920486,0.4059900541696233,0.19033121007478485,0.017831634433050827,0.44542872884355517,11.783915303717729,0.34170661382259526,0.3087397268678387,0.00838347501244274,7.062301435337224,31.627,POOR,SYNTHETIC_RESEARCH_BASED,ML_TRAIN_TEST_DEVELOPMENT_ONLY,PCL literature-informed morphology + FTIR + mechanical latent-quality simulation,TRAIN
SYN_00790,151.82803692204857,36.49076131607309,0.32663970310872165,0.377390596179857,0.24189040146069987,0.806544518077849,0.7893495774883311,0.7378199721857968,5.983565493888306,1.4099435915128025,1717.2654992654893,0.9906054893879286,2948.02931694403,0.6727059820379148,1234.4502101077821,0.6493375956399311,1.3948931866461574,0.5496220753078348,0.13036061824214998,0.0023204782486268313,1.1336362148805845,20.010663410208327,0.672722228775133,0.24105636820730664,0.0430751808685087,16.75868963711427,97.079,GOOD,SYNTHETIC_RESEARCH_BASED,ML_TRAIN_TEST_DEVELOPMENT_ONLY,PCL literature-informed morphology + FTIR + mechanical latent-quality simulation,TRAIN
SYN_00791,155.26431969281154,42.789971280714084,0.4058248885437618,0.31708743669068723,0.20644831636896685,0.6335018318571567,0.5629657752095085,0.6802646793997549,6.282501274186543,1.6393810887276639,1716.0197759838877,0.9113315742681362,2937.0171182651507,0.6882205393567836,1240.4348937607479,0.609062371104681,1.2567975297215834,0.5368955033769616,0.153897410310275,0.009642159180548945,0.8911452322880812,10.832588534551341,0.5680227602034623,0.35035584112577045,0.020152123344740723,10.358091215374499,55.596,POOR,SYNTHETIC_RESEARCH_BASED,ML_TRAIN_TEST_DEVELOPMENT_ONLY,PCL literature-informed morphology + FTIR + mechanical latent-quality simulation,TRAIN
SYN_00792,153.96743206397906,39.4033233591223,0.32747119653424067,0.4453677899872944,0.24413758111091896,0.7432809495073452,0.6649926820384149,0.8416680355034785,5.209379898503831,1.4354789471750253,1719.7239682193144,1.0687770729419617,2944.299402763953,0.7811202466999425,1238.9781405323738,0.7402351273119083,1.2529727283262344,0.5401800373448697,0.13827075396993077,0.008421120008256774,1.0737814141959383,18.141930527603932,0.5739570383604691,0.17413973086930956,0.04402830098659776,14.429015267953714,96.197,GOOD,SYNTHETIC_RESEARCH_BASED,ML_TRAIN_TEST_DEVELOPMENT_ONLY,PCL literature-informed morphology + FTIR + mechanical latent-quality simulation,TRAIN
SYN_00793,155.86290450090087,34.23961744563801,0.3341799217800404,0.3545413006269239,0.241006150087766,0.6901299749608416,0.7064303796861074,0.7974995680955205,4.536993101914658,1.0812763371289058,1710.5911462746535,0.9636537702055114,2949.1051998876815,0.7090955973069377,1233.6951018284308,0.6269336002927504,1.3703788454912653,0.5118812227077372,0.16994007537988426,0.00905044544994815,0.8749892189189905,13.425135522960158,0.583732865957859,0.21386511636215152,0.022504408828207687,9.757462894230855,86.98,GOOD,SYNTHETIC_RESEARCH_BASED,ML_TRAIN_TEST_DEVELOPMENT_ONLY,PCL literature-informed morphology + FTIR + mechanical latent-quality simulation,TRAIN
SYN_00794,142.9702449781079,50.29323329165011,0.4016175992662623,0.2850904881747178,0.1621789250828756,0.6338331957166298,0.4014686748477114,0.6997320156307406,5.646284843794266,1.7256556968245054,1706.1281313347229,0.6623670891377598,2940.7192241823604,0.4791648196043974,1236.36533889757,0.6157149578815316,0.9459372443040285,0.35238307605204905,0.18363423441078583,0.010631974570030182,0.35814838171843527,13.631893867466193,0.397086981918445,0.3257102864493534,0.01478694874799459,6.303478558912408,27.772,POOR,SYNTHETIC_RESEARCH_BASED,ML_TRAIN_TEST_DEVELOPMENT_ONLY,PCL literature-informed morphology + FTIR + mechanical latent-quality simulation,TRAIN
SYN_00795,157.45490730916637,31.09093455528273,0.3743558856851753,0.435587798432721,0.21963451407674245,0.6858280204392196,0.625185475827273,0.7918591213236537,6.079996291977686,1.1448938033386078,1725.6891252312876,0.9264408180910639,2929.3409064949337,0.686434846975677,1246.9974304666782,0.5651365524598089,1.3346565916167648,0.5671550098480372,0.17750340909521428,0.010437136809293961,0.8646755486842994,17.032650438500443,0.6214746911607757,0.2239194764344194,0.035674242598954055,9.853446044672625,82.022,GOOD,SYNTHETIC_RESEARCH_BASED,ML_TRAIN_TEST_DEVELOPMENT_ONLY,PCL literature-informed morphology + FTIR + mechanical latent-quality simulation,TRAIN
SYN_00796,179.83261598957418,33.20411134381426,0.3777060758395535,0.36073366462585826,0.18363089786174258,0.6245808222659224,0.5620364210052211,0.6920396329302121,4.9155219993027375,1.4758236408470256,1716.4228264338442,0.9554198181896513,2937.5732492687516,0.5487385219657113,1238.8318510550814,0.6177385055321793,1.3018331937105487,0.49227829401890383,0.19411404063826435,0.016472756768083054,0.868495021803221,13.361620164966276,0.5218461656713145,0.2674231125317927,0.02826864644735824,10.332970880586888,51.368,POOR,SYNTHETIC_RESEARCH_BASED,ML_TRAIN_TEST_DEVELOPMENT_ONLY,PCL literature-informed morphology + FTIR + mechanical latent-quality simulation,TRAIN
SYN_00797,162.76298687445018,43.751117895437986,0.3534793366588333,0.36367853653842086,0.21892843613259796,0.7726838114594282,0.687940107900701,0.7967171900371821,6.229840440425118,1.4946660725004306,1716.8502781322993,0.9051433589333931,2939.5327931322213,0.7389358357723221,1235.3891410720385,0.6164694746939701,1.2937604666442728,0.49969864002167763,0.15117696681674836,0.0030125018657424767,1.0008058196317209,16.83632893088414,0.6704000444505688,0.26707604485109687,0.03810564128883402,9.40485509610471,84.694,GOOD,SYNTHETIC_RESEARCH_BASED,ML_TRAIN_TEST_DEVELOPMENT_ONLY,PCL literature-informed morphology + FTIR + mechanical latent-quality simulation,TRAIN
SYN_00798,155.2249932850618,29.820179203805097,0.46313800572909014,0.31129764116958203,0.14529052449197355,0.6147084524117489,0.4345277400513198,0.6016213068110529,6.103194347405124,1.893009144036186,1719.0107184102483,0.7531673431600024,2934.7595666000616,0.5356799821385007,1230.7048541596423,0.4821121794327977,1.0128657365576543,0.3600313084085292,0.1730525415915217,0.019368220649551602,0.4791201365102188,7.521355027073003,0.26135357377804,0.26967917215643306,0.012213743026027079,7.396046617621882,26.004,POOR,SYNTHETIC_RESEARCH_BASED,ML_TRAIN_TEST_DEVELOPMENT_ONLY,PCL literature-informed morphology + FTIR + mechanical latent-quality simulation,TRAIN
SYN_00799,170.07040797303523,29.014720291913974,0.34254114830738064,0.38587904019784175,0.2322468751978714,0.7326057323194209,0.7456136108429345,0.7420666990335002,5.106878000640729,1.1734077220298238,1716.5208545464936,0.9101038268896369,2943.8374515222167,0.6904570475309587,1239.0171988978761,0.6303661123406834,1.4306919756402388,0.540098630111167,0.14292213536702356,0.004486099496306678,1.0502415215056773,15.538369916461665,0.6929593097025256,0.2726664129311191,0.043637244157631816,11.786705521425455,83.302,GOOD,SYNTHETIC_RESEARCH_BASED,ML_TRAIN_TEST_DEVELOPMENT_ONLY,PCL literature-informed morphology + FTIR + mechanical latent-quality simulation,TRAIN
SYN_00800,154.0746297482012,33.60174468468262,0.4427903919425953,0.32092439214669943,0.14694561661661776,0.626607643235792,0.5445183228607915,0.5691039541525658,7.0841603353103215,1.5192634382913093,1722.7968797765768,0.9144092164248697,2950.2397543763714,0.5640615502346805,1233.7377982092116,0.5151907717284779,1.0687979947490167,0.38458149573120554,0.17516584436372387,0.014480830273243579,0.5657954931474285,12.827334587481454,0.3498198392771953,0.2945939448248914,0.012393880782970981,6.88644439347196,35.405,POOR,SYNTHETIC_RESEARCH_BASED,ML_TRAIN_TEST_DEVELOPMENT_ONLY,PCL literature-informed morphology + FTIR + mechanical latent-quality simulation,TRAIN
SYN_00801,121.68351888839078,40.133048092931524,0.3780707906135314,0.399322166263988,0.2064212181720246,0.6468187477159447,0.5791902239808043,0.7637619164435441,5.7315009093607,1.5596412229118368,1726.5578251816248,0.8217331731515577,2937.6452133227785,0.7820159011023462,1244.8183821102352,0.6896561783953529,1.2648184228795243,0.49588218576390647,0.13756115123525242,0.01293885875482017,1.011166669625834,16.788743372488067,0.6185684910813158,0.23087903639419982,0.029460399808881238,12.19317443169813,71.695,GOOD,SYNTHETIC_RESEARCH_BASED,ML_TRAIN_TEST_DEVELOPMENT_ONLY,PCL literature-informed morphology + FTIR + mechanical latent-quality simulation,TRAIN
SYN_00802,171.8350539170347,32.550056760188916,0.3049257141712071,0.3881759729460751,0.21471066181774578,0.7334984606555919,0.7194518744641485,0.7687240340767613,5.423010818758111,1.2256090348723094,1722.892721701584,0.9893620989701426,2934.2473013242256,0.6918324010790243,1242.0726895992123,0.5833483498259918,1.214986124144218,0.5576103530677688,0.15913379093684427,0.005809596820159187,0.794612797439579,14.518909312599849,0.5627090845633591,0.3160606194343717,0.03295890238116708,9.168873038197999,77.487,GOOD,SYNTHETIC_RESEARCH_BASED,ML_TRAIN_TEST_DEVELOPMENT_ONLY,PCL literature-informed morphology + FTIR + mechanical latent-quality simulation,TRAIN
SYN_00803,151.99883855581479,35.38743192193474,0.36855833025766505,0.4319151483575247,0.26869388360928026,0.7262477956948689,0.8276234910403577,0.8150260748418608,4.897180806812932,0.991780421837234,1715.3783464302726,0.8379296869907192,2932.679217512257,0.5818600440680102,1244.3040968651017,0.5035031066313881,1.3851629883370185,0.49515248553864954,0.19020270161223923,0.013052173297398877,0.9172295501392169,18.23417602815475,0.6944309597268556,0.1943140770722783,0.033707499864827725,12.436241117115204,91.037,GOOD,SYNTHETIC_RESEARCH_BASED,ML_TRAIN_TEST_DEVELOPMENT_ONLY,PCL literature-informed morphology + FTIR + mechanical latent-quality simulation,TRAIN
SYN_00804,159.95719139395942,21.55396997350702,0.30820117783520307,0.3733723393727708,0.264498927703808,0.7401077055072964,0.7738873399168653,0.7880554576497403,4.573649735257115,1.5801843646290061,1728.9740059965916,1.0383900380059585,2931.576572259007,0.6789066036302545,1238.1076035532062,0.5520075452860485,1.391176088826277,0.555012556838255,0.13449283022393335,0.009967450827211056,0.9259877549078402,21.52254845780349,0.652401594681083,0.21541341952014287,0.04782587149876282,15.497335608195149,92.234,GOOD,SYNTHETIC_RESEARCH_BASED,ML_TRAIN_TEST_DEVELOPMENT_ONLY,PCL literature-informed morphology + FTIR + mechanical latent-quality simulation,TRAIN
SYN_00805,151.10676974649192,33.76963648650403,0.3739480536656998,0.33468372328960017,0.20536560234363774,0.6830869277432393,0.5004506373837379,0.7588725627906415,6.490106187152313,1.2071929191460602,1717.2313285548846,0.8708804762311229,2937.0668794405806,0.7741746549482236,1245.9529963657214,0.7287673995702385,1.2355441313331779,0.4629149582262163,0.17322332388476464,0.005122990416646142,0.8560247059193461,14.374224035514167,0.5652331266199884,0.21137985605128023,0.022865626002778777,10.813610824574088,65.889,POOR,SYNTHETIC_RESEARCH_BASED,ML_TRAIN_TEST_DEVELOPMENT_ONLY,PCL literature-informed morphology + FTIR + mechanical latent-quality simulation,TRAIN
SYN_00806,174.47984285535355,27.595151133696625,0.33000719736094764,0.4106163008270695,0.2609406415674394,0.7443608237927863,0.6123584469815251,0.770864682217787,5.775917717646697,1.2961332856640377,1715.5570004151482,0.9657015506130759,2939.4133845906817,0.803954872856717,1240.9961928693224,0.6326611642444699,1.1438277238183758,0.5247594467473005,0.14537438188861734,0.0040542984389318444,1.0667552543669254,15.200588006591719,0.6620662365742312,0.29109264165162757,0.03497258639567495,13.262584522248238,76.81,GOOD,SYNTHETIC_RESEARCH_BASED,ML_TRAIN_TEST_DEVELOPMENT_ONLY,PCL literature-informed morphology + FTIR + mechanical latent-quality simulation,TRAIN
SYN_00807,150.86027110232376,38.131042212102415,0.41012213837465655,0.3160013553683288,0.14520128776090926,0.5969917834838662,0.36099855216048493,0.6743837370940726,6.92005450284204,2.1031621557713507,1706.3418707394549,0.9849498343265457,2933.098460235976,0.5758695759572842,1237.7798170553224,0.6524275582536175,1.1490492651020814,0.4024937959430118,0.20636470983476937,0.015515027353515991,0.6007934051741423,13.184607092638387,0.4024538882620611,0.2545799154331032,0.011088722820343323,4.859590886530313,40.131,POOR,SYNTHETIC_RESEARCH_BASED,ML_TRAIN_TEST_DEVELOPMENT_ONLY,PCL literature-informed morphology + FTIR + mechanical latent-quality simulation,TRAIN
SYN_00808,125.6072475068676,36.745400989210296,0.43658540197207507,0.3377614213099312,0.16931020940643032,0.6123715081818198,0.5098592940482637,0.6813812598098763,7.341918481502746,1.769890998678914,1717.3183468939762,0.8715932456769794,2934.4830784357305,0.533728617571295,1240.3153558178317,0.5279327374225071,1.1006307379940743,0.37250419857411027,0.15831628128135472,0.02086252097799845,0.5925468759968249,11.122400260528979,0.4460351991866037,0.3307582009271614,0.026559038887047193,4.898723232716667,35.958,POOR,SYNTHETIC_RESEARCH_BASED,ML_TRAIN_TEST_DEVELOPMENT_ONLY,PCL literature-informed morphology + FTIR + mechanical latent-quality simulation,TRAIN
SYN_00809,159.05181928525636,38.90303244371852,0.4747967722544869,0.2874272715693843,0.14929955130026432,0.5568294450813068,0.32996199023226763,0.6762892868564427,5.909063948973398,2.0727952212803813,1719.7915872222595,0.765488178062566,2936.7581162559845,0.5986009560247788,1240.142753905031,0.4668182856429913,1.1806487333849414,0.39196978777567204,0.193279807066661,0.013655029308444335,0.6224030448060318,12.95622452057197,0.3831883845570324,0.23566483725959425,0.020775725757255087,7.697935731580624,36.632,POOR,SYNTHETIC_RESEARCH_BASED,ML_TRAIN_TEST_DEVELOPMENT_ONLY,PCL literature-informed morphology + FTIR + mechanical latent-quality simulation,TRAIN
SYN_00810,166.3816577568427,29.67097281193699,0.364939256431949,0.4236007838255228,0.22429335907368486,0.7245167927338344,0.6895052668821532,0.8146498351491924,6.166549501440495,2.0259582271587697,1723.0167630931694,0.9386833469336366,2934.07063443686,0.6237056829599497,1228.5209448751755,0.571502561420715,1.5216272675077447,0.5708579624133936,0.16484717468773852,0.005393032086258097,0.8384156711829727,16.355092812252547,0.5400572559125477,0.3603022774196947,0.02988479126147915,12.817505616440789,82.091,GOOD,SYNTHETIC_RESEARCH_BASED,ML_TRAIN_TEST_DEVELOPMENT_ONLY,PCL literature-informed morphology + FTIR + mechanical latent-quality simulation,TRAIN
SYN_00811,158.5574307808502,37.588033661988014,0.269864999437953,0.3868477637292887,0.2364226206326668,0.7716402138232501,0.8251089172450085,0.8180681595204702,5.39434409401034,1.168583327264336,1723.063162649389,1.1302958682265998,2946.5413944082306,0.7758763789916934,1245.5478726395618,0.6499714209197314,1.3309204629294253,0.5671259997113002,0.14806674818703686,0.007164979573263702,0.9940368333671058,14.860211255666448,0.5778516933089066,0.09162360204608688,0.03674414800765147,13.367236397393036,84.524,GOOD,SYNTHETIC_RESEARCH_BASED,ML_TRAIN_TEST_DEVELOPMENT_ONLY,PCL literature-informed morphology + FTIR + mechanical latent-quality simulation,TRAIN
SYN_00812,130.9202617659931,42.6058173372024,0.38765835536829485,0.31328712837838485,0.16566254541358247,0.5862672298518355,0.43431954184693466,0.6389500393638992,7.407887184084704,1.527827310026642,1715.852557977818,0.875386346069198,2945.8940685893403,0.5812711980823744,1236.8880421789443,0.6378701605946857,1.05729562500446,0.5231232711080707,0.1418128265025773,0.014228748085410428,0.8512621610870574,9.707788716573305,0.533297972500985,0.31299358289679363,0.023291797094763814,9.10187763967048,46.476,POOR,SYNTHETIC_RESEARCH_BASED,ML_TRAIN_TEST_DEVELOPMENT_ONLY,PCL literature-informed morphology + FTIR + mechanical latent-quality simulation,TRAIN
SYN_00813,149.32070599710872,30.803383999526996,0.30349472584155646,0.3917403329035483,0.18993961697182946,0.6505972880011537,0.6526634249530595,0.789105861409811,5.4507254657666016,1.9899870034537492,1730.0421511724242,0.9108977026831364,2935.6787545001243,0.656372043958105,1236.1652221196669,0.5414785930827658,1.510850551125142,0.509065398027296,0.15696454334680623,0.006612162786947789,0.8138882442108833,15.412606500004715,0.5413176678346607,0.28711780534393155,0.02850534991689478,10.346668814890352,70.777,GOOD,SYNTHETIC_RESEARCH_BASED,ML_TRAIN_TEST_DEVELOPMENT_ONLY,PCL literature-informed morphology + FTIR + mechanical latent-quality simulation,TRAIN
SYN_00814,143.96349911140882,28.29476347218137,0.4626517858178632,0.27980212187974424,0.16265462052355026,0.6142727499852407,0.39766545995277974,0.681531213871362,6.322537045772138,1.926821871694529,1727.420717231939,0.8408989938484499,2929.9374797707433,0.6561690018149994,1242.4337899291645,0.6390849002875153,1.1632924279146084,0.45728340241021526,0.20495676591229436,0.012980100425622674,0.6567942387778234,10.637934055244173,0.45060699582841596,0.33717100593964405,0.015888026215763535,6.682326739323982,33.945,POOR,SYNTHETIC_RESEARCH_BASED,ML_TRAIN_TEST_DEVELOPMENT_ONLY,PCL literature-informed morphology + FTIR + mechanical latent-quality simulation,TRAIN
SYN_00815,120.45488335784668,41.02575275106646,0.35681311638044183,0.34335271716011695,0.19115394164836774,0.6928034730309657,0.48198260839645535,0.7166537040590113,5.982592627432292,1.7518843061870626,1725.8327023842946,0.8417372469820245,2936.4239570533855,0.6915654203627899,1233.566439079983,0.511090802733488,1.0532409578849382,0.5089358550366667,0.1610675992573221,0.013961734466496182,0.7138825711413671,15.341357197807632,0.48737996611002177,0.3569260505681066,0.024729169253489967,8.226191728699487,42.416,POOR,SYNTHETIC_RESEARCH_BASED,ML_TRAIN_TEST_DEVELOPMENT_ONLY,PCL literature-informed morphology + FTIR + mechanical latent-quality simulation,TRAIN
SYN_00816,147.8408029464365,43.38991097805684,0.3389887920148931,0.3412689049927303,0.1843458584479524,0.6173064155438202,0.44616860848956275,0.7767842791023036,6.452199506531569,1.5219943739146957,1723.3318351737382,0.8042392037009014,2927.702345523865,0.5805398339429002,1234.3302279079708,0.5140446296157585,1.2081517023914445,0.4522239659929909,0.17372289576864605,0.014364868768321111,0.6300925113301971,12.76517857594983,0.55788501101243,0.26627625363810353,0.03107479114831365,9.788812207913761,50.226,POOR,SYNTHETIC_RESEARCH_BASED,ML_TRAIN_TEST_DEVELOPMENT_ONLY,PCL literature-informed morphology + FTIR + mechanical latent-quality simulation,TRAIN
SYN_00817,159.5037803179667,34.43380846716204,0.38696148476114567,0.32346113427572065,0.16565148929418289,0.6044345212379352,0.43395217780942275,0.6656086151524463,5.233606977182407,1.067817185247823,1730.253284576188,0.7392320830253,2939.177451665536,0.5698808879546807,1238.017928812827,0.4679346988119529,1.2060316872485233,0.4112229186473034,0.21277570072251806,0.01787970413573482,0.5614436507481363,15.388324895319794,0.43053575276634376,0.26796864609370796,0.020482241493575228,10.582668670130976,42.653,POOR,SYNTHETIC_RESEARCH_BASED,ML_TRAIN_TEST_DEVELOPMENT_ONLY,PCL literature-informed morphology + FTIR + mechanical latent-quality simulation,TRAIN
SYN_00818,176.38966747446682,34.15767825012924,0.4039812290659318,0.3191489107342112,0.20092560244214178,0.6604280392663892,0.4797445911853797,0.7172746711635631,6.042430595199632,2.0013689219561135,1718.9287875823206,0.9686156016073099,2950.0562949503533,0.5514153010174019,1237.1219671337371,0.4691631980609317,1.1490848569375625,0.4940193022310453,0.19304963887670265,0.014207838720804163,0.6786261337999925,13.687276070730617,0.5126071828160903,0.31627899432505874,0.023448400695303413,6.812341612409529,60.104,POOR,SYNTHETIC_RESEARCH_BASED,ML_TRAIN_TEST_DEVELOPMENT_ONLY,PCL literature-informed morphology + FTIR + mechanical latent-quality simulation,TRAIN
SYN_00819,162.15668926257348,34.47528477755091,0.3269543913395749,0.3956237519127261,0.22384169767136458,0.6448543306730921,0.6545262469104088,0.7725605235861379,6.588083072567047,0.9715896919211907,1724.8229340981845,0.9799984113891957,2931.671813857664,0.6508116895268743,1240.087070104959,0.5833229205635716,1.284411011634615,0.5199131261181476,0.17523029958096048,0.005893595730180519,0.8762778524247506,18.367716712008917,0.5615442709199525,0.2216866816831177,0.031921518756794984,11.801789478928256,77.379,GOOD,SYNTHETIC_RESEARCH_BASED,ML_TRAIN_TEST_DEVELOPMENT_ONLY,PCL literature-informed morphology + FTIR + mechanical latent-quality simulation,TRAIN
SYN_00820,183.37661599450107,34.60278795175319,0.2761019914852505,0.3832093667501835,0.2187789896417856,0.7421036414902251,0.7029054110577496,0.7887590942218076,6.769680037896044,1.8043064714194714,1725.0618608324096,1.0006814633146501,2946.8147058069385,0.5897586559640569,1242.0400778232665,0.6083285422737118,1.334860184393435,0.5209138366374286,0.17369849510634364,0.012363748431927554,0.7935092064213033,15.986048778756748,0.7507238486634364,0.24823857378135886,0.03916938121674479,11.710872690280963,83.166,GOOD,SYNTHETIC_RESEARCH_BASED,ML_TRAIN_TEST_DEVELOPMENT_ONLY,PCL literature-informed morphology + FTIR + mechanical latent-quality simulation,TRAIN
SYN_00821,144.23718279767283,34.30454667283383,0.3676234269888759,0.4288530844151414,0.19677407790172366,0.691684784373893,0.5918389594072864,0.7517023790388764,5.984132427041082,1.1685257940899343,1721.2012500362239,0.9181976390178547,2944.0156527038666,0.7259587945895799,1237.766827746142,0.6642311951083092,1.2509247141553983,0.5646214209470671,0.15602162995502933,0.006594181796315103,1.1303373821859293,16.204857497210153,0.7473944302748313,0.16397732614413296,0.02581634771665424,12.754143796265593,89.467,GOOD,SYNTHETIC_RESEARCH_BASED,ML_TRAIN_TEST_DEVELOPMENT_ONLY,PCL literature-informed morphology + FTIR + mechanical latent-quality simulation,TRAIN
SYN_00822,180.80877530729208,43.9995302903414,0.40781079432017625,0.3560494025302767,0.21422714554646186,0.644263768571092,0.5167819451281747,0.695949968590467,6.8995322867978865,1.707956516246825,1732.6659445163618,0.8475367922855638,2938.900104855082,0.6586601974496512,1241.525399041764,0.6125565751556038,1.1751087744732767,0.49204717830303113,0.1461781354708851,0.00822429581114217,0.7735652052341245,13.100588966203759,0.43065246335076024,0.24073621457513036,0.028277499762042035,8.969927292275061,64.283,POOR,SYNTHETIC_RESEARCH_BASED,ML_TRAIN_TEST_DEVELOPMENT_ONLY,PCL literature-informed morphology + FTIR + mechanical latent-quality simulation,TRAIN
SYN_00823,153.76891476992404,46.779195487697784,0.4538490559366064,0.2801193814986188,0.17365304403969092,0.5988354604945052,0.39370469092823185,0.6587476374779476,7.616826816793531,2.3304656291802366,1721.8530995325664,0.7262577384400342,2940.2999104491414,0.6018238821692506,1243.5182162017395,0.4347501569263451,1.2488487913755733,0.4772669132556244,0.2046579104782079,0.01666215884603672,0.5480462301624984,7.881750416679521,0.314019858640436,0.3755510817464012,0.005663172734748589,6.106280425975785,26.611,POOR,SYNTHETIC_RESEARCH_BASED,ML_TRAIN_TEST_DEVELOPMENT_ONLY,PCL literature-informed morphology + FTIR + mechanical latent-quality simulation,TRAIN
SYN_00824,159.27033909475855,36.321120995167334,0.32997568431415386,0.3651364875022787,0.2200138585507722,0.715112854081806,0.7288841498580638,0.7558714174656621,5.631587826953568,1.0946492720846959,1727.9138641609998,0.940595668080092,2940.7409151221345,0.7318204023957757,1238.1879250320048,0.6243865458824044,1.2591210447761472,0.49597950761049514,0.17519485246526775,0.004837800214345203,1.0077274581076479,16.71468048192546,0.6889709408530258,0.2684183484127712,0.033663393015403754,12.602236742682702,81.076,GOOD,SYNTHETIC_RESEARCH_BASED,ML_TRAIN_TEST_DEVELOPMENT_ONLY,PCL literature-informed morphology + FTIR + mechanical latent-quality simulation,TRAIN
SYN_00825,156.0232236213619,24.194082759145022,0.307221139575253,0.39617083398577685,0.24753096028409322,0.6966226471220197,0.6249092501385282,0.7635704775042684,5.190925845007504,1.3846179799870797,1725.5599890220547,0.9144563355077113,2939.2381489476406,0.7103288248090776,1243.605186145669,0.5818679865822208,1.482959532914967,0.5778957061508042,0.17146845942379962,0.0032915884259708994,0.9376787553592657,17.56245188578835,0.708307802363146,0.2491892015227285,0.04544823475016986,15.608565032505114,89.0,GOOD,SYNTHETIC_RESEARCH_BASED,ML_TRAIN_TEST_DEVELOPMENT_ONLY,PCL literature-informed morphology + FTIR + mechanical latent-quality simulation,TRAIN
SYN_00826,158.0345541253828,38.82287658794503,0.3350120343691493,0.3611630317899144,0.19391088044476268,0.6663578693038015,0.6216530025496376,0.6768185595061926,6.2339078170344,1.78461925821617,1731.6760571150921,0.9340766834783756,2938.3248501530256,0.7017128403924642,1241.201922797615,0.5983179310543894,1.114478013392393,0.4756721767846232,0.17726246043025978,0.005621789530838145,0.6125970258396505,12.727829857450075,0.5185647574233295,0.31889659642029655,0.017413668089411822,9.09446703614575,58.8,POOR,SYNTHETIC_RESEARCH_BASED,ML_TRAIN_TEST_DEVELOPMENT_ONLY,PCL literature-informed morphology + FTIR + mechanical latent-quality simulation,TRAIN
SYN_00827,136.6643132883308,35.48141111772563,0.40874961856129144,0.3140000753238945,0.15711356440881416,0.6665996738724376,0.5292561153898725,0.6266565727392216,6.304184939752759,1.6404996122768234,1727.9691984127624,0.874966296357158,2950.92827730117,0.6318983102690487,1240.9642868994824,0.4720026730736939,1.331401663765094,0.4726539684488412,0.17555663054372372,0.006908198046339335,0.6408085581460978,15.568341779096244,0.5709768884502167,0.2745354525746422,0.023051256281316657,8.230465527136198,57.292,POOR,SYNTHETIC_RESEARCH_BASED,ML_TRAIN_TEST_DEVELOPMENT_ONLY,PCL literature-informed morphology + FTIR + mechanical latent-quality simulation,TRAIN
SYN_00828,164.24376266433688,42.87370245130205,0.4579940490017757,0.29197375131559156,0.1648911296393678,0.6433220111756182,0.40444679555001195,0.6659499245358886,6.192055144073275,1.9857021246337678,1710.3074899943822,0.8064887833008166,2940.2397437931113,0.6617364035558494,1237.6250139552371,0.5305109196314789,1.0475695298542882,0.43410935064691114,0.18300373000477646,0.008200793083545798,0.5190392897425349,11.93293854807112,0.4123615605425608,0.20474785841378126,0.015174024980699344,4.2650386420422,32.78,POOR,SYNTHETIC_RESEARCH_BASED,ML_TRAIN_TEST_DEVELOPMENT_ONLY,PCL literature-informed morphology + FTIR + mechanical latent-quality simulation,TRAIN
SYN_00829,145.75574736098045,41.09629955323864,0.40784684557808437,0.38866251416504566,0.18077126203147553,0.6693587297258932,0.4346272921762079,0.7270334641537687,6.020538302863642,1.8193351879097466,1722.242408114247,0.9557341444415715,2933.32535747691,0.5631059878999867,1239.546332461652,0.48112446833523376,1.0533646781658108,0.46930601405999345,0.1545943656801706,0.018678648015013347,0.6280276020872106,14.981846807017266,0.4733509096295359,0.2867675461301019,0.025968753612899326,12.81612268266661,55.093,POOR,SYNTHETIC_RESEARCH_BASED,ML_TRAIN_TEST_DEVELOPMENT_ONLY,PCL literature-informed morphology + FTIR + mechanical latent-quality simulation,TRAIN
SYN_00830,167.78630100796082,39.315810599035586,0.2802809024535652,0.4241113422463054,0.2410720643965721,0.7618234363290112,0.897826276633382,0.7773493141823359,5.8816544075209185,1.381256201845265,1711.6619050140707,0.8791148192505795,2931.0684572006635,0.6291126696643792,1241.661010624339,0.6119416618435776,1.1988394282906996,0.5659783301014293,0.14799412782209886,0.009941726046957904,1.0203510004846776,21.905791672430603,0.6610885369898445,0.31437949936554543,0.03662059078157235,16.45666138446464,92.811,GOOD,SYNTHETIC_RESEARCH_BASED,ML_TRAIN_TEST_DEVELOPMENT_ONLY,PCL literature-informed morphology + FTIR + mechanical latent-quality simulation,TRAIN
SYN_00831,168.31637343991898,38.33676502565577,0.3618338475331104,0.40687310721956943,0.2314765220638048,0.7559986714805048,0.6388095344610959,0.8403511708780285,4.803552033529468,1.2572049963010707,1717.677191187636,1.0588085969328005,2933.618863132774,0.6783930487978812,1235.8030432295639,0.6502426761041064,1.4842917830847375,0.5243076405900551,0.16956068338106645,0.007206217975520284,0.7003087603260547,9.622930759222491,0.4995862569258275,0.27581561430748225,0.01637034307479243,8.775996725794812,76.809,GOOD,SYNTHETIC_RESEARCH_BASED,ML_TRAIN_TEST_DEVELOPMENT_ONLY,PCL literature-informed morphology + FTIR + mechanical latent-quality simulation,TRAIN
SYN_00832,143.38180087055957,38.122957726857834,0.3941844347377132,0.30119264573709514,0.18746014400883174,0.6708991124216046,0.5758876453074858,0.6347202287690362,6.920657665611124,1.7876855171387303,1728.90382636345,0.9377958287431234,2941.908640440086,0.6855614056544268,1234.3787171279548,0.5884067489739524,1.1297876691781759,0.445212750249472,0.17767381954418834,0.010980024234455557,0.807066033627456,18.91523398766962,0.47717074998129055,0.23048745556416234,0.04169223465967348,9.800379189344923,61.929,POOR,SYNTHETIC_RESEARCH_BASED,ML_TRAIN_TEST_DEVELOPMENT_ONLY,PCL literature-informed morphology + FTIR + mechanical latent-quality simulation,TRAIN
SYN_00833,118.76112135067487,34.358641732910144,0.3407649858270644,0.3493351367387455,0.22949155104312963,0.7121078226939552,0.7116483494357719,0.7460921078111067,5.665265450870827,1.15529959167656,1723.2861167034287,0.8897500284414577,2948.6769759787544,0.592872572063977,1229.9134871619297,0.6150535240595888,1.0860994917723867,0.43999542807964204,0.16202476063518842,0.01298993642136426,1.054737509173224,16.52537456656173,0.4574994772620091,0.2875930743512318,0.04634654268977188,10.903271553136996,76.575,GOOD,SYNTHETIC_RESEARCH_BASED,ML_TRAIN_TEST_DEVELOPMENT_ONLY,PCL literature-informed morphology + FTIR + mechanical latent-quality simulation,TRAIN
SYN_00834,138.9363561856257,35.3091140231329,0.375585274902952,0.3499636567245717,0.2431276725001772,0.6558442468419653,0.5952039047680624,0.657896335529148,6.087925608209893,1.8287412260719131,1726.7307318565447,0.9600436042361244,2940.1478636768475,0.6893429810728979,1238.816366018664,0.5096278265208891,1.3152945179905133,0.480013980143712,0.18086694924239813,0.00559936818713689,0.9477545064137067,16.845755847758554,0.6305375124836521,0.26896149668401054,0.026870884126924045,11.171641839598946,71.27,GOOD,SYNTHETIC_RESEARCH_BASED,ML_TRAIN_TEST_DEVELOPMENT_ONLY,PCL literature-informed morphology + FTIR + mechanical latent-quality simulation,TRAIN
SYN_00835,164.10775359347693,37.74115214689522,0.41881874938111596,0.3306572854609252,0.18673139976711028,0.6768624816938272,0.5569017916350004,0.6407738918118763,6.941508126578002,1.475849475287833,1722.2765997844622,0.8574288143876376,2932.3491874615593,0.7003615600748566,1243.6899493492174,0.5590598362429382,1.2094156144030306,0.4859747114879429,0.21364081912368338,0.022167941684241993,0.738902137943751,13.602555567557442,0.5052274704186487,0.25648227966756953,0.024403177525631394,7.732766362377238,46.413,POOR,SYNTHETIC_RESEARCH_BASED,ML_TRAIN_TEST_DEVELOPMENT_ONLY,PCL literature-informed morphology + FTIR + mechanical latent-quality simulation,TRAIN
SYN_00836,144.57587304567483,29.566778297637814,0.3054588772418088,0.32907280713479836,0.21277876292562292,0.7233861508043661,0.5777249419693662,0.7079955864534521,5.6697565384248145,1.5778447421514152,1724.2813488072968,0.881470215893279,2936.908231360422,0.5883741021417156,1246.9331261551135,0.6505949734796997,1.1379865896746812,0.4598125407206374,0.1437976608069607,0.006237852543517852,0.4642652706808751,12.819362829520102,0.5181603163683908,0.28472258784830556,0.03330756672348243,7.387340854522627,60.244,POOR,SYNTHETIC_RESEARCH_BASED,ML_TRAIN_TEST_DEVELOPMENT_ONLY,PCL literature-informed morphology + FTIR + mechanical latent-quality simulation,TRAIN
SYN_00837,139.6505322263479,48.00911061804293,0.43085455534992706,0.33968580074144883,0.17067931047093668,0.6282720249318927,0.34163161690535654,0.6712146687699095,6.464244785713385,2.042012472985751,1728.7081254402406,0.8681440053979601,2956.3343425622315,0.5350325037176417,1243.9660462461761,0.48486734115355495,1.1487222374655217,0.426892599701583,0.1807916031304915,0.014743411906491545,0.5916053201511194,12.475801509562283,0.39740278243246524,0.34040504036450636,0.0027197368036806883,7.4150734588009,28.983,POOR,SYNTHETIC_RESEARCH_BASED,ML_TRAIN_TEST_DEVELOPMENT_ONLY,PCL literature-informed morphology + FTIR + mechanical latent-quality simulation,TRAIN
SYN_00838,134.845647188589,44.368587389099076,0.46636714559770204,0.2646562091863443,0.1307306572048621,0.6242550500589337,0.37496835683333485,0.6209875670727546,6.936211144924071,1.9639387139384912,1714.4887251851912,0.86510583934733,2942.6974756874192,0.6014924852036856,1237.5207467334803,0.46252136950982287,1.0332782657533532,0.4084987419770711,0.1614782932772525,0.02312368554737644,0.45230850117728605,9.809004318562522,0.38262515278227005,0.39641773554557236,0.022387681552692506,5.557751309387685,25.959,POOR,SYNTHETIC_RESEARCH_BASED,ML_TRAIN_TEST_DEVELOPMENT_ONLY,PCL literature-informed morphology + FTIR + mechanical latent-quality simulation,TRAIN
SYN_00839,155.52296760582595,34.84700727562037,0.3874078607763785,0.33398162294464634,0.19481456813407252,0.6565369849586844,0.5582918494138531,0.6094168927521459,7.54389645880948,2.0586783748201736,1717.8299599525394,0.8156202837797915,2936.573463921575,0.6829576807368417,1235.6258617411193,0.4522562005975328,1.097664935340162,0.4296807555206534,0.16492086451957966,0.010572923645029472,0.5876168518811365,9.46510494973849,0.5143255378655702,0.31129912836027346,0.0146752664439696,6.6256891083845675,47.842,POOR,SYNTHETIC_RESEARCH_BASED,ML_TRAIN_TEST_DEVELOPMENT_ONLY,PCL literature-informed morphology + FTIR + mechanical latent-quality simulation,TRAIN
SYN_00840,152.54526849158083,34.298520190571445,0.44258823285555354,0.2740749060210661,0.18183627299836463,0.5921399300347451,0.38874159800539476,0.612316834673522,5.656762211936677,2.03100698721966,1723.278273674271,0.7781458855935232,2944.7478790352297,0.5887912549249235,1238.2887348095633,0.6380783388255611,1.2939539819642432,0.43753957510002534,0.18894084323363164,0.01402754732208089,0.6393555938459959,11.919221816350788,0.37361228089242854,0.2640013398939997,0.012896063794752536,9.618960045924867,36.465,POOR,SYNTHETIC_RESEARCH_BASED,ML_TRAIN_TEST_DEVELOPMENT_ONLY,PCL literature-informed morphology + FTIR + mechanical latent-quality simulation,TRAIN
SYN_00841,148.05635012202117,57.780657546501416,0.3514629900272268,0.33885358747152794,0.17207818221967608,0.6685705394759606,0.5388178755136737,0.6833779089285539,6.322618061693965,1.605338192061158,1713.9668778226464,0.7883913042781985,2942.7360237140288,0.7328289835403636,1239.4069131587955,0.5648439555657381,1.271720233761206,0.5042371877004832,0.16748364000427537,0.010314856148862066,0.928140488421049,15.946448142563128,0.46930863980215054,0.33469010476998634,0.025414643747732602,8.26772346086615,63.203,POOR,SYNTHETIC_RESEARCH_BASED,ML_TRAIN_TEST_DEVELOPMENT_ONLY,PCL literature-informed morphology + FTIR + mechanical latent-quality simulation,TRAIN
SYN_00842,142.2426846033675,35.5250363728334,0.4232830020804794,0.30135763243030317,0.17129798413475067,0.6120114302188772,0.4931725820283402,0.6835127997877862,5.7302705206017785,2.0109132672201233,1716.5807210230705,0.8765239448126074,2939.88926683275,0.6316014509938447,1238.6799045569296,0.6009405859798683,1.259141500701471,0.4600034286089502,0.18346713358888914,0.014634822213920307,0.6395979940849051,11.003334958956945,0.5618147774053381,0.355594529323779,0.018250024642116953,8.110114297937267,47.25,POOR,SYNTHETIC_RESEARCH_BASED,ML_TRAIN_TEST_DEVELOPMENT_ONLY,PCL literature-informed morphology + FTIR + mechanical latent-quality simulation,TRAIN
SYN_00843,165.21312127826542,20.050090186752882,0.3404470782460076,0.3938638668809854,0.21109551076755262,0.7505873515437823,0.6743769092052245,0.7189459179931708,7.14788553927755,1.2420283908159997,1729.0190605882462,0.865320654960645,2943.595591175353,0.7624662413703557,1241.2044978448191,0.623472320779853,1.4500709497791053,0.5527151358233164,0.13838466628540388,0.0032588256492224075,1.0517318351568825,19.075184962672882,0.8063959342935081,0.29625897990491845,0.040670787188580484,13.296400291874745,87.575,GOOD,SYNTHETIC_RESEARCH_BASED,ML_TRAIN_TEST_DEVELOPMENT_ONLY,PCL literature-informed morphology + FTIR + mechanical latent-quality simulation,TRAIN
SYN_00844,157.2967253890542,31.70973801531277,0.3029299489092185,0.430885136151902,0.24120724805932137,0.7865234477798636,0.7808795633824901,0.7590287829476845,5.786298345977143,1.14295546537726,1723.6713667345023,0.8921901934817162,2945.740356194782,0.8287089056798936,1235.2714762788858,0.6403277730703039,1.3054942136357128,0.5831730364714929,0.15727808499398288,0.007886066794288143,1.1200105141040095,17.567888018108615,0.6683959830827682,0.18472514933970596,0.04171547409895154,16.33309073929402,91.759,GOOD,SYNTHETIC_RESEARCH_BASED,ML_TRAIN_TEST_DEVELOPMENT_ONLY,PCL literature-informed morphology + FTIR + mechanical latent-quality simulation,TRAIN
SYN_00845,147.99032812022264,34.730879725194946,0.47145658167974774,0.350864616957256,0.1522687780287996,0.5970488213774665,0.3718010879797686,0.661768561077364,6.743477423543382,1.8024158857001584,1724.2264250985504,0.7539935895466344,2949.5119754421617,0.6606115188288193,1241.5780067431017,0.4959198320781341,1.1704867930727598,0.4488943947749182,0.1577857439898071,0.010922029562964926,0.48529335049040223,10.82202479782088,0.33169108828698834,0.28991515623751496,0.029791141535616787,8.36834653178168,45.791,POOR,SYNTHETIC_RESEARCH_BASED,ML_TRAIN_TEST_DEVELOPMENT_ONLY,PCL literature-informed morphology + FTIR + mechanical latent-quality simulation,TRAIN
SYN_00846,178.52527260637956,36.75217705258612,0.37452334351232536,0.3629032430972565,0.20080548126694203,0.7091976761156263,0.7022300920182901,0.7023781731221788,6.249925700618567,1.7262135754815628,1723.9706393176698,0.8346195380114274,2938.511526098103,0.6795742118585967,1234.200753783298,0.6304356048593396,1.4854290947652824,0.5772910429596781,0.1235159348837437,0.008529020014381895,0.9003753071918087,13.953189506356539,0.6326127503176445,0.2722190515951055,0.03469697182682697,8.640250509134686,70.794,GOOD,SYNTHETIC_RESEARCH_BASED,ML_TRAIN_TEST_DEVELOPMENT_ONLY,PCL literature-informed morphology + FTIR + mechanical latent-quality simulation,TRAIN
SYN_00847,128.97759864268826,33.40267022172927,0.29841448732991616,0.40248919583801496,0.236027054622494,0.7101777886276482,0.6629217863932966,0.8313344704606473,5.801984685014406,1.728310343863631,1727.108826991687,0.9460913029469822,2942.36868618365,0.700962826012251,1240.3189218557327,0.5589629958023579,1.2228216467938726,0.514708554292453,0.13050853939459287,0.007703726272597408,1.12693414302112,19.546457506402678,0.5616529868101562,0.24806932993697436,0.05109822391919947,16.621314232255482,84.638,GOOD,SYNTHETIC_RESEARCH_BASED,ML_TRAIN_TEST_DEVELOPMENT_ONLY,PCL literature-informed morphology + FTIR + mechanical latent-quality simulation,TRAIN
SYN_00848,147.6913595427643,44.18684700961425,0.44020082081673667,0.3255328855068931,0.13827556541833227,0.6420692168077556,0.35253080066921944,0.6835760149042789,5.9941051013322015,2.1509502589999148,1714.619508410275,0.6864873632020891,2930.739504435125,0.48209271655714864,1250.4993252541778,0.4163461404450592,1.0562921740383393,0.337396947966098,0.18936129791759085,0.011847733196688158,0.5925122981997802,12.320292780230396,0.43763226769891217,0.3836547619405902,0.0076159335542901815,3.712249074396314,32.992,POOR,SYNTHETIC_RESEARCH_BASED,ML_TRAIN_TEST_DEVELOPMENT_ONLY,PCL literature-informed morphology + FTIR + mechanical latent-quality simulation,TRAIN
SYN_00849,179.62680391497182,35.58644830894977,0.27347825315356256,0.41781691885877087,0.22731123923864952,0.7938726383823946,0.6882549677348941,0.7296408183588042,5.201403222254369,1.424317253057722,1720.5470617088938,0.948990170882807,2932.9463452746136,0.6770644089137505,1248.4330380255403,0.5855542938569279,1.2180183119372259,0.5972990033835124,0.12524349718851552,0.011301323590933004,0.9250353672308852,16.565082518859434,0.7064972015296448,0.22225005872272724,0.05048296849631009,12.357483603157899,94.531,GOOD,SYNTHETIC_RESEARCH_BASED,ML_TRAIN_TEST_DEVELOPMENT_ONLY,PCL literature-informed morphology + FTIR + mechanical latent-quality simulation,TRAIN
SYN_00850,162.55258248282357,36.86285785577342,0.4403017058680557,0.31897624903599114,0.180656125268015,0.5718431878689744,0.4392583231045961,0.6469880559550426,5.924355369141901,1.5653590956902297,1723.5277995078002,0.8924841238272804,2939.0401555948797,0.591629654645835,1241.7456358548427,0.5974879987397991,1.1582900917946313,0.3834576434100715,0.17758298121799343,0.019112477952736136,0.5068857658325238,11.198246235826213,0.4005203541636206,0.2881022757843642,0.009536629105106189,4.406900520519793,42.01,POOR,SYNTHETIC_RESEARCH_BASED,ML_TRAIN_TEST_DEVELOPMENT_ONLY,PCL literature-informed morphology + FTIR + mechanical latent-quality simulation,TRAIN
SYN_00851,138.9408882136141,41.60104810362041,0.44818796772897823,0.3468894904906608,0.19997461371594388,0.6619466229656159,0.5610129210946727,0.6868509416231652,5.922136463170313,1.3696303463329325,1725.2422343209587,0.7622742762085648,2947.2587345227557,0.7092952622341622,1245.172935190202,0.5964251634080527,1.5288098061090472,0.5140517568202897,0.17663426006803376,0.005256684139282622,0.5865594802734214,11.855718609566603,0.5179201025350569,0.20587272250194724,0.016679604574863033,8.090445238555358,54.688,POOR,SYNTHETIC_RESEARCH_BASED,ML_TRAIN_TEST_DEVELOPMENT_ONLY,PCL literature-informed morphology + FTIR + mechanical latent-quality simulation,TRAIN
SYN_00852,150.25614936772504,47.66621853263851,0.4174680548438982,0.3226549677045658,0.1771404738671162,0.586398159137911,0.46033329293565384,0.6986413959804809,6.1273647776172355,1.7972119041503538,1718.1787429563133,0.8883700984140643,2939.6248428729737,0.649038389042591,1242.6290721615132,0.5750092299249433,1.0896664637822626,0.4171207257214331,0.16772446416232534,0.014818200012304132,0.7044181927199276,10.767053448855517,0.4677869362781456,0.2907863655373899,0.014561819845860946,10.264484497200558,43.259,POOR,SYNTHETIC_RESEARCH_BASED,ML_TRAIN_TEST_DEVELOPMENT_ONLY,PCL literature-informed morphology + FTIR + mechanical latent-quality simulation,TRAIN
SYN_00853,148.43483698905501,37.72233064457957,0.3634303549752058,0.4480181203287255,0.23358726537420846,0.7205010788058931,0.7747513736406226,0.7714338436596605,4.969407784641569,1.4355994038154682,1728.6444801961022,1.0367039501965534,2940.589398127745,0.6559105647041186,1239.359925316941,0.6247794369304289,1.3487907924982945,0.5774241372483466,0.17708879580174247,0.0065836694705580685,0.9437299715637134,12.499331415417592,0.5822913733746361,0.23528022336955068,0.03012417087169428,10.06545056759053,80.271,GOOD,SYNTHETIC_RESEARCH_BASED,ML_TRAIN_TEST_DEVELOPMENT_ONLY,PCL literature-informed morphology + FTIR + mechanical latent-quality simulation,TRAIN
SYN_00854,128.5317589925703,41.10408491074074,0.502088658643797,0.33975089989911056,0.11449764595605702,0.6625656521707841,0.3349256116302898,0.6717997733617826,5.817045051983875,1.4795335559810836,1723.46391938265,0.9526708569073798,2928.6253468155355,0.5944248092590243,1235.0513985816815,0.5444343046806523,1.0301442034700266,0.41502883160652165,0.1583053984679057,0.01993451767755858,0.6698482766300055,11.734957205849426,0.5515969201097823,0.2442675678619245,0.022078486065850854,8.261900035419835,44.763,POOR,SYNTHETIC_RESEARCH_BASED,ML_TRAIN_TEST_DEVELOPMENT_ONLY,PCL literature-informed morphology + FTIR + mechanical latent-quality simulation,TRAIN
SYN_00855,131.19939244058884,37.71716273783609,0.4732115830718563,0.36697475342268276,0.17937503976626246,0.6288535245514723,0.5018244030905545,0.6427642385174827,6.2266540814574265,1.723602958305331,1720.2432292221263,0.8674649084694471,2948.9341322341425,0.6839741824236271,1236.3486206663995,0.5019699978142853,1.2766399404348856,0.5056912073818915,0.1561031464592462,0.011402012977807345,0.5998365436558195,11.904941462767296,0.4888269859195807,0.24463808248996124,0.01614376595650144,8.701757802479612,46.97,POOR,SYNTHETIC_RESEARCH_BASED,ML_TRAIN_TEST_DEVELOPMENT_ONLY,PCL literature-informed morphology + FTIR + mechanical latent-quality simulation,TRAIN
SYN_00856,123.18257509291121,21.92044632230546,0.43049518616862126,0.3104269597322236,0.14381048406688635,0.5721906870500217,0.39732451314226575,0.6555937009176881,5.756915726945453,2.1493666000773533,1719.6797381182653,0.7866222727329998,2952.2154297743828,0.6720757838221797,1243.0614047243996,0.4871328192079179,1.0950604392835925,0.3789540688449381,0.2024012952458759,0.014653947596423965,0.5891387135949481,10.445138063006521,0.49546539585154104,0.3216242174789191,0.017791741250929728,4.9663531223116575,31.933,POOR,SYNTHETIC_RESEARCH_BASED,ML_TRAIN_TEST_DEVELOPMENT_ONLY,PCL literature-informed morphology + FTIR + mechanical latent-quality simulation,TRAIN
SYN_00857,145.8671770005162,33.84424764624379,0.3378438514344856,0.3537033882915656,0.22636511418680633,0.6764532801806592,0.6046995205665268,0.7379899582217525,5.4564857634774,1.6020662473315677,1721.0595352038954,1.0343070543054051,2944.8606359508303,0.6609569828055029,1244.6653663668355,0.6642471913148925,1.2918946802965914,0.5728732870730785,0.15745242525524514,0.006776347867370607,1.1197857912869618,16.67177975019988,0.7449322215588592,0.2055537515299318,0.03191381900082004,13.795066728697371,94.683,GOOD,SYNTHETIC_RESEARCH_BASED,ML_TRAIN_TEST_DEVELOPMENT_ONLY,PCL literature-informed morphology + FTIR + mechanical latent-quality simulation,TRAIN
SYN_00858,168.9270416195583,41.95872042757062,0.3804722749459274,0.34382314802956637,0.17817831703337064,0.5915826526032851,0.6140557021490757,0.6941673836004659,4.758678532009316,1.4916723787744963,1721.425022165216,1.024883436098129,2940.509072698053,0.6590879994565636,1236.9120604261734,0.5637906467089695,1.062090336758012,0.483631194618915,0.16520542889372536,0.014458832380205526,0.675659179674514,13.386503216030292,0.4439181550926635,0.2144902493358158,0.029236786288069465,5.586413122901218,48.898,POOR,SYNTHETIC_RESEARCH_BASED,ML_TRAIN_TEST_DEVELOPMENT_ONLY,PCL literature-informed morphology + FTIR + mechanical latent-quality simulation,TRAIN
SYN_00859,156.29781009231039,29.1846879195573,0.2362774026873343,0.4296105474654279,0.2651967235060628,0.8109763520540442,0.8133404215884839,0.7168888867743699,4.674442779211177,0.6156584312619541,1717.1024115590385,1.0776406026106944,2938.509324372898,0.663926409371932,1233.735811337039,0.6722023200293932,1.421890388451303,0.5757360863301243,0.1462803991037961,0.0031120341644797203,0.8122603513014516,19.090763955744,0.7929841021184035,0.3205463131565822,0.046482136619140364,13.768798727895867,93.886,GOOD,SYNTHETIC_RESEARCH_BASED,ML_TRAIN_TEST_DEVELOPMENT_ONLY,PCL literature-informed morphology + FTIR + mechanical latent-quality simulation,TRAIN
SYN_00860,145.51213398789227,42.86703450774279,0.43504467016820525,0.379859972163444,0.2224105585742489,0.6372069145452347,0.4589345200929623,0.6585004405635998,6.11727224547732,1.5933159215374726,1725.154021114455,0.8526644016546314,2941.09717084601,0.6919847444682974,1244.7559811279525,0.5833228244722787,1.2444914609289628,0.45620071351075436,0.1757058650378926,0.015785047105022203,0.6413049231826049,14.889840791619045,0.5422787163922445,0.3060786997749969,0.022077806605556128,9.50733872047082,59.93,POOR,SYNTHETIC_RESEARCH_BASED,ML_TRAIN_TEST_DEVELOPMENT_ONLY,PCL literature-informed morphology + FTIR + mechanical latent-quality simulation,TRAIN
SYN_00861,151.19757152474634,32.42026613192918,0.46996001023517703,0.3511061447088255,0.20778300599841645,0.6008268698594531,0.3939585444480201,0.6443528190931552,6.901810353933964,1.8369841054102571,1721.568416018234,0.8434445072613813,2925.678343583222,0.7049965502604592,1249.438570918555,0.5137251691031334,1.171395853407471,0.3974531463138842,0.18537521145593058,0.016288312409032397,0.3969070856611127,11.050928255232296,0.3626936967738484,0.3334613545988881,0.013730701333666289,7.398890512414327,36.074,POOR,SYNTHETIC_RESEARCH_BASED,ML_TRAIN_TEST_DEVELOPMENT_ONLY,PCL literature-informed morphology + FTIR + mechanical latent-quality simulation,TRAIN
SYN_00862,169.80490213355387,27.4667087663174,0.37981106903781037,0.36462872856099365,0.20955668241809935,0.6862516609030256,0.5457574737832013,0.6322003816901932,5.407706285050183,1.7215383811112268,1718.9226652749285,0.9724643578808218,2934.478015320043,0.6551520098198231,1230.6990651220335,0.6160964820475364,1.3735174551330942,0.5415064985895783,0.14882137517848626,0.008120874211385227,0.9583173436808416,18.71479231358172,0.6422083403434861,0.22165476153625344,0.03613377487645577,14.433139064304378,80.529,GOOD,SYNTHETIC_RESEARCH_BASED,ML_TRAIN_TEST_DEVELOPMENT_ONLY,PCL literature-informed morphology + FTIR + mechanical latent-quality simulation,TRAIN
SYN_00863,125.45789078102808,43.99364838664136,0.32639181628896363,0.43209960666443775,0.2275100490957814,0.7740946956677018,0.6252687650845044,0.7225539734119859,4.4002921693627215,0.9483188040479411,1721.6889539266392,0.9905368528898739,2936.649258904455,0.7130384378252212,1236.1812841335186,0.475812431309253,1.403383852827266,0.49852722796118815,0.1638149897829444,0.006184993391274899,0.7547800222914248,15.794698434006834,0.41816431279025024,0.30347660285664096,0.03089168260794101,9.733954219116427,73.911,GOOD,SYNTHETIC_RESEARCH_BASED,ML_TRAIN_TEST_DEVELOPMENT_ONLY,PCL literature-informed morphology + FTIR + mechanical latent-quality simulation,TRAIN
SYN_00864,155.02289356455898,33.031201975965644,0.3398407432380007,0.3772997942543105,0.21922673607317622,0.684344310232886,0.7211216280623274,0.8127825625300974,6.759610872898127,1.8134033656023525,1725.3886314026997,0.8559660317795119,2940.4514530873753,0.6583690854940056,1247.4221188956665,0.595279314281786,1.2523560422794269,0.5259894173003586,0.17754264940484674,0.012014587884545399,0.7847170059905622,17.934494200521687,0.4725162026886784,0.17317122550366726,0.029739163435419918,9.638842425343396,71.735,GOOD,SYNTHETIC_RESEARCH_BASED,ML_TRAIN_TEST_DEVELOPMENT_ONLY,PCL literature-informed morphology + FTIR + mechanical latent-quality simulation,TRAIN
SYN_00865,159.5787324493701,39.544365968600765,0.3160784134339226,0.3712262043812573,0.23178610838729877,0.7418057165403767,0.8415298316577863,0.7187587666848312,6.20797899211409,0.9245800721586978,1722.736204236088,0.9418092495022374,2945.724966295874,0.6457587586374599,1234.4817021119102,0.618503846264864,1.293956550873766,0.554012588209985,0.15565421029840706,0.009588607254818107,1.0211733402258685,18.04598929823489,0.7296402155651673,0.19013452527924038,0.03882070150639797,12.570491652074686,75.863,GOOD,SYNTHETIC_RESEARCH_BASED,ML_TRAIN_TEST_DEVELOPMENT_ONLY,PCL literature-informed morphology + FTIR + mechanical latent-quality simulation,TRAIN
SYN_00866,169.61607644619966,32.34164647288006,0.3033535793706695,0.41533507516892343,0.2413960354808867,0.7067906001805796,0.7766155123923353,0.8077490656553077,4.966824951063799,1.2036638758123137,1727.0431591802999,1.078059044361331,2944.272824499923,0.7159610089281209,1234.720580302775,0.6844774836053417,1.342637596288375,0.5095368552195504,0.12874370340040928,0.003979711088826664,0.8452812013339688,17.093342409755103,0.6152376789688488,0.21340901870467252,0.03755107514471464,10.999698035349438,85.992,GOOD,SYNTHETIC_RESEARCH_BASED,ML_TRAIN_TEST_DEVELOPMENT_ONLY,PCL literature-informed morphology + FTIR + mechanical latent-quality simulation,TRAIN
SYN_00867,150.62352887930896,37.865125795147534,0.3101798509580548,0.41389984802896973,0.24536545594978726,0.7463126946960493,0.7084551793004351,0.8114404495363747,4.646149162691409,1.5486480517619954,1711.4046602117924,0.9291747576979693,2937.9957602342265,0.7363408775038708,1242.4875209779007,0.6722806101419905,1.5260731812414643,0.613780832453242,0.11689198456119394,0.0004424516908888001,0.8199087529545228,19.329639926978743,0.4568584089353441,0.19369402887031942,0.04404480061072592,12.332993759283507,91.519,GOOD,SYNTHETIC_RESEARCH_BASED,ML_TRAIN_TEST_DEVELOPMENT_ONLY,PCL literature-informed morphology + FTIR + mechanical latent-quality simulation,TRAIN
SYN_00868,156.3392304766288,37.69197376823199,0.41697778697054594,0.3932367270913144,0.19309841809151682,0.6054264698986241,0.6062615733073876,0.7293695599915976,5.778881993076327,1.6737510974568022,1722.0185894585197,0.9094639449837264,2938.833644145362,0.6986897819536657,1236.1978963214171,0.48114119010627177,1.3180275536037014,0.5158508972378192,0.1403458848542615,0.004538668363884873,0.7461338168609136,15.67420520050458,0.7048044086305194,0.2680196836936421,0.03455707762251733,10.576591474329778,79.799,GOOD,SYNTHETIC_RESEARCH_BASED,ML_TRAIN_TEST_DEVELOPMENT_ONLY,PCL literature-informed morphology + FTIR + mechanical latent-quality simulation,TRAIN
SYN_00869,161.23992337848205,36.59918628437118,0.40067083204637854,0.29941947057508117,0.1601721211467058,0.6084397660542231,0.3620857947975547,0.6281916716138779,6.778294060927165,2.3608473149608975,1716.5473520296557,0.7938601962108512,2935.427690438584,0.5657778991327015,1241.2470378255966,0.29567716294178015,1.2455103164776606,0.3894737848202582,0.17418707864674132,0.02105291020950803,0.8156476301937049,10.371349435100232,0.38027289015319543,0.3449484476326472,0.032136487162236174,6.894095660980468,26.621,POOR,SYNTHETIC_RESEARCH_BASED,ML_TRAIN_TEST_DEVELOPMENT_ONLY,PCL literature-informed morphology + FTIR + mechanical latent-quality simulation,TRAIN
SYN_00870,139.28168658593268,43.719659653206676,0.33266150826735397,0.4072872404492256,0.21153522115493859,0.7705383763232769,0.7124600469864792,0.7671789757628249,5.0055073643130905,1.8016405622577438,1722.2057734342845,1.0741315462849819,2946.330260204463,0.6879397792799387,1238.633001360264,0.5928885993909305,1.172905993313948,0.5057708208581058,0.13998969817706172,0.010607291219659698,0.8574516954110096,12.20195608350586,0.535071345444053,0.22432036750431633,0.027598754502140638,9.832080978171422,79.582,GOOD,SYNTHETIC_RESEARCH_BASED,ML_TRAIN_TEST_DEVELOPMENT_ONLY,PCL literature-informed morphology + FTIR + mechanical latent-quality simulation,TRAIN
SYN_00871,151.06177404005396,33.13015661086891,0.32489523948765103,0.3746890402009793,0.22932810103428614,0.7418905584401977,0.7096258857737175,0.843158439619352,5.177902246633895,1.2914900718877795,1724.9301702055352,0.9243063008170853,2936.215592145543,0.7225237691880912,1237.8991763021907,0.6150089620027235,1.412988310842277,0.5195568786047975,0.13038105979099293,0.007066524566320299,0.9362437255358385,16.96405215038019,0.6634867154911449,0.2778513827969698,0.032116467697951005,12.411464937476554,87.411,GOOD,SYNTHETIC_RESEARCH_BASED,ML_TRAIN_TEST_DEVELOPMENT_ONLY,PCL literature-informed morphology + FTIR + mechanical latent-quality simulation,TRAIN
SYN_00872,141.5643666952048,40.8440116826219,0.33414966513468436,0.3506855633578766,0.187066821877532,0.6050055263132008,0.5512839965981735,0.7152495403291006,5.8502500755536495,1.2150555258172513,1725.7530249864815,0.9592063889635927,2937.3547398030337,0.673844383384578,1248.45060078368,0.5581166611339803,1.193199939868728,0.4424023172534119,0.16686562350489872,0.016587803440022114,0.5166943529207221,15.172493355518569,0.5111197596851095,0.24406706793369398,0.0274371741684559,8.475407216473196,66.088,POOR,SYNTHETIC_RESEARCH_BASED,ML_TRAIN_TEST_DEVELOPMENT_ONLY,PCL literature-informed morphology + FTIR + mechanical latent-quality simulation,TRAIN
SYN_00873,162.70394854235695,35.08175334374435,0.33942805734764825,0.36880062986616885,0.17977178614861816,0.7016743729310151,0.6686057048926718,0.7549071211003447,5.5790136161674075,1.6505869390853123,1724.5176372413719,0.860754320040784,2940.4415253248703,0.6607226763016035,1234.292612212357,0.5627009590686131,1.1354840231305283,0.5052194763725909,0.15290938563502413,0.006555173799997209,0.5257387163129793,13.131494979694892,0.2884236891036035,0.339652566660937,0.028249707512315713,7.528963138598397,61.354,POOR,SYNTHETIC_RESEARCH_BASED,ML_TRAIN_TEST_DEVELOPMENT_ONLY,PCL literature-informed morphology + FTIR + mechanical latent-quality simulation,TRAIN
SYN_00874,164.19478947342114,31.746099384675002,0.324585114857607,0.4313135278136182,0.27022201061671,0.740468719530185,0.6498256293201539,0.8404719850637372,4.432393440772548,1.3950527967055033,1728.0352131482339,0.9963362263719934,2932.8136872528385,0.754280268456193,1240.6719994085822,0.6721903398454195,1.4270492174914247,0.6076352246014481,0.12805023466856988,0.004759411029024934,0.9528799336107457,16.978314289205013,0.7059029978869303,0.2542406161186945,0.0553447359926589,13.8328648586909,92.87,GOOD,SYNTHETIC_RESEARCH_BASED,ML_TRAIN_TEST_DEVELOPMENT_ONLY,PCL literature-informed morphology + FTIR + mechanical latent-quality simulation,TRAIN
SYN_00875,132.573416220865,46.78591844416994,0.42723260625507176,0.3759796049572259,0.1493818450480197,0.6649438186450823,0.3747202659108897,0.6991544891454363,6.632771125183376,1.9967264891906236,1720.2228208839804,0.8604372751860485,2953.135651271681,0.573810253820473,1246.4164445765048,0.6440569010113991,1.19351905660726,0.44127998729003914,0.1952514423943988,0.01632196092748378,0.8700070857309253,17.250220927112924,0.5413888063541981,0.3456315659232302,0.038103753839406125,11.903718340431436,57.198,POOR,SYNTHETIC_RESEARCH_BASED,ML_TRAIN_TEST_DEVELOPMENT_ONLY,PCL literature-informed morphology + FTIR + mechanical latent-quality simulation,TRAIN
SYN_00876,143.99262069604504,27.763212064226604,0.3670421278380381,0.3234240991923219,0.19886289629488083,0.7030479214001317,0.5188224724413963,0.639610327130944,4.478525548749486,1.6151410018047478,1724.4831669947876,0.9323230644449976,2942.8889083920462,0.6859556547494944,1232.6807267981924,0.6616565899190816,1.3677502248433298,0.5615836237623671,0.16852366364624577,0.018421727462506317,0.7786564575412503,16.38354227730518,0.5611678412889035,0.26290485194800345,0.031618278180757506,11.348135888308441,67.024,POOR,SYNTHETIC_RESEARCH_BASED,ML_TRAIN_TEST_DEVELOPMENT_ONLY,PCL literature-informed morphology + FTIR + mechanical latent-quality simulation,TRAIN
SYN_00877,179.55030828129975,37.21977696394909,0.3531568980125515,0.40438452478061476,0.23558610746238345,0.7381716214720992,0.805685856287292,0.7568753728991093,5.5510527505295615,1.4059062733392411,1709.8776986031876,0.8872903630898382,2941.510867165077,0.6751127398525835,1242.7284588083855,0.5266150423508277,1.4108590118495494,0.5359827006565683,0.13748693700567474,0.0006515195188552432,0.8667670076708056,13.178543319261674,0.5961483704470477,0.2950070497558843,0.03522519130013121,9.304529818210245,76.332,GOOD,SYNTHETIC_RESEARCH_BASED,ML_TRAIN_TEST_DEVELOPMENT_ONLY,PCL literature-informed morphology + FTIR + mechanical latent-quality simulation,TRAIN
SYN_00878,155.940434155581,40.569451698514825,0.31766961050243003,0.3945380062353765,0.26131730145736654,0.7393930357732094,0.7029141732504823,0.8089324251399556,6.563141728324216,1.136090570095253,1718.2340826758316,0.9202625498637339,2938.871941762855,0.8159214601405578,1234.0236374860453,0.543217730430009,1.266787148897413,0.5156791346945224,0.15138808246880206,0.00688408335943313,1.0795436679075658,16.53438042860331,0.6503689677999698,0.31645876960696206,0.03207284153546939,10.117580843257183,74.199,GOOD,SYNTHETIC_RESEARCH_BASED,ML_TRAIN_TEST_DEVELOPMENT_ONLY,PCL literature-informed morphology + FTIR + mechanical latent-quality simulation,TRAIN
SYN_00879,154.11583673174448,35.756356619594094,0.3743570117964067,0.3595925952587204,0.19448919894234062,0.663490407549084,0.476166387186265,0.7569507750485581,4.427128565455822,1.7392825084955068,1728.4211843088774,0.9420085996163959,2940.18413902044,0.6257247952963717,1240.002205676475,0.6196363188075381,1.2271745322651042,0.4552016569701261,0.19780558373894191,0.009851262266419759,1.0157583139631927,15.434373505471145,0.5934414377377943,0.3423521402636906,0.028515055720432683,12.402664495769006,62.971,POOR,SYNTHETIC_RESEARCH_BASED,ML_TRAIN_TEST_DEVELOPMENT_ONLY,PCL literature-informed morphology + FTIR + mechanical latent-quality simulation,TRAIN
SYN_00880,171.65433539095434,42.79677929930443,0.3750472649364728,0.37069082834043976,0.17484635517543246,0.7196561782389439,0.5613471320967317,0.6729252239711936,6.013923611756851,1.6573831862213053,1719.777146295928,0.7377372712371859,2936.4592596800944,0.61271514988159,1237.3620756491848,0.5040161680441791,1.2507751397107358,0.5095837035305257,0.16757258170372105,0.010014952784094706,0.8541744335368445,15.700315630723695,0.5898856191755694,0.3120340461323681,0.03285141708090165,10.532929171523174,55.856,POOR,SYNTHETIC_RESEARCH_BASED,ML_TRAIN_TEST_DEVELOPMENT_ONLY,PCL literature-informed morphology + FTIR + mechanical latent-quality simulation,TRAIN
SYN_00881,150.95452431770065,47.484083639758595,0.4244480777740065,0.3355164085016186,0.16893447063012676,0.6124083461302717,0.42596167542844565,0.6049318462800414,6.42675061444524,1.6554820360262767,1720.0069482949261,0.8998371594727342,2943.384572801597,0.572979829379656,1239.188696723943,0.5281103307483084,1.1164266046223776,0.45082835671668453,0.16308547207986868,0.01673949934781167,0.7488621320458064,11.966245033788157,0.23529597216962292,0.34558064472620426,0.018028677458161876,8.21708054191288,28.397,POOR,SYNTHETIC_RESEARCH_BASED,ML_TRAIN_TEST_DEVELOPMENT_ONLY,PCL literature-informed morphology + FTIR + mechanical latent-quality simulation,TRAIN
SYN_00882,166.1156111960223,34.432362977993044,0.36561214193328545,0.3377837404433929,0.21664104457598218,0.6270181063367624,0.5990621104531301,0.7260410214741572,6.776940890760824,1.6399249423309856,1716.397537601078,0.8596072040339834,2946.352053564304,0.6049793086383425,1242.1129014302235,0.7140965614252066,1.2625963346477238,0.46867946761117707,0.1627551157117845,0.007610439814640939,0.9859664653179993,17.306414715258136,0.5041333989668981,0.1968215302220197,0.04465930304601562,13.716861070238501,68.768,POOR,SYNTHETIC_RESEARCH_BASED,ML_TRAIN_TEST_DEVELOPMENT_ONLY,PCL literature-informed morphology + FTIR + mechanical latent-quality simulation,TRAIN
SYN_00883,131.3238859615407,30.805666343280116,0.37682293760626967,0.4362326560668062,0.2588240325631787,0.6938015863015835,0.7286479656071257,0.8001888970081846,5.015078873521296,0.9941854093241191,1711.726053313707,0.9508385274455334,2936.1788752455,0.7775607411010678,1239.9261443244218,0.6374501393974543,1.304614990397973,0.5897209375326969,0.1597298022189545,0.005163927074962314,0.7250445846379967,17.35609914584338,0.5562615251331615,0.22607856710219365,0.03677378403032942,13.91292710056446,94.247,GOOD,SYNTHETIC_RESEARCH_BASED,ML_TRAIN_TEST_DEVELOPMENT_ONLY,PCL literature-informed morphology + FTIR + mechanical latent-quality simulation,TRAIN
SYN_00884,145.62010436378142,37.36288978493778,0.33098546665651496,0.4043271653524697,0.22490506090726,0.6752830980271708,0.6027941759370579,0.7639177851978811,4.947475236128096,1.3823981409331378,1727.818471668153,0.9147967386873049,2932.7931148211082,0.7250567076473342,1239.6258939278339,0.6588326801795164,1.3933988251603808,0.5477113104411897,0.12969256881651184,0.0010612349417649025,1.102567374424455,17.64457529120397,0.6114682230485331,0.2278230490435866,0.04399748943906711,11.67408808244762,89.689,GOOD,SYNTHETIC_RESEARCH_BASED,ML_TRAIN_TEST_DEVELOPMENT_ONLY,PCL literature-informed morphology + FTIR + mechanical latent-quality simulation,TRAIN
SYN_00885,158.6738756440233,36.55046413567096,0.36539863142868,0.36039092007370854,0.20843532795829536,0.7095019504765542,0.6718414937959138,0.723088818387161,5.266307604664693,1.2971185124793194,1721.1528041443137,0.9613818025607248,2926.3322674663214,0.651515762898479,1243.3954578468417,0.6968257493568744,1.2121120427887968,0.40803320404377197,0.14698610248294536,0.010506249910927341,0.9039174386780687,13.556047880887869,0.6152745792075118,0.3000905951225283,0.029405339469394103,9.872283535567547,71.557,GOOD,SYNTHETIC_RESEARCH_BASED,ML_TRAIN_TEST_DEVELOPMENT_ONLY,PCL literature-informed morphology + FTIR + mechanical latent-quality simulation,TRAIN
SYN_00886,145.66292123420402,35.38724917233755,0.42451794412940635,0.32645384816357914,0.1446022860256957,0.628883982661031,0.4339080395029106,0.6283941877049173,6.343392999626107,2.0986611091997034,1719.058246308106,1.0298958366786666,2949.1445161291585,0.6432946232649777,1232.6116452298636,0.6886722287351337,1.381222193826915,0.4676934096357313,0.18395847188961845,0.015416311779376517,0.6544851583976011,14.830361154523988,0.3726199165420165,0.23999343847523696,0.016298196835279527,6.373708811969346,46.141,POOR,SYNTHETIC_RESEARCH_BASED,ML_TRAIN_TEST_DEVELOPMENT_ONLY,PCL literature-informed morphology + FTIR + mechanical latent-quality simulation,TRAIN
SYN_00887,158.9103391221415,33.3062404625331,0.3239497572899033,0.4066287343134572,0.20551862599747986,0.7300789242601886,0.6858072962237011,0.7194450955404443,5.655538863116046,1.449013134330931,1727.7433356439085,0.9092990449453761,2936.3791409977825,0.7187132049074213,1242.1610653647626,0.6688697196355761,1.3537362657144945,0.5630125952122935,0.15143025679883854,0.006252978739490058,0.7306673410619303,18.672080844797048,0.6435502487695931,0.1892142231311925,0.04067704434955581,13.988294862604958,86.664,GOOD,SYNTHETIC_RESEARCH_BASED,ML_TRAIN_TEST_DEVELOPMENT_ONLY,PCL literature-informed morphology + FTIR + mechanical latent-quality simulation,TRAIN
SYN_00888,162.59054398123052,18.858930808792074,0.34847329148122297,0.32682350394633775,0.228839092741268,0.6911500602610215,0.7375749184130537,0.7662557141479767,4.294744606283439,1.2281022805483632,1724.197734154053,0.9451276139655262,2937.5631917237697,0.7135039310571515,1241.849436092927,0.4988801065538315,1.0719817305868582,0.5184505760178878,0.19049118089504385,0.0127294514536253,0.9790425828017707,17.13930351524603,0.6358343183382679,0.2856637515016006,0.024759992305106795,8.690973760927841,83.915,GOOD,SYNTHETIC_RESEARCH_BASED,ML_TRAIN_TEST_DEVELOPMENT_ONLY,PCL literature-informed morphology + FTIR + mechanical latent-quality simulation,TRAIN
SYN_00889,133.94494228299158,43.75498907848252,0.3910870978002464,0.3030280766259474,0.17885607409041238,0.5783220225210703,0.4505008106692171,0.5943253736776861,7.15289507426983,1.9961987101981775,1732.0258283925748,0.9772071778157492,2939.018394037224,0.5735053576768312,1244.3742965422205,0.5226676286514328,1.3203352168995328,0.38620144395922945,0.1988336992716144,0.018075930686886996,0.5965102471933879,12.934744321038577,0.38515379023076646,0.3103091029366612,0.011012368048030503,5.052322760456668,37.771,POOR,SYNTHETIC_RESEARCH_BASED,ML_TRAIN_TEST_DEVELOPMENT_ONLY,PCL literature-informed morphology + FTIR + mechanical latent-quality simulation,TRAIN
SYN_00890,136.1646528351476,42.823509839180794,0.468129393885675,0.29357372651715585,0.14696648896475983,0.6076197832973077,0.3046179045088057,0.6335296079332923,5.932069813416684,2.1911945253376413,1731.012514605939,0.7920501976649038,2943.8115903746043,0.5810288526254342,1225.9860797821798,0.5744611381237356,1.1765901401566266,0.5085724196918275,0.19412577518012372,0.022825757301028673,0.4951132787577196,11.963526600670283,0.364360665852883,0.33832713769095385,0.021017725888593713,6.13475535575903,27.921,POOR,SYNTHETIC_RESEARCH_BASED,ML_TRAIN_TEST_DEVELOPMENT_ONLY,PCL literature-informed morphology + FTIR + mechanical latent-quality simulation,TRAIN
SYN_00891,174.67580894183766,36.69950762778456,0.42324556719902806,0.3721345286805615,0.20187993293355422,0.7206385653452371,0.5098935258201951,0.7711824238835921,4.3587548372043905,1.376356834027569,1718.3269260324726,0.987113666179636,2938.280491757294,0.6788352479610416,1241.1821242981798,0.5037967286873722,1.1834237800320637,0.42832957860711207,0.18577707482652403,0.006539289778190406,0.7905078966452911,17.75897214022176,0.5674048256372198,0.22407938391292564,0.03415172019904589,11.918728065665357,73.859,GOOD,SYNTHETIC_RESEARCH_BASED,ML_TRAIN_TEST_DEVELOPMENT_ONLY,PCL literature-informed morphology + FTIR + mechanical latent-quality simulation,TRAIN
SYN_00892,123.87134253957963,24.139962721885418,0.3851976670264462,0.3517241089261589,0.17565451046490801,0.6237194501013017,0.5851775786002847,0.7089929881014705,5.736933539870072,1.445564900760184,1727.6765651596838,1.080597190299283,2943.63925720669,0.6815059496747844,1235.3436595721516,0.5359427084265226,1.2709426903317889,0.471048403501578,0.1476572714885662,0.013087500687033942,0.6282012055786911,13.242912154834437,0.4650377470672039,0.2691829612234835,0.021799479570531827,7.788539559176766,46.844,POOR,SYNTHETIC_RESEARCH_BASED,ML_TRAIN_TEST_DEVELOPMENT_ONLY,PCL literature-informed morphology + FTIR + mechanical latent-quality simulation,TRAIN
SYN_00893,172.2357999520286,31.224692727263935,0.3498920313620255,0.3251913569286153,0.17973084921592075,0.6372334331827693,0.30180897701559206,0.743664275993256,6.348433028928118,1.3367840845294587,1725.818512043666,0.8731380725920591,2944.156269311686,0.6005973997246772,1248.8277432644047,0.6953113931683402,1.2287002569288665,0.47885316279641976,0.16709904842027462,0.011906996640927906,0.8972265654401999,14.826000103671053,0.48594469762993076,0.28801378240817804,0.03360050455465229,13.089866911497573,53.396,POOR,SYNTHETIC_RESEARCH_BASED,ML_TRAIN_TEST_DEVELOPMENT_ONLY,PCL literature-informed morphology + FTIR + mechanical latent-quality simulation,TRAIN
SYN_00894,155.5453603163782,31.634951416587878,0.3486037216685083,0.4140444498432823,0.2194678132846648,0.7617043593180942,0.6875191205530826,0.7126409099883274,5.647906665602391,1.6519454810379102,1722.1993258553111,1.0998233101547228,2943.3760388072255,0.5862097250858689,1244.1370573911954,0.5688514855831216,1.2674240410686792,0.5469205320909004,0.15411555364202673,0.012231356828047442,0.9917339126134977,20.86413915351434,0.6437465358742123,0.2612207013935684,0.036409650243356635,12.070979800621734,77.643,GOOD,SYNTHETIC_RESEARCH_BASED,ML_TRAIN_TEST_DEVELOPMENT_ONLY,PCL literature-informed morphology + FTIR + mechanical latent-quality simulation,TRAIN
SYN_00895,145.8367880308879,39.51726538363811,0.3891369120542068,0.3841985055487423,0.2141619083406574,0.7463898557799239,0.5620787606277234,0.7462330078162891,5.74845379063121,1.4878464136881149,1725.4392838958784,1.0265484830846283,2934.504432977354,0.68879171401988,1238.0032843170857,0.5614061688462332,1.2117984233963015,0.5111199139511226,0.15670204240675556,0.004126048930192746,1.0240839233023684,15.142323423339853,0.6560349390747284,0.216691733763762,0.044324719915256265,12.465039325672352,85.434,GOOD,SYNTHETIC_RESEARCH_BASED,ML_TRAIN_TEST_DEVELOPMENT_ONLY,PCL literature-informed morphology + FTIR + mechanical latent-quality simulation,TRAIN
SYN_00896,127.47339167682067,35.92238875980239,0.37079252833735715,0.3773270164082209,0.20007910152758823,0.7357478761194451,0.5169444035635886,0.7337820189065313,6.193779873966121,1.698430526367113,1725.1845112470041,0.9170013507645917,2939.402280232975,0.6461584037851263,1247.3535842599408,0.514065667200224,1.2033457733256188,0.4830431951102349,0.16277012379156763,0.009401777581349403,0.9026983591123278,16.202580288466816,0.4426779876044322,0.19749592204050764,0.03184530895247639,11.356122347244332,72.711,GOOD,SYNTHETIC_RESEARCH_BASED,ML_TRAIN_TEST_DEVELOPMENT_ONLY,PCL literature-informed morphology + FTIR + mechanical latent-quality simulation,TRAIN
SYN_00897,153.9599348259174,33.45408503712003,0.2885208759190894,0.37450806221290256,0.20616768068992808,0.7499539470810171,0.6282745716337734,0.7681217642150004,6.621350135228419,1.7525187594292788,1725.4556017411503,0.9218274332255466,2946.9662005230243,0.6900162161197014,1243.9954626055792,0.6360328321156574,1.33113800266346,0.5749063619866506,0.14303012988742084,0.0008460036234847644,0.7511436176247251,18.812840313683957,0.7010932897516998,0.191299693461589,0.040721081273232596,11.484321654328136,83.194,GOOD,SYNTHETIC_RESEARCH_BASED,ML_TRAIN_TEST_DEVELOPMENT_ONLY,PCL literature-informed morphology + FTIR + mechanical latent-quality simulation,TRAIN
SYN_00898,144.3976701817182,42.515007732877045,0.38284890692841506,0.39612236380616345,0.21053597671791932,0.6579194453361831,0.5502121278709582,0.7138125469509812,6.494523051434427,1.7127605893705589,1721.628173691073,0.9040688108615966,2927.585663146707,0.711238108523809,1244.6410956173029,0.5918248296135737,1.1999300247171407,0.4412545173335545,0.13946784230354495,0.008160716797688998,0.8163833463562546,16.669459829066483,0.5131254661190736,0.3019862477724707,0.033203655790788475,11.693237912342399,63.408,POOR,SYNTHETIC_RESEARCH_BASED,ML_TRAIN_TEST_DEVELOPMENT_ONLY,PCL literature-informed morphology + FTIR + mechanical latent-quality simulation,TRAIN
SYN_00899,141.26070136616815,30.914681726086407,0.31012379512566535,0.36834849769311934,0.21003245379194319,0.666035475226704,0.6215723811373349,0.748501529453739,6.300153517655082,1.7041180180833326,1720.0184161776467,0.9842123177540658,2933.2104269990214,0.6314967424722912,1233.606767229455,0.6797735340766826,1.140522853830781,0.4596683259988605,0.16686748900597548,0.009128288065491229,0.5900156277395798,14.620967590839449,0.5031762138446305,0.24932776822708436,0.03465968147114876,7.1116823649675815,65.511,POOR,SYNTHETIC_RESEARCH_BASED,ML_TRAIN_TEST_DEVELOPMENT_ONLY,PCL literature-informed morphology + FTIR + mechanical latent-quality simulation,TRAIN
SYN_00900,163.2437243418062,26.801136103208023,0.3371547327401488,0.42342496195027046,0.23534833283873527,0.7481947367849346,0.7076801587641336,0.7791509383784493,5.733062692150442,0.6568160460952391,1723.369057187025,0.967578927008478,2944.805112241235,0.7030837774500939,1232.6420372281593,0.4644686298711535,1.1632665913771725,0.5145583561611689,0.15630519691150077,0.008483059651790994,0.8468055130645564,18.5779693214919,0.7091390356916388,0.2059286043102698,0.02230870867949517,11.803115601809319,79.979,GOOD,SYNTHETIC_RESEARCH_BASED,ML_TRAIN_TEST_DEVELOPMENT_ONLY,PCL literature-informed morphology + FTIR + mechanical latent-quality simulation,TRAIN
SYN_00901,164.6345874556897,26.35756413761891,0.3594828592176789,0.3698986385206347,0.23052846797403703,0.7535206478017661,0.5987309792755352,0.7644310543308709,4.568447518879948,1.1175705763846984,1724.169242522458,1.0424540410008598,2937.7873604060196,0.6823971772341063,1244.534249463787,0.6035778849172865,1.375731108092413,0.529131223226626,0.18458465373378796,0.006978715260261241,0.907423706092584,17.49365717223536,0.6033638734140867,0.2152022287838054,0.03449812417994762,11.856055462825116,87.853,GOOD,SYNTHETIC_RESEARCH_BASED,ML_TRAIN_TEST_DEVELOPMENT_ONLY,PCL literature-informed morphology + FTIR + mechanical latent-quality simulation,TRAIN
SYN_00902,158.58049639029085,40.610544510894464,0.3429406392529581,0.37903409190917725,0.21799449203446744,0.6964846053060341,0.7434605181987529,0.7788428693705279,5.297502614752628,1.1415416682519908,1718.5059713330634,0.9764765567195549,2932.0602352749074,0.6897049587506668,1237.8448420891123,0.5959420657613842,1.389872476675567,0.5370212332757124,0.1695432201695925,0.0009304684868531284,0.8096198655909626,17.381721672099548,0.658141907571123,0.2220765855052956,0.037368348380575074,10.056200321005088,95.159,GOOD,SYNTHETIC_RESEARCH_BASED,ML_TRAIN_TEST_DEVELOPMENT_ONLY,PCL literature-informed morphology + FTIR + mechanical latent-quality simulation,TRAIN
SYN_00903,176.02351776691444,46.625140580781455,0.39046614328109475,0.3612405109948859,0.23230144625750287,0.6965179789645743,0.5513239998853856,0.6509955663750405,4.875693367756985,1.5730006265063434,1730.5335880224156,1.083648599248399,2938.76191134492,0.6666308845314183,1240.3120154047872,0.6371694410842902,1.1111242181711762,0.45980434081871024,0.19944372228313448,0.011482578120683545,0.7659719958069178,15.593471708770615,0.569220964475462,0.3398366644859895,0.03856594859898899,10.929114692374446,55.637,POOR,SYNTHETIC_RESEARCH_BASED,ML_TRAIN_TEST_DEVELOPMENT_ONLY,PCL literature-informed morphology + FTIR + mechanical latent-quality simulation,TRAIN
SYN_00904,123.33003083958093,37.23126723632298,0.248537279382665,0.4108755879003851,0.23146002036032598,0.7554206714650599,0.6713800177650243,0.8353890141312148,5.231806192719914,1.157584427631311,1714.7611428272032,0.9985681539693658,2935.3902671996607,0.6327549805076055,1236.810027203968,0.6583100485919795,1.426252951665929,0.5366256235291845,0.16728034939978337,0.005544052718952301,0.9619088071401142,19.8816974936369,0.6643169588115893,0.2754160079468866,0.04434390625046139,16.777413813861894,91.759,GOOD,SYNTHETIC_RESEARCH_BASED,ML_TRAIN_TEST_DEVELOPMENT_ONLY,PCL literature-informed morphology + FTIR + mechanical latent-quality simulation,TRAIN
SYN_00905,142.6647757501783,43.526859639688396,0.3197821214419372,0.3638074186854329,0.17669766553048794,0.6582492317970171,0.538505070852883,0.7213166898374045,5.380431419711621,1.6060977847662277,1718.5113977347596,0.9221362542424296,2934.723992090619,0.7124689638568901,1243.2998219499425,0.6071183137401984,1.2140619975318532,0.5415454665358646,0.17835832965780413,0.009053510636879683,0.792712799961116,11.400495034255723,0.5063215262458368,0.23827824052141597,0.040981947316954224,10.915807233885042,75.587,GOOD,SYNTHETIC_RESEARCH_BASED,ML_TRAIN_TEST_DEVELOPMENT_ONLY,PCL literature-informed morphology + FTIR + mechanical latent-quality simulation,TRAIN
SYN_00906,149.27721145303747,40.7343413743165,0.4378741227939908,0.38501096517507877,0.18886050878317337,0.622304948683649,0.4239291815769359,0.6399147108488882,5.6245277092062596,1.8804252332820348,1720.2413189950912,0.888262860870536,2947.110709027644,0.5612968666576327,1246.840317734796,0.5008910691117048,1.1213046225486307,0.4068878116607965,0.18538633240040028,0.007733647182730886,0.6190429801920309,13.689339942953858,0.37449338646876124,0.29513985309790114,0.02173480488122393,6.927513700710107,41.88,POOR,SYNTHETIC_RESEARCH_BASED,ML_TRAIN_TEST_DEVELOPMENT_ONLY,PCL literature-informed morphology + FTIR + mechanical latent-quality simulation,TRAIN
SYN_00907,178.80271170091825,38.35472533897084,0.3019640072422464,0.3794245270086242,0.1970755029079969,0.6867303490452985,0.8593472547072216,0.78876014997442,5.249687657101271,1.4892973614327836,1717.150556437855,0.9404888226614188,2941.441084800586,0.656165657106444,1235.241603017757,0.6199359018880248,1.4968233369499433,0.551397404307415,0.1623548002757352,0.0077344314140743095,0.8891240106892825,16.860181583424207,0.49898691620910984,0.22846122330684443,0.034161291380238434,12.363582604244108,90.684,GOOD,SYNTHETIC_RESEARCH_BASED,ML_TRAIN_TEST_DEVELOPMENT_ONLY,PCL literature-informed morphology + FTIR + mechanical latent-quality simulation,TRAIN
SYN_00908,147.54361798097608,40.46312160670833,0.34480374075190756,0.39728241613379867,0.21644390406975547,0.7043607688408883,0.671831415403826,0.7076143321385724,6.515093878266735,1.437111402268086,1719.2121510771922,0.9492797715002432,2942.077192727387,0.6555051900499009,1240.8539685388523,0.647301162152288,1.250429458284217,0.48554976712768694,0.16781768125291796,0.0014843968780767804,0.8074132521750204,16.504879556834183,0.6130101016604754,0.19990979101987655,0.03508903174164097,14.224853879888949,86.227,GOOD,SYNTHETIC_RESEARCH_BASED,ML_TRAIN_TEST_DEVELOPMENT_ONLY,PCL literature-informed morphology + FTIR + mechanical latent-quality simulation,TRAIN
SYN_00909,154.04753568164838,27.01521700866178,0.39436526109767794,0.3287850948948001,0.1624148459039304,0.5951423575209399,0.48504848691827807,0.6818957676167023,6.713672936085908,1.8986508656830285,1732.4625116931477,0.8720781436863589,2927.8401593082085,0.755120180280448,1239.0726451140595,0.44264385244896765,1.0914583886196119,0.4700039802582059,0.16162347563361984,0.010576823891856043,0.6792686622896594,15.516257675756824,0.35999593345207814,0.3124291580961033,0.03535361097868002,5.542959389126355,45.253,POOR,SYNTHETIC_RESEARCH_BASED,ML_TRAIN_TEST_DEVELOPMENT_ONLY,PCL literature-informed morphology + FTIR + mechanical latent-quality simulation,TRAIN
SYN_00910,147.84884548531213,32.352149902537676,0.33004022375782077,0.4052906429823989,0.24060948634600768,0.733242605055998,0.7526199465385421,0.7756587553314193,5.167469728622873,1.0770112164576076,1724.8185498176265,1.0185031628424255,2930.575869145464,0.8237968298083364,1242.3785028528828,0.6529923039453583,1.4525371974889285,0.548068483492413,0.15597014727425387,0.0033244690171520463,0.9011271261664404,13.286472467354344,0.49877557163058467,0.15463002198163273,0.033185744577839835,9.751363328508605,82.36,GOOD,SYNTHETIC_RESEARCH_BASED,ML_TRAIN_TEST_DEVELOPMENT_ONLY,PCL literature-informed morphology + FTIR + mechanical latent-quality simulation,TRAIN
SYN_00911,165.36945184735532,33.54984329653582,0.329209204654997,0.3959520115522962,0.23460649235698341,0.7419655717473316,0.7070575134461066,0.7375780838136108,5.347402485420324,1.6529333687504526,1715.2331205950547,0.910021932971331,2939.8538613056758,0.6737434079525944,1240.4717391891104,0.5630561191203951,1.3372666299085907,0.4975541118691581,0.13147041749659655,0.007908869426130366,0.7591967263632335,16.108797331559447,0.6222852568470173,0.33366879908015873,0.018688109203524518,8.298942381205933,70.881,GOOD,SYNTHETIC_RESEARCH_BASED,ML_TRAIN_TEST_DEVELOPMENT_ONLY,PCL literature-informed morphology + FTIR + mechanical latent-quality simulation,TRAIN
SYN_00912,148.4508996827821,44.626449041478295,0.4167882653960517,0.3459209818104403,0.19302104970986628,0.6865423336770046,0.45959363245330054,0.7144290588398192,5.99969595600128,1.8514081647582372,1720.2128579507191,0.9656639008128549,2957.2191790224956,0.6326862082888143,1240.236246997214,0.5028837848678885,0.8104255205188696,0.5100010064345402,0.17461485590955556,0.012353452961417821,0.7070782768649999,13.445130956776175,0.4675126322464806,0.24690297072527806,0.020971566684710088,9.99790191883704,51.951,POOR,SYNTHETIC_RESEARCH_BASED,ML_TRAIN_TEST_DEVELOPMENT_ONLY,PCL literature-informed morphology + FTIR + mechanical latent-quality simulation,TRAIN
SYN_00913,167.4499556077204,32.551802900702945,0.31358818069041733,0.4331879542027022,0.23349799147970587,0.6494027264118737,0.6968130592248474,0.7630679215113048,5.979997052022844,1.2391948021135586,1721.4223479658472,1.0177058778645196,2941.361189689974,0.7834509487604189,1239.997605362995,0.6014475325291758,1.4004347073342664,0.5365767802169603,0.10725846351703991,0.007301829251703529,0.862727691184813,15.222493600271358,0.626301726710134,0.22516006334092703,0.03906511822574532,12.58631606023992,87.356,GOOD,SYNTHETIC_RESEARCH_BASED,ML_TRAIN_TEST_DEVELOPMENT_ONLY,PCL literature-informed morphology + FTIR + mechanical latent-quality simulation,TRAIN
SYN_00914,140.79476332990248,32.830583027997434,0.39600833034828636,0.36355030951155476,0.17037223671105495,0.6223464469337798,0.46109362478357996,0.6597967214135528,5.3776426028024495,1.7276589745762698,1726.4764818553633,0.8521265843584258,2939.51086194581,0.6098594682745193,1236.0770029643631,0.5171545768187825,1.4532834114429471,0.47410527284354326,0.17609910597729928,0.014385142342880653,0.523941654011299,11.71448435284061,0.4208079207711743,0.26359610680856477,0.02289458352905815,10.020321704769973,50.167,POOR,SYNTHETIC_RESEARCH_BASED,ML_TRAIN_TEST_DEVELOPMENT_ONLY,PCL literature-informed morphology + FTIR + mechanical latent-quality simulation,TRAIN
SYN_00915,150.7985879770041,21.620980163593302,0.3718424233512125,0.38621409311075616,0.21147209635011713,0.7026661536434978,0.6815338362677724,0.7704098117235022,6.1533369229340655,1.8119109300590865,1711.0561258955295,0.7136532694010551,2938.488604125516,0.6279908448546225,1237.3301851667213,0.5266092466791441,1.19939609024922,0.4988422100331054,0.18142046820038216,0.008347940663259617,0.7816861997294416,15.654407774460033,0.5276286294711731,0.28566399013069776,0.024305025465409746,10.479122965074918,74.9,GOOD,SYNTHETIC_RESEARCH_BASED,ML_TRAIN_TEST_DEVELOPMENT_ONLY,PCL literature-informed morphology + FTIR + mechanical latent-quality simulation,TRAIN
SYN_00916,125.76132710923648,42.54245476392247,0.3829987556367554,0.34609210417176667,0.18265265180852677,0.6760389650743154,0.392129005086731,0.6375321087953598,5.651484821379865,2.2046781980261447,1716.87890511455,0.8980896817622971,2959.0538496648874,0.6702863839260857,1238.9232896130934,0.6108024530934806,1.088357297953702,0.39693327591386407,0.1893733808019368,0.012520634436720855,0.5266096982058941,10.974440986313532,0.4582823003188025,0.2916035122046647,0.019494621474219348,9.457025646370369,46.313,POOR,SYNTHETIC_RESEARCH_BASED,ML_TRAIN_TEST_DEVELOPMENT_ONLY,PCL literature-informed morphology + FTIR + mechanical latent-quality simulation,TRAIN
SYN_00917,154.55699241091432,37.66822514138349,0.3196308901117207,0.39752348866707427,0.24485678624711124,0.7217729253202247,0.7284078527956405,0.8162581555743019,5.639345986475822,1.4273062380534378,1719.46615388771,0.8224330009183346,2943.6228431450822,0.6674004781329472,1232.2867130227396,0.6473952898118819,1.4071942910768884,0.5606181281957504,0.15010418744390952,0.009185073476441482,1.0170530035135226,20.569505680659493,0.6126362868763288,0.24228675709389935,0.039237421612385345,14.315530004930157,97.551,GOOD,SYNTHETIC_RESEARCH_BASED,ML_TRAIN_TEST_DEVELOPMENT_ONLY,PCL literature-informed morphology + FTIR + mechanical latent-quality simulation,TRAIN
SYN_00918,163.18059181764608,42.64904867176095,0.2889305277818299,0.40368947966743746,0.2318767849518799,0.7375163520119843,0.7165747576444123,0.769982673975744,5.6229045205901915,0.8415200580261126,1716.8863403114278,1.0299319087775405,2933.992067782617,0.7137235794604122,1240.7621284581148,0.6690001536550457,1.5303662883642322,0.5640328582132106,0.13731957319684562,0.0012630437533745365,1.0038168374145335,20.028670322399947,0.7065059005961309,0.2478535078629749,0.04496656730244065,13.697049982770642,97.149,GOOD,SYNTHETIC_RESEARCH_BASED,ML_TRAIN_TEST_DEVELOPMENT_ONLY,PCL literature-informed morphology + FTIR + mechanical latent-quality simulation,TRAIN
SYN_00919,148.6445348641313,25.07733084441108,0.3419483270624522,0.3823754337849833,0.23046361067038246,0.7823798549457263,0.6528303962095272,0.7813315438008199,5.579765139180768,1.2242196868661561,1724.15864060002,0.8953975177815874,2939.5599812594673,0.6729055269185673,1231.2071457522811,0.6151716775383227,1.4159882984849894,0.5056822942077848,0.15941803669953233,0.008292042089198485,0.9080905285069149,18.438659877773695,0.5660958473247258,0.27043799493879955,0.032975352520421816,11.608604461241287,79.839,GOOD,SYNTHETIC_RESEARCH_BASED,ML_TRAIN_TEST_DEVELOPMENT_ONLY,PCL literature-informed morphology + FTIR + mechanical latent-quality simulation,TRAIN
SYN_00920,175.65361144057923,38.95562742827629,0.26436698996445807,0.38667911504359687,0.2506935063497835,0.7056824495443876,0.7108564851516295,0.721059983482186,4.458273324382416,1.3390091911935793,1721.0956490326344,0.8667763735298826,2945.177432383147,0.7395598760333097,1239.6341326974084,0.6909153110422213,1.2351964707743843,0.4896358288188891,0.15144821648674653,0.003575752259464375,0.8874979420730769,21.24058773551429,0.7192636441439426,0.22081709825885615,0.03755046903519625,12.657249364721109,78.907,GOOD,SYNTHETIC_RESEARCH_BASED,ML_TRAIN_TEST_DEVELOPMENT_ONLY,PCL literature-informed morphology + FTIR + mechanical latent-quality simulation,TRAIN
SYN_00921,123.74889177929327,36.25310202181051,0.3619944544535476,0.3026555279850701,0.16331605134005003,0.5612453770678202,0.4527440232368178,0.6433237581027587,5.054964785455141,1.8937740976877615,1724.4862495863974,0.8052463227962733,2937.851097557768,0.5065226359972915,1237.6217812577447,0.555120521156263,1.3867674807657515,0.48440286891755074,0.18739366726579043,0.01561657624743112,0.47769253086219066,11.51774338234311,0.307226666116039,0.29431333655637343,0.011309029442050046,5.139237539521702,40.188,POOR,SYNTHETIC_RESEARCH_BASED,ML_TRAIN_TEST_DEVELOPMENT_ONLY,PCL literature-informed morphology + FTIR + mechanical latent-quality simulation,TRAIN
SYN_00922,163.74887118895046,36.33398969237351,0.42587765477981604,0.3494116801741388,0.1964334546903223,0.6133292572808005,0.3971810488976188,0.6301747921967013,6.800717267157737,1.518992014019941,1728.1932386318772,0.7837193646233038,2940.4725233064823,0.6755263713929389,1233.6477393020205,0.49302128846712157,1.1097801378610392,0.41307984996849656,0.19750645496049518,0.014317530920597758,0.5625732522643885,13.081182815546343,0.3817252811661053,0.255354275467126,0.016494253928058165,6.080796821092043,35.452,POOR,SYNTHETIC_RESEARCH_BASED,ML_TRAIN_TEST_DEVELOPMENT_ONLY,PCL literature-informed morphology + FTIR + mechanical latent-quality simulation,TRAIN
SYN_00923,177.42376553035456,32.3642780008777,0.33258820962983915,0.43219968795895364,0.2704600215504538,0.724110265818907,0.747852418584726,0.759128108526286,6.006360894966697,1.363776520366557,1721.7356570975514,0.9326628639932074,2937.4113595671843,0.8228352618090851,1242.3311191876257,0.6180414211802582,1.3527319454865756,0.5917445128688825,0.11820583884484187,0.01349166548169534,1.053575933015905,19.39259174575622,0.7107479974633272,0.19670579486112028,0.03831204619058489,14.215960377207978,95.325,GOOD,SYNTHETIC_RESEARCH_BASED,ML_TRAIN_TEST_DEVELOPMENT_ONLY,PCL literature-informed morphology + FTIR + mechanical latent-quality simulation,TRAIN
SYN_00924,149.6019043039284,27.37071238803523,0.3092950768986576,0.4052141450258616,0.25039836423741824,0.7472342149061142,0.7404582396241766,0.7860262619023789,4.749793094518776,1.3062931518461482,1715.2418963249431,0.9699114965513873,2941.394842089486,0.6915518069487889,1237.0809403989258,0.5720892760248325,1.3574069223816447,0.5769838357332135,0.14018393409478416,0.0013166855097506017,1.0331652251501504,17.940024146839605,0.5479397302370563,0.2520286464412774,0.03480161786735604,11.52351777025298,95.687,GOOD,SYNTHETIC_RESEARCH_BASED,ML_TRAIN_TEST_DEVELOPMENT_ONLY,PCL literature-informed morphology + FTIR + mechanical latent-quality simulation,TRAIN
SYN_00925,159.8629563929151,42.30276103461718,0.46227112384392344,0.3599569650381767,0.1851840174692876,0.646873725554758,0.4050018588042943,0.660499355076058,5.613418048285393,1.8260861079604112,1714.151869817771,0.8751285941842473,2936.6449795128183,0.695582351336033,1239.0554742213585,0.6169589005406905,1.3292707933434074,0.44847013300272787,0.18272825396761466,0.0218579772615093,0.8605856719272624,11.266266292751403,0.5678268379431856,0.30799975762863147,0.021389458703846204,9.843180097171212,50.389,POOR,SYNTHETIC_RESEARCH_BASED,ML_TRAIN_TEST_DEVELOPMENT_ONLY,PCL literature-informed morphology + FTIR + mechanical latent-quality simulation,TRAIN
SYN_00926,156.74043496514574,29.414565973323683,0.37931691490684455,0.3671283791265984,0.23593286239749045,0.7296242135181747,0.6920218892472018,0.7134284520042309,5.620112471181198,1.2830679754253658,1717.580403503213,0.9675055859604138,2941.5553914656543,0.6343719428618619,1241.3191826715529,0.5624845563146849,1.3003763979044005,0.5038140024127504,0.1594640187384745,0.007290191084448697,0.8812197609370578,17.21359981960929,0.5638465402990454,0.3032154883727077,0.03966664420721108,10.948366198665202,70.536,GOOD,SYNTHETIC_RESEARCH_BASED,ML_TRAIN_TEST_DEVELOPMENT_ONLY,PCL literature-informed morphology + FTIR + mechanical latent-quality simulation,TRAIN
SYN_00927,154.37676261220957,38.204979471434505,0.40969716762206204,0.3071695110837215,0.20776749417975193,0.6041375902039009,0.4530526745572709,0.67612398292357,6.709450470152619,1.8967115549075273,1716.9466399177452,0.8959014178417677,2940.4282029360274,0.7243696387810705,1235.7061678810198,0.4523835784228676,1.1909469742241663,0.49705535905571036,0.19008499127884382,0.01823386631765329,0.609950448258262,11.515372634294362,0.3255871945300731,0.3285310687544087,0.01615115577843184,5.2420742038618116,39.089,POOR,SYNTHETIC_RESEARCH_BASED,ML_TRAIN_TEST_DEVELOPMENT_ONLY,PCL literature-informed morphology + FTIR + mechanical latent-quality simulation,TRAIN
SYN_00928,156.74599531533357,30.46909275427221,0.32660084880600976,0.44614542059380063,0.21206584007917723,0.7166942137645148,0.738696000531263,0.778301411082655,5.571041933211251,1.3775443168906074,1719.057234761323,0.9665528127739653,2941.640575993096,0.6828992153277295,1238.466571037514,0.595415456377443,1.469545228887134,0.5044363152925514,0.13949620415195702,0.0009203167894236289,1.0244009812251158,18.853605579263746,0.7212040894318876,0.23920203509188598,0.039358429407534284,11.79219214675295,95.636,GOOD,SYNTHETIC_RESEARCH_BASED,ML_TRAIN_TEST_DEVELOPMENT_ONLY,PCL literature-informed morphology + FTIR + mechanical latent-quality simulation,TRAIN
SYN_00929,140.03246428677804,35.88161818127553,0.39015389752055896,0.3763021780034969,0.19159275702512077,0.6276015265637982,0.6429545805859435,0.7271685365617653,7.128558666082553,1.5736979646793647,1722.4499978753258,0.7962521138292594,2936.9208561035275,0.6931052793081085,1234.5206257847663,0.6092137678764894,1.0702510276394195,0.5236094296164435,0.16534730716912194,0.002364897257094078,0.7564833380320906,15.82160749672604,0.5187664887675584,0.23123418661245504,0.03869250119553875,11.692903695151768,66.358,POOR,SYNTHETIC_RESEARCH_BASED,ML_TRAIN_TEST_DEVELOPMENT_ONLY,PCL literature-informed morphology + FTIR + mechanical latent-quality simulation,TRAIN
SYN_00930,156.30265339171962,34.278434637392266,0.25851632188704876,0.40772713642393216,0.24323215848587135,0.7080721216710563,0.7141267144976119,0.7197961890786074,6.779276474476138,1.6563030769767657,1715.1249067493895,0.9779508270294489,2930.466862654959,0.7549516481655734,1244.279450123801,0.7052187353274297,1.429463246931359,0.5927392187877415,0.17586512138130375,0.003498993853759534,1.0818192488578342,17.26527315417879,0.7558906240412295,0.19100042745873433,0.046177805700871766,13.633577609414623,97.515,GOOD,SYNTHETIC_RESEARCH_BASED,ML_TRAIN_TEST_DEVELOPMENT_ONLY,PCL literature-informed morphology + FTIR + mechanical latent-quality simulation,TRAIN
SYN_00931,152.63825873438608,38.00174129316626,0.40089015066058287,0.3089667465575213,0.18669787325281334,0.6096505517029861,0.36515894198850474,0.6755283306488836,6.635163293529317,1.5353572736002759,1720.5865771661513,0.8340143644653272,2951.911215692221,0.7556394080098583,1241.2476360237547,0.6864129741215635,1.0165506221989598,0.43115150395157126,0.15648342458611728,0.016583184323229652,0.8609421112028091,16.34600616635895,0.4670568907311053,0.2672731811561459,0.030641021893395556,8.400599373527184,52.317,POOR,SYNTHETIC_RESEARCH_BASED,ML_TRAIN_TEST_DEVELOPMENT_ONLY,PCL literature-informed morphology + FTIR + mechanical latent-quality simulation,TRAIN
SYN_00932,159.8927028983238,29.51864588843252,0.3236522633949049,0.40847127714059234,0.2434054830163988,0.7204695431360125,0.7829105810360595,0.8120666802285094,5.8135618717036355,1.6330284055023665,1722.7790184780226,0.8552869962482513,2939.3716048454858,0.5562778686886917,1245.1866373425935,0.5442337429636216,1.39953243566253,0.5334533945826178,0.14103319168785028,0.005809103914955744,0.8138915882177373,16.823232182901723,0.6773509018733735,0.27174316737176873,0.037796955818178136,13.689380565288209,86.055,GOOD,SYNTHETIC_RESEARCH_BASED,ML_TRAIN_TEST_DEVELOPMENT_ONLY,PCL literature-informed morphology + FTIR + mechanical latent-quality simulation,TRAIN
SYN_00933,150.88023592066247,31.931022301822257,0.4114718734620552,0.34548255902387226,0.1919083510287708,0.7484799012530006,0.6101328930291008,0.7522427499008416,4.842045997725129,1.788579177257482,1719.9830906922787,0.8822011493055953,2938.787562574454,0.7112347867944682,1234.1013342565077,0.5318640085797275,1.3059214842700297,0.4879442395713488,0.14377606656583428,0.004096513219515125,0.8393019210703033,15.184386953714553,0.667891260896681,0.2996576519240204,0.04612036095746247,11.10117540120325,73.674,GOOD,SYNTHETIC_RESEARCH_BASED,ML_TRAIN_TEST_DEVELOPMENT_ONLY,PCL literature-informed morphology + FTIR + mechanical latent-quality simulation,TRAIN
SYN_00934,132.44818522423742,36.03991705271674,0.47890153441058997,0.3195601715105294,0.16594407562131178,0.6192313481720518,0.28919484535967077,0.6580812081956046,6.104439881615235,1.8418709671768057,1725.571327767849,0.9022199346841632,2938.06595440826,0.5882733015014594,1240.2358838304592,0.39385182369712224,1.13922765481936,0.4202199179794647,0.1667784640748616,0.018347878366658993,0.4727265667238464,9.510733198267026,0.2788397718913157,0.2842731751383566,0.005844382251581889,5.309348180536624,29.528,POOR,SYNTHETIC_RESEARCH_BASED,ML_TRAIN_TEST_DEVELOPMENT_ONLY,PCL literature-informed morphology + FTIR + mechanical latent-quality simulation,TRAIN
SYN_00935,151.94914618751363,35.304614551974225,0.436097976474274,0.3622896997073405,0.1932690831300792,0.6150290971522601,0.4747966625576985,0.6859319776484255,6.195130721184801,1.7085012508445983,1729.3740145727265,0.8515360192598034,2931.9481660130505,0.6077589249322299,1234.7906768519385,0.5586100219410606,1.200594503745576,0.4408049316722344,0.16833353387960504,0.017091370940605095,0.5794890822277668,15.308384206080373,0.35470955888633166,0.2817325515198041,0.025621013057585244,7.469099963460924,41.921,POOR,SYNTHETIC_RESEARCH_BASED,ML_TRAIN_TEST_DEVELOPMENT_ONLY,PCL literature-informed morphology + FTIR + mechanical latent-quality simulation,TRAIN
SYN_00936,142.11379525924727,31.739737053965253,0.3084231080068836,0.3516941788340089,0.2254371626834907,0.7015734203173051,0.5442657671850326,0.7497659280794838,5.793366877587428,1.458635532906218,1715.457346098381,0.9671894139480097,2939.861885260264,0.8494818814251012,1248.44765030025,0.6782026969401511,1.3849281079767282,0.5388864512753799,0.13156815785732862,0.0075925480081790635,0.8934208669745328,13.635493845852885,0.6617355422011045,0.20684812548899253,0.0361951423032382,12.960460286853795,80.689,GOOD,SYNTHETIC_RESEARCH_BASED,ML_TRAIN_TEST_DEVELOPMENT_ONLY,PCL literature-informed morphology + FTIR + mechanical latent-quality simulation,TRAIN
SYN_00937,175.48598448021002,38.720925201813984,0.3630640860605107,0.38425089246020133,0.17020954692558038,0.6530423104154072,0.575171779112628,0.6622100386960083,5.73818541421386,1.3247443738107338,1721.27711730294,0.8816480270590501,2944.3192971292083,0.7012658541634145,1244.8176299320432,0.5554641716843666,1.2009821226397843,0.5078497401201263,0.14784993792074774,-0.002444727655677619,1.0673244296615774,15.18227956237879,0.7000090790804369,0.26330613786408075,0.05089254480487667,12.231189009728448,78.426,GOOD,SYNTHETIC_RESEARCH_BASED,ML_TRAIN_TEST_DEVELOPMENT_ONLY,PCL literature-informed morphology + FTIR + mechanical latent-quality simulation,TRAIN
SYN_00938,114.56971136530981,42.94709325691469,0.4587726095082794,0.27902713379028476,0.16982997957535398,0.5919901747954673,0.28747785389842057,0.5943484524653805,5.625062119420378,2.0481245504673957,1719.6001902984103,0.8514526938741178,2936.032905390381,0.5966314151447719,1231.5775821693555,0.6830049619119305,1.1775953881029289,0.47516074820682985,0.21807892006194357,0.00974712257397074,0.7237097304490219,11.64743876135631,0.5080376725195541,0.3190298450143357,0.012711457749920628,4.096302830972394,35.509,POOR,SYNTHETIC_RESEARCH_BASED,ML_TRAIN_TEST_DEVELOPMENT_ONLY,PCL literature-informed morphology + FTIR + mechanical latent-quality simulation,TRAIN
SYN_00939,160.3690052702139,32.58176014184386,0.36988674128264004,0.3745838457841386,0.20987637888479893,0.6992546234761525,0.670343966458425,0.7575563642178667,6.469578236911377,1.2511773981613614,1727.4583601495654,0.8348834201706299,2931.8144864234323,0.6519558303465209,1238.9588339228967,0.561534926089031,1.2908609032902845,0.4809365548864051,0.17069561530570448,0.007177081619269218,0.9380242237049344,14.349299625815812,0.5742240895007922,0.19666907582616647,0.03089265057461308,12.512199173630341,71.783,GOOD,SYNTHETIC_RESEARCH_BASED,ML_TRAIN_TEST_DEVELOPMENT_ONLY,PCL literature-informed morphology + FTIR + mechanical latent-quality simulation,TRAIN
SYN_00940,142.30599033512894,38.187213965662856,0.40025045275904153,0.31970645799555575,0.19372561274250938,0.6775926154907973,0.5504147442496838,0.6713320519063821,5.888237989409448,1.4544295319554272,1716.42138648132,0.8759865764382583,2932.0965250523295,0.5768458584977202,1226.6625052730517,0.5098936192532816,1.2220470264334418,0.4160071736371073,0.17228905792749052,0.010137981597169814,0.803343937623126,13.191429801175097,0.4909221041691356,0.2819046870423745,0.026823697891518353,9.023191616490418,49.519,POOR,SYNTHETIC_RESEARCH_BASED,ML_TRAIN_TEST_DEVELOPMENT_ONLY,PCL literature-informed morphology + FTIR + mechanical latent-quality simulation,TRAIN
SYN_00941,137.14099135137383,35.88938321131184,0.33794073037097305,0.35182552955966606,0.2106518088502283,0.7158386742192557,0.7454305001878164,0.7605082870613314,5.69989638299039,1.4024358410914795,1721.335204978262,0.9099858545003567,2938.881633876872,0.7178067729375787,1239.6000512750545,0.6181888767035244,1.3073786496362656,0.43542203008779007,0.15415356710472794,0.0058908123932791085,0.6194326529619778,12.35210598199981,0.621337211957365,0.22918815794852648,0.02475447004704026,11.090996458435786,69.398,POOR,SYNTHETIC_RESEARCH_BASED,ML_TRAIN_TEST_DEVELOPMENT_ONLY,PCL literature-informed morphology + FTIR + mechanical latent-quality simulation,TRAIN
SYN_00942,138.8658309717233,39.22396167997889,0.38581042205216387,0.32819739657989655,0.1591948134867468,0.6620844205368842,0.46318083859659004,0.782193709357768,6.093904661108461,1.500934140611882,1724.0635756307151,0.8348583590089026,2942.2985031219455,0.7479972252563196,1237.7506118666768,0.6106804931752492,1.3043877206526564,0.46793781126008877,0.18369452523067642,0.004163057723887458,0.8465558839949252,15.477812248620069,0.5689115569510601,0.2337707220144984,0.036780196215564824,11.725406906690452,58.602,POOR,SYNTHETIC_RESEARCH_BASED,ML_TRAIN_TEST_DEVELOPMENT_ONLY,PCL literature-informed morphology + FTIR + mechanical latent-quality simulation,TRAIN
SYN_00943,143.65908518123837,32.17670481959175,0.27621267558217794,0.4187542296793191,0.21870582516071252,0.7217126478280355,0.6908271561221734,0.8054465662554651,5.691678646710874,1.4545794709900701,1727.03388696186,1.0530675244695502,2938.537446689335,0.7187311474357615,1231.8647591177526,0.6598704421257867,1.301436220825268,0.5252749269620853,0.14482740263619276,0.006540713710709724,1.0059389024867886,19.064118293452566,0.7468200859250099,0.13214363489073194,0.046439615349745576,12.55388702878867,94.382,GOOD,SYNTHETIC_RESEARCH_BASED,ML_TRAIN_TEST_DEVELOPMENT_ONLY,PCL literature-informed morphology + FTIR + mechanical latent-quality simulation,TRAIN
SYN_00944,145.46089983137134,32.452589534420994,0.4165182938890208,0.35841568575752786,0.2074102858217068,0.6274391614153091,0.5009171877337286,0.7310284995554969,5.558815586532362,1.5678832076312854,1728.4749801810253,0.7406687144158178,2940.3610283753487,0.6572906001103406,1241.4157238737534,0.5388967611429978,1.245881382971887,0.48625081191695824,0.17470737829285607,0.013164755813397664,0.7002606563179763,16.79319886816995,0.5048028182945845,0.22720176523071844,0.023095376704984967,6.55633854581484,62.06,POOR,SYNTHETIC_RESEARCH_BASED,ML_TRAIN_TEST_DEVELOPMENT_ONLY,PCL literature-informed morphology + FTIR + mechanical latent-quality simulation,TRAIN
SYN_00945,154.8726834653167,39.15268948220299,0.4127976835116608,0.3325267528250196,0.15042137656631616,0.5627030437636075,0.3793375420046167,0.6154577431730037,7.112073382901387,1.8269551309565584,1721.5159609083846,0.815708736467571,2938.6356280194977,0.5628209915728213,1237.3906081941475,0.4305933346429632,0.9879758840024485,0.411903514603134,0.19933105539915147,0.01450136850604219,0.5836370188295188,13.417494030581171,0.39594536811063313,0.27434789213749383,0.024648951727746005,2.432561226992444,25.144,POOR,SYNTHETIC_RESEARCH_BASED,ML_TRAIN_TEST_DEVELOPMENT_ONLY,PCL literature-informed morphology + FTIR + mechanical latent-quality simulation,TRAIN
SYN_00946,124.44315722568425,34.85557064937598,0.31644963448530444,0.40943847198428523,0.2473805378859919,0.6604482115679433,0.630389081067758,0.7511512692296771,5.2029520729230025,1.84111791908318,1719.2327247909293,0.9290475880980117,2941.887275670848,0.6270704198162573,1244.4532484805648,0.669189444000781,1.411918462271619,0.49828058752320087,0.14550780116293616,0.012403885882614393,0.6470059284116968,17.54438415208537,0.5329430249043796,0.2622012511693637,0.04028989647820687,10.370214903901594,74.136,GOOD,SYNTHETIC_RESEARCH_BASED,ML_TRAIN_TEST_DEVELOPMENT_ONLY,PCL literature-informed morphology + FTIR + mechanical latent-quality simulation,TRAIN
SYN_00947,157.685367119481,48.504555623147546,0.42776145705269103,0.285266432323119,0.14754780366389694,0.5982374946386083,0.3946983824488925,0.6018781804774734,5.862193008897148,1.9447785406654485,1711.6421423774484,0.8040984046421091,2945.0453581072857,0.6380479968701259,1245.1391464936085,0.4992742500663239,1.308825328819428,0.4933498952836526,0.1954416704398878,0.014331970264310118,0.668219690487056,12.989624179014843,0.6387841840544562,0.22775689677201016,0.005505033323501917,7.060192807119387,42.947,POOR,SYNTHETIC_RESEARCH_BASED,ML_TRAIN_TEST_DEVELOPMENT_ONLY,PCL literature-informed morphology + FTIR + mechanical latent-quality simulation,TRAIN
SYN_00948,150.88382931371723,36.96803942055584,0.3741737965883332,0.36453795301258796,0.20639050525313382,0.6663646241504753,0.554847093931565,0.7462858520792671,5.673539922865696,1.7341000348920481,1730.6322790710153,0.9219565553380773,2937.2629631617037,0.7508822797195709,1236.9286326323704,0.5724902830088673,1.270416051273193,0.517775209045571,0.1543776549673643,0.0012685937770447733,0.9008218503506301,17.354642618840654,0.536579719624461,0.20022887036192522,0.027245246026131556,12.04433434654831,82.869,GOOD,SYNTHETIC_RESEARCH_BASED,ML_TRAIN_TEST_DEVELOPMENT_ONLY,PCL literature-informed morphology + FTIR + mechanical latent-quality simulation,TRAIN
SYN_00949,134.10586723673327,46.10965942740737,0.43455236296839633,0.35125640360115185,0.17912444004616745,0.6783689403329398,0.5049258918345334,0.6739996072293636,6.867750770754705,1.6943381184528234,1730.1696804112767,0.916789295908405,2945.0525933314634,0.6528970401239229,1240.133862007322,0.4814291100387291,0.916127511674007,0.48760812207921556,0.17947402133291696,0.02320955432639889,0.6444155416693115,13.5985496737908,0.42558602094841497,0.2534101750192988,0.026891914227871818,5.759354980046163,53.877,POOR,SYNTHETIC_RESEARCH_BASED,ML_TRAIN_TEST_DEVELOPMENT_ONLY,PCL literature-informed morphology + FTIR + mechanical latent-quality simulation,TRAIN
SYN_00950,182.4890733692927,40.79676088893524,0.23480528488596175,0.4104694228335458,0.24418769529509843,0.7437902624172198,0.7104214524854161,0.7191738186974327,6.1306752257203465,1.593327846262751,1720.8898559993102,0.9169414970369445,2942.3628860412446,0.8686285293090336,1237.5479325212857,0.6406161787407949,1.2228536901966978,0.5788023877282767,0.15214051388958605,0.012917341410420235,1.1314415255561012,18.311168364568044,0.6571875649692378,0.12330025884193313,0.040375102978582815,15.232006984271452,94.283,GOOD,SYNTHETIC_RESEARCH_BASED,ML_TRAIN_TEST_DEVELOPMENT_ONLY,PCL literature-informed morphology + FTIR + mechanical latent-quality simulation,TRAIN
SYN_00951,149.2814813793165,30.85651874354672,0.30709239261531274,0.4235938660149424,0.21592880392104408,0.6961964398138721,0.6371143249306283,0.7755148274894429,4.470590196381963,0.8139134405205652,1724.668113740654,0.7998691557045816,2929.0844038046303,0.7603690617267884,1240.590231338144,0.5633119574746572,0.9831448648072437,0.4804274858346723,0.13812112327850737,0.013390329665876588,0.8271930246130336,13.997688697473745,0.6654285211167792,0.24049857131783317,0.04447463751076375,8.673264396391685,75.685,GOOD,SYNTHETIC_RESEARCH_BASED,ML_TRAIN_TEST_DEVELOPMENT_ONLY,PCL literature-informed morphology + FTIR + mechanical latent-quality simulation,TRAIN
SYN_00952,147.3870916463707,35.34038727226937,0.3178252135218014,0.3942548336694986,0.24292390653535748,0.7183544416990758,0.6803672793943233,0.7644668588495483,5.724021188712127,1.013935011293717,1725.8106544948193,0.9066422416810244,2929.6935689872,0.7209819332976422,1241.2536353311898,0.6246181707604017,1.3581221343224634,0.6204677958756808,0.13339495761956094,0.013039624747654936,0.8351958506426993,19.660440624821383,0.7103919499058132,0.20152919321113283,0.03694861606415658,14.461481538413823,84.051,GOOD,SYNTHETIC_RESEARCH_BASED,ML_TRAIN_TEST_DEVELOPMENT_ONLY,PCL literature-informed morphology + FTIR + mechanical latent-quality simulation,TRAIN
SYN_00953,142.72603463332825,39.7018792428147,0.36086317212167063,0.3099125741864005,0.16394242571864304,0.6638770094165333,0.5226592508093547,0.6962903091320098,6.2694571928580425,1.9424583021384043,1722.6972857464461,0.9333066983331456,2940.7748029795857,0.5387319009250943,1238.0565192896136,0.5548346930586061,1.3014450401825768,0.44949307679255457,0.1758438412307101,0.012955680001587665,0.5296201017482146,8.995458271729156,0.4387904681327645,0.30619714738160114,0.017073147747181026,9.286150393454466,42.031,POOR,SYNTHETIC_RESEARCH_BASED,ML_TRAIN_TEST_DEVELOPMENT_ONLY,PCL literature-informed morphology + FTIR + mechanical latent-quality simulation,TRAIN
SYN_00954,154.89747947274753,30.0335704246482,0.3395892114763854,0.4078655999530999,0.24084532868043812,0.6533245590867237,0.6639192411160416,0.7417440142953701,5.662704432315428,1.5062717197076105,1723.173359021083,0.9442558483081804,2952.3743910995972,0.6787134670271255,1245.192242729075,0.5615205289070067,1.1801832940303583,0.48251412392978993,0.14714234571033424,0.0034029514568346877,0.8194578870390059,16.269745432739086,0.4919519300838511,0.25149584106207773,0.026609819394041292,13.072698264104888,70.452,GOOD,SYNTHETIC_RESEARCH_BASED,ML_TRAIN_TEST_DEVELOPMENT_ONLY,PCL literature-informed morphology + FTIR + mechanical latent-quality simulation,TRAIN
SYN_00955,145.22458217273942,27.576551453602733,0.3260177944527705,0.39643680375932594,0.2145541791430146,0.7176028530477545,0.814799907833401,0.7692064214694851,5.1347996872761215,1.429172226408128,1725.5156161156126,0.976158898483552,2939.74195787853,0.7008966444766287,1239.3843347126685,0.541983885129909,1.4271428975734999,0.5892467878048548,0.16595969450511955,0.002152811627282893,0.7391849558795263,15.644887940201839,0.589786692684692,0.24934277597842122,0.025988715387158946,10.213368153199458,87.454,GOOD,SYNTHETIC_RESEARCH_BASED,ML_TRAIN_TEST_DEVELOPMENT_ONLY,PCL literature-informed morphology + FTIR + mechanical latent-quality simulation,TRAIN
SYN_00956,149.79762412855408,43.200294433179934,0.4672504690947793,0.3514899802136192,0.1644008872360884,0.6513668400634863,0.4003908392197163,0.6289523854132847,6.774194873998098,1.3845162827037891,1728.5737739810866,0.785293248688433,2943.036820984609,0.5489493949015508,1237.915870245381,0.6421721816267019,1.049034498912765,0.4679715732460114,0.17581641115020877,0.013090337449955004,0.43299211919038383,7.555865849771282,0.3208149677506928,0.2801005885021642,0.015691695173356113,3.2341052494748137,33.617,POOR,SYNTHETIC_RESEARCH_BASED,ML_TRAIN_TEST_DEVELOPMENT_ONLY,PCL literature-informed morphology + FTIR + mechanical latent-quality simulation,TRAIN
SYN_00957,133.97657480835372,34.0972546132525,0.28589021525730784,0.4223511167581183,0.247059667005948,0.7865571119166879,0.7438632693688308,0.8496423072763812,5.304428110667911,1.446580569860798,1723.070587242982,0.914929124006611,2929.493725924374,0.6061810088317697,1247.506594725011,0.6701716588080757,1.397373073421158,0.45706326460176805,0.15018879709451702,0.010684327712463533,0.9174236217520713,20.269814792566105,0.6381822160879517,0.19252690110978715,0.047553154095799105,12.431975682255597,94.742,GOOD,SYNTHETIC_RESEARCH_BASED,ML_TRAIN_TEST_DEVELOPMENT_ONLY,PCL literature-informed morphology + FTIR + mechanical latent-quality simulation,TRAIN
SYN_00958,139.5179587994918,43.033917450008744,0.2528116904121991,0.43436003814365115,0.24120625099329088,0.777521957131137,0.733548911035872,0.8029041782503014,4.724067687856453,1.4218546059535064,1723.7505224001945,0.8475359999889802,2936.69820675904,0.6755117914864368,1239.3918069072395,0.694101503817018,1.4405331163705275,0.6081654409112061,0.14560892219471125,0.01106402646679356,1.038088199846344,20.062007417993648,0.715755334971221,0.1424999955926066,0.04574138552162254,15.054986939334,93.002,GOOD,SYNTHETIC_RESEARCH_BASED,ML_TRAIN_TEST_DEVELOPMENT_ONLY,PCL literature-informed morphology + FTIR + mechanical latent-quality simulation,TRAIN
SYN_00959,170.65228243028758,31.161930605697204,0.31205127190332216,0.38215786833424414,0.23190440466173196,0.6749908024779203,0.5997699934264955,0.7639938493706303,5.13251358867595,1.3575109618836323,1719.3779056796704,0.9620710161577795,2951.9600548017897,0.710652085382345,1244.034843507721,0.5956615054917413,1.3118479086207204,0.5023630232619573,0.12740005209937683,0.01082089417174872,0.9818094051801736,17.521183209306873,0.6864897989327136,0.3222397862781581,0.0483408935686919,13.970581431304883,80.291,GOOD,SYNTHETIC_RESEARCH_BASED,ML_TRAIN_TEST_DEVELOPMENT_ONLY,PCL literature-informed morphology + FTIR + mechanical latent-quality simulation,TRAIN
SYN_00960,159.4345589383338,42.24460437226091,0.5067598519258624,0.3136236576025585,0.12546199765068344,0.6646061775570281,0.3019939235557905,0.6042441293801554,6.895635314798741,1.9230828683461807,1711.2117829638114,0.8132154661446078,2935.890067101761,0.5013250421610382,1236.2137406038655,0.43079678756117873,0.9545092879535587,0.4003993704038015,0.2189525364366292,0.012151432754018913,0.4983364324594127,14.610265847968197,0.36469712392769876,0.2973296087523961,0.014042949959150825,9.19497589001464,31.455,POOR,SYNTHETIC_RESEARCH_BASED,ML_TRAIN_TEST_DEVELOPMENT_ONLY,PCL literature-informed morphology + FTIR + mechanical latent-quality simulation,TRAIN
SYN_00961,170.85597234255607,41.354142558017344,0.4089293882812118,0.27472953944525536,0.14579379946492435,0.5460712656456324,0.46272132431652957,0.6289786078946511,6.0733577070342415,2.6740242883738436,1720.9404935609812,0.7594033367481716,2936.638318191863,0.5635016647246536,1235.1459447802422,0.5505963492380928,1.1111171109213351,0.4572166664871361,0.14018217926057744,0.013629550834681618,0.6254579852509158,11.911973193858033,0.37063015916968045,0.35811950025866945,0.007899467474979485,4.680374514570598,43.517,POOR,SYNTHETIC_RESEARCH_BASED,ML_TRAIN_TEST_DEVELOPMENT_ONLY,PCL literature-informed morphology + FTIR + mechanical latent-quality simulation,TRAIN
SYN_00962,151.76545741451562,41.62466504357111,0.35387386637027896,0.37596137526831774,0.2551445837368261,0.6393418786319143,0.6624495897267799,0.8046593615502579,6.264928637955725,1.3786994553636682,1728.9278278950069,0.8755588512186764,2942.974977682139,0.6844445279444595,1242.8835774402,0.6065393009831541,1.4363781125602484,0.4658290026998695,0.1631204539584882,0.010315567834726064,0.9715665306949535,18.45781231343267,0.5938838046723248,0.29513536028979914,0.023686725236588185,9.087978521307765,83.114,GOOD,SYNTHETIC_RESEARCH_BASED,ML_TRAIN_TEST_DEVELOPMENT_ONLY,PCL literature-informed morphology + FTIR + mechanical latent-quality simulation,TRAIN
SYN_00963,168.08144915228013,34.845517873298384,0.3097123974483875,0.37893917671863697,0.23481525849147042,0.7025674427253985,0.7199093590317539,0.7374917120741884,5.6048268470768985,1.3886092265062262,1718.865736945866,0.9208427429370117,2945.9779067425175,0.724237352518162,1241.910216965296,0.6816927811203476,1.3578485837718357,0.5497910267743416,0.13732649824833565,0.0056402799175765015,0.9524780463801883,19.713822621109728,0.6252042545607309,0.23503665019791004,0.04304761813096424,15.901308858894266,87.501,GOOD,SYNTHETIC_RESEARCH_BASED,ML_TRAIN_TEST_DEVELOPMENT_ONLY,PCL literature-informed morphology + FTIR + mechanical latent-quality simulation,TRAIN
SYN_00964,168.7784581933118,34.5600927637413,0.4124438551726004,0.3358497869587748,0.17001803664790102,0.6351933719766204,0.43792191332783037,0.6927468434029457,5.9715065186025225,2.4442067279103648,1717.6291143031397,0.7760008798400845,2940.8960361110644,0.6597402712406414,1242.4376309538166,0.48911343051351347,1.24156982725521,0.4237734780051506,0.18341519870290937,0.014627789186832186,0.6572510920312139,13.380603630554987,0.40280039336577633,0.2151986642166385,-0.00037723651645125283,4.758417587276822,41.751,POOR,SYNTHETIC_RESEARCH_BASED,ML_TRAIN_TEST_DEVELOPMENT_ONLY,PCL literature-informed morphology + FTIR + mechanical latent-quality simulation,TRAIN
SYN_00965,149.84689867608174,37.755905519039295,0.3815887273217034,0.3750243625164692,0.2103151866703041,0.7290257958174645,0.5642735701706164,0.7619820978572542,6.426041861102107,0.936273992441738,1721.9456164008943,0.9267125574093132,2941.633206160416,0.6438048744755669,1240.2779192398737,0.6373971220489427,1.1054508699199592,0.4525870952870342,0.20397289623523027,0.012346982383176386,0.8778777146090895,13.740552948160826,0.4692433280109566,0.23104313629044199,0.03102736468446248,7.311165209836258,52.644,POOR,SYNTHETIC_RESEARCH_BASED,ML_TRAIN_TEST_DEVELOPMENT_ONLY,PCL literature-informed morphology + FTIR + mechanical latent-quality simulation,TRAIN
SYN_00966,139.4569409703681,36.14330916261261,0.30208382882286067,0.4457081807661397,0.24880289602754854,0.7685116752782806,0.7195353733496388,0.751508331556034,6.03533159634844,1.1647272285051404,1724.842340040769,0.979857437958439,2938.8333284237265,0.7288310540525118,1245.2772876168035,0.5528614858119125,1.3559917470525182,0.5249955807422195,0.13208301368567454,0.007269476382377037,1.0736754806550013,21.61520381393563,0.6201693794431513,0.30422402517954517,0.04574558799650473,13.359972699201585,85.073,GOOD,SYNTHETIC_RESEARCH_BASED,ML_TRAIN_TEST_DEVELOPMENT_ONLY,PCL literature-informed morphology + FTIR + mechanical latent-quality simulation,TRAIN
SYN_00967,163.43639705118164,23.72436011072169,0.3909008342111676,0.37485291165155654,0.20416630723674822,0.6726782216205293,0.6401893216922498,0.6995402726896142,4.679455960989709,0.934410757527695,1722.522025130865,0.9789426442987349,2941.582763205567,0.6028691305621486,1241.2969083048285,0.490731587045943,1.3746080340111724,0.500392145848275,0.13614451166637923,0.01369126522816886,0.8609723848207406,12.98151132208967,0.4747874103652753,0.11219982829544936,0.025215563508999485,9.130778243290125,67.507,POOR,SYNTHETIC_RESEARCH_BASED,ML_TRAIN_TEST_DEVELOPMENT_ONLY,PCL literature-informed morphology + FTIR + mechanical latent-quality simulation,TRAIN
SYN_00968,179.00387001288485,40.52961695158231,0.2907000088445098,0.38102393832232856,0.24257012330597832,0.7122512278072499,0.6659598989559776,0.8299538369699665,5.941544500304812,1.5755870279508497,1713.3579893231342,0.8981813100349549,2941.4445850029424,0.7452818241370602,1237.706632368036,0.6206046821894171,1.525444408541848,0.48971402916282064,0.1575076442951081,0.00335929778402233,1.012934593901094,16.803319319837655,0.7487071810624079,0.1974413495887045,0.039284849361468505,13.06122250367514,94.741,GOOD,SYNTHETIC_RESEARCH_BASED,ML_TRAIN_TEST_DEVELOPMENT_ONLY,PCL literature-informed morphology + FTIR + mechanical latent-quality simulation,TRAIN
SYN_00969,186.57311257658296,34.245020894787395,0.32017205505512736,0.4231154603145186,0.23897393500173492,0.7684633401682786,0.6757232367452662,0.8568618632027623,5.703365787105469,1.0452848250317648,1718.0089426303853,1.0035086368940296,2939.2011274551655,0.7767099695388618,1242.8925586430973,0.5765019500054034,1.3640470315576119,0.5875932696266327,0.17428574247287895,0.006725689410253375,0.9545938264143033,16.87064191515895,0.6108519846561102,0.20442795149236415,0.0580562401439915,12.355806271938963,87.108,GOOD,SYNTHETIC_RESEARCH_BASED,ML_TRAIN_TEST_DEVELOPMENT_ONLY,PCL literature-informed morphology + FTIR + mechanical latent-quality simulation,TRAIN
SYN_00970,159.37346483683706,31.26199086137242,0.3110786766791082,0.40660964712041103,0.23422774131193264,0.7289815766049713,0.6516217846070188,0.7938207945899752,5.637988129023462,1.57537596796332,1718.9786146097197,1.0092530825963972,2937.4309202619474,0.7747952067301158,1236.0632428879983,0.5485974244160348,1.2304019478969688,0.5415764980297187,0.16254782779030652,0.015269842286142463,1.0014679310183068,16.705616247132976,0.5945878606748984,0.2662821287966763,0.05069238614295668,12.189899951582367,84.827,GOOD,SYNTHETIC_RESEARCH_BASED,ML_TRAIN_TEST_DEVELOPMENT_ONLY,PCL literature-informed morphology + FTIR + mechanical latent-quality simulation,TRAIN
SYN_00971,169.49561432073278,40.032923257284686,0.3863444387272683,0.4073529874516047,0.2250648315002786,0.7239344984182904,0.7456997327819458,0.7490130496623765,6.5767212086466476,1.332987164114961,1723.6582428049896,0.8979415637132491,2941.9670556667375,0.6552419227333304,1239.2521127905334,0.6387217046179137,1.199624952779193,0.5534282313563418,0.14547064755976297,0.003950302911077063,0.8656848665325029,16.835366432448957,0.5781595115979643,0.16410223617286318,0.02683819863716117,12.255162043192469,77.251,GOOD,SYNTHETIC_RESEARCH_BASED,ML_TRAIN_TEST_DEVELOPMENT_ONLY,PCL literature-informed morphology + FTIR + mechanical latent-quality simulation,TRAIN
SYN_00972,159.66406879842143,42.99756575719348,0.36952922091394635,0.35040156465662786,0.22022180465387065,0.7071265736844632,0.5831111722154838,0.7004664709290633,6.033550245844237,1.5972199970826382,1722.155484833993,0.9331965255062667,2942.032085454647,0.8393609405003413,1246.0546433057943,0.5013720192224417,1.361528578930677,0.5281427997595178,0.15629086020274804,0.007146732851699651,0.7820946420726587,15.479289185260109,0.6059741400124216,0.20464943082847858,0.03381660830524855,12.836240145726343,81.539,GOOD,SYNTHETIC_RESEARCH_BASED,ML_TRAIN_TEST_DEVELOPMENT_ONLY,PCL literature-informed morphology + FTIR + mechanical latent-quality simulation,TRAIN
SYN_00973,144.20070109393924,27.955754019795364,0.45975203311982094,0.3858945486627753,0.22159017686470261,0.6768757602467244,0.5351728521995516,0.7642885934377165,6.666075142437389,1.7751074734458219,1724.5436164991302,0.9197040912929121,2938.5353408898263,0.5516089176138406,1231.4809928569862,0.5406584353275005,1.0913583013078383,0.4446844429196091,0.15096762889274243,0.014147022157403032,0.7394886487708855,10.565351355494878,0.4956813682271306,0.2164426984516889,0.02442837934029336,9.46479225982145,54.778,POOR,SYNTHETIC_RESEARCH_BASED,ML_TRAIN_TEST_DEVELOPMENT_ONLY,PCL literature-informed morphology + FTIR + mechanical latent-quality simulation,TRAIN
SYN_00974,170.10704386925894,28.331989618971868,0.3305599746733707,0.3407985217928418,0.2538432153356653,0.6901369254148675,0.6383561093761863,0.7543943502565073,6.5860337109804155,2.154320264916196,1726.4424276966552,0.9257791314230812,2937.590018240025,0.6072959632394718,1237.2778840162257,0.6186593881258113,1.5111628741982932,0.46355735408394877,0.15890481836862752,0.009580444916148982,0.6967250900827698,15.088907592732618,0.5084245606375875,0.26713533421085134,0.031135307624026304,12.659712074368285,72.86,GOOD,SYNTHETIC_RESEARCH_BASED,ML_TRAIN_TEST_DEVELOPMENT_ONLY,PCL literature-informed morphology + FTIR + mechanical latent-quality simulation,TRAIN
SYN_00975,145.7332335402187,34.82147156339693,0.3019453140718613,0.39429873622539874,0.24331769080038548,0.8006476673796546,0.6501109668895987,0.8199879460849184,5.7448661281918305,1.092289964974104,1716.3670742436996,1.068375856788141,2943.9922830207706,0.6624507463537334,1237.0601480581738,0.6270943414746012,1.2749538479211875,0.5385894023489859,0.15752871490808756,0.0051386794312570415,0.8944502952342562,13.461955984531667,0.6802160116626347,0.20874021198120465,0.03727998876710656,12.617317713912987,91.524,GOOD,SYNTHETIC_RESEARCH_BASED,ML_TRAIN_TEST_DEVELOPMENT_ONLY,PCL literature-informed morphology + FTIR + mechanical latent-quality simulation,TRAIN
SYN_00976,151.116161544,44.28173485463548,0.424395353035654,0.3275405162355149,0.1611491085878462,0.6746641929593502,0.4693229547569726,0.6506005343949635,6.217297734184017,2.179379018540364,1722.9795495426813,0.9124235955679463,2932.848308344437,0.6123690136542291,1234.401925120933,0.5857002230195889,1.1454209097989794,0.42181439452831393,0.1870109466550886,0.011786673795766697,0.7135654964374821,10.659969388293494,0.43032840140257383,0.3315327100775385,0.021241814424387336,5.532569515675647,43.69,POOR,SYNTHETIC_RESEARCH_BASED,ML_TRAIN_TEST_DEVELOPMENT_ONLY,PCL literature-informed morphology + FTIR + mechanical latent-quality simulation,TRAIN
SYN_00977,154.06914509825256,33.75441795054605,0.3490537152620816,0.4111837350666371,0.1959635157795261,0.7349381269095778,0.6722812749780067,0.8053471319109017,6.492193978433409,1.3719011027069352,1716.6058553096059,1.0189139516982382,2944.8147935843513,0.6905514650652492,1238.7184650533352,0.6777665980773361,1.2657586971550059,0.5118461928671245,0.17597011927229883,0.009225301393408427,0.7989216962618836,15.695654756222503,0.4667525794018803,0.3094767904559369,0.03130499416996536,13.704579891380025,80.711,GOOD,SYNTHETIC_RESEARCH_BASED,ML_TRAIN_TEST_DEVELOPMENT_ONLY,PCL literature-informed morphology + FTIR + mechanical latent-quality simulation,TRAIN
SYN_00978,171.62959364811405,25.307796441437333,0.327798868373627,0.41076206209651006,0.23877179096923246,0.7349162403494863,0.6368752014468637,0.7616254568333302,5.3398152245084125,1.4819995995660753,1721.586074044598,0.9318949699967973,2939.147147408822,0.7702278817770827,1237.8707191219312,0.6074561800271765,1.2530834595721803,0.5289194877004754,0.13887364288360168,0.0022252782176667993,1.0097791461274175,14.836676022524134,0.681983800879925,0.21552740565303566,0.040466186022282614,14.059467617818354,87.369,GOOD,SYNTHETIC_RESEARCH_BASED,ML_TRAIN_TEST_DEVELOPMENT_ONLY,PCL literature-informed morphology + FTIR + mechanical latent-quality simulation,TRAIN
SYN_00979,160.03977623518307,40.674775291742705,0.3413053361812579,0.412834390628322,0.2425194830456397,0.7508399575030524,0.740413164797144,0.8097677349610078,5.029228448761453,1.368525698515726,1715.948936111207,0.9464296495471822,2937.1892536359433,0.7173759875436491,1243.5048038898365,0.5686683319062664,1.205301407809793,0.502052571834298,0.15036981259244137,0.004098454212900127,0.7595733536995131,17.97839853005615,0.6482531771568979,0.23932230931802484,0.03376765217500984,9.289032059017877,79.471,GOOD,SYNTHETIC_RESEARCH_BASED,ML_TRAIN_TEST_DEVELOPMENT_ONLY,PCL literature-informed morphology + FTIR + mechanical latent-quality simulation,TRAIN
SYN_00980,148.84921183612735,39.25380693592145,0.4316535804965099,0.3111218050160322,0.22950623827477415,0.6256000589693591,0.3377882807153516,0.6941896165807881,5.846510216663406,2.1062797789730046,1726.6409602558897,0.8095203433159418,2945.0900627748993,0.5531613899754203,1244.1221244520164,0.5628678289487202,1.1358025265774643,0.4040711238481239,0.1689315196743145,0.01697123915670418,0.49612690166993134,7.759294065494069,0.4008388904558571,0.2974483719713959,0.01528857611705727,4.9988049889882475,30.733,POOR,SYNTHETIC_RESEARCH_BASED,ML_TRAIN_TEST_DEVELOPMENT_ONLY,PCL literature-informed morphology + FTIR + mechanical latent-quality simulation,TRAIN
SYN_00981,135.15100847884858,43.84151836712037,0.3883317991959607,0.33884024022898157,0.1736077872177121,0.537649575365368,0.4054971792437017,0.6838028071161122,5.862439513822215,1.761812437489867,1714.096227679966,0.8933550979183976,2942.388494160578,0.6617725307428842,1230.9825957473452,0.5451590532174119,1.2478855321211244,0.44008517935765407,0.16579307832045678,0.008962985637414931,0.6101542331887561,12.448611082108787,0.4330286304368562,0.19266136998341776,0.025172250498610382,7.964690711998632,52.736,POOR,SYNTHETIC_RESEARCH_BASED,ML_TRAIN_TEST_DEVELOPMENT_ONLY,PCL literature-informed morphology + FTIR + mechanical latent-quality simulation,TRAIN
SYN_00982,128.3802369652751,41.3886732045794,0.3380408901310497,0.3950233220172228,0.218981468737701,0.7433441970215618,0.5315031683984789,0.7696141256624016,5.569848996905683,1.346773271908578,1722.6006437186602,1.0275204122827855,2938.8572137572846,0.7384697232052494,1251.9929562248678,0.6294853973124477,1.2652263617728505,0.467359870520839,0.16682849493372687,0.009414991526069253,0.9267551178806968,13.59800152579815,0.6748374089442755,0.2919236267472195,0.040587903683077825,10.225439292588938,75.011,GOOD,SYNTHETIC_RESEARCH_BASED,ML_TRAIN_TEST_DEVELOPMENT_ONLY,PCL literature-informed morphology + FTIR + mechanical latent-quality simulation,TRAIN
SYN_00983,159.2001167435686,30.25864895417618,0.3408891357682593,0.3258489782975822,0.19922602105139212,0.6700393352648769,0.6636339252064871,0.6570983368692377,4.767568308568807,1.3641566322146368,1715.361086450356,0.9339820868641667,2941.5677487555217,0.5949054536492264,1243.2588661103027,0.6417851853456888,1.2075916174219408,0.42459807532497484,0.12376378123867254,0.00953515850975372,0.6809337785207122,15.530932639797163,0.5650147947971238,0.22791174446778434,0.026421875788031388,7.605247537888566,66.556,POOR,SYNTHETIC_RESEARCH_BASED,ML_TRAIN_TEST_DEVELOPMENT_ONLY,PCL literature-informed morphology + FTIR + mechanical latent-quality simulation,TRAIN
SYN_00984,146.28827748340558,33.88236230875446,0.40487070173804046,0.38708252170918667,0.1642057501447033,0.5465137882744191,0.28766620172032376,0.6347437611313101,5.992126771322889,2.1259106543518675,1720.6727238947703,0.9547442078548434,2937.9832713201,0.5521393485923386,1226.8705953527003,0.497971243541885,1.0404983144094724,0.43351618269394543,0.15256366475038322,0.01595644791588602,0.5640159725784928,11.607463565241819,0.4270046412435856,0.3478028084575115,0.014803350463508337,5.400326689305,38.003,POOR,SYNTHETIC_RESEARCH_BASED,ML_TRAIN_TEST_DEVELOPMENT_ONLY,PCL literature-informed morphology + FTIR + mechanical latent-quality simulation,TRAIN
SYN_00985,173.17201104014103,37.538251370851015,0.29277508169788524,0.43244777976935045,0.2185454705631919,0.7441162563913255,0.6882995131853313,0.808233608191848,3.989928365812776,1.3247361851696873,1723.4363811351882,1.0806939177665902,2948.67290199834,0.7214480769420182,1234.9759028666597,0.5664358501895722,1.379152590343413,0.5519138203036621,0.12094064401489163,-0.0033077736099891095,0.9590972121662406,18.28469727149205,0.6502326881980275,0.16849138500009178,0.03847155254963641,12.37503560664454,91.664,GOOD,SYNTHETIC_RESEARCH_BASED,ML_TRAIN_TEST_DEVELOPMENT_ONLY,PCL literature-informed morphology + FTIR + mechanical latent-quality simulation,TRAIN
SYN_00986,122.90534859305512,28.57154091878261,0.40275303627835224,0.3391269613543679,0.18505149248060992,0.6712187669248765,0.4392222475863733,0.7410020505587298,6.855453871310256,1.736373546153582,1718.6421252499192,0.8360505859464752,2941.0701166428694,0.5619100974170741,1242.1806044497616,0.48147057537565696,1.2975285429174952,0.49754392801989317,0.17002107988198817,0.0068597126142814395,0.8207743871459683,14.823036149035428,0.5371925166573368,0.35360397849788755,0.028322378399621168,12.285677242813382,62.322,POOR,SYNTHETIC_RESEARCH_BASED,ML_TRAIN_TEST_DEVELOPMENT_ONLY,PCL literature-informed morphology + FTIR + mechanical latent-quality simulation,TRAIN
SYN_00987,148.8941829279949,39.37034265069233,0.3435958692166386,0.4081363685427761,0.2065406182896643,0.7010365575602557,0.5669301626520882,0.6829972593005625,5.165856750567945,1.300699047869015,1719.2191340476384,0.9676695499942483,2943.633165468611,0.7415250226808565,1232.1391967646653,0.6339239045724967,1.1398855475535536,0.4493424881342985,0.11759401921712154,0.005988400839228388,0.6723405395908709,14.471143624284785,0.42593194234245324,0.328532647255448,0.029211123143264763,8.596859985685784,51.866,POOR,SYNTHETIC_RESEARCH_BASED,ML_TRAIN_TEST_DEVELOPMENT_ONLY,PCL literature-informed morphology + FTIR + mechanical latent-quality simulation,TRAIN
SYN_00988,166.326421499614,39.38595344503256,0.38883977415782744,0.3152622909345398,0.14379275639416994,0.6389551997241147,0.41203929274630735,0.6611703131746667,5.864584574439391,1.8830412953256963,1733.353138668922,0.8220676131590402,2929.373673537009,0.6195191339852213,1247.9212762077839,0.5931400917586848,1.0201928243735212,0.41152394388364044,0.1743990687321996,0.011688184626672609,0.5081732461700292,12.124789763977983,0.34114662183557604,0.3021081723170861,0.01309667510848722,7.478782717210867,37.08,POOR,SYNTHETIC_RESEARCH_BASED,ML_TRAIN_TEST_DEVELOPMENT_ONLY,PCL literature-informed morphology + FTIR + mechanical latent-quality simulation,TRAIN
SYN_00989,126.55569065800842,29.984813867703387,0.33540069721920573,0.40424157018936946,0.2414950468057629,0.7763633314845892,0.9267401649714226,0.7727160572623842,5.655856788861428,0.8092749105577981,1717.5347779347228,1.060883230472918,2949.859870159864,0.7054476981677773,1228.1674443675672,0.5145790106797756,1.2981936112400934,0.5363342906924549,0.1668057570588292,0.003230205528426223,1.2,18.282480986043442,0.5671343974178454,0.2022394825512478,0.035808109226586504,13.011377578767233,96.43,GOOD,SYNTHETIC_RESEARCH_BASED,ML_TRAIN_TEST_DEVELOPMENT_ONLY,PCL literature-informed morphology + FTIR + mechanical latent-quality simulation,TRAIN
SYN_00990,161.47204831318464,27.515046988434477,0.3253820933591177,0.41102885859813026,0.24242267106597615,0.7468546777748,0.6859892761868835,0.7455638583057927,5.13129040989205,1.3062226809647561,1721.9479953007399,0.749555999788024,2943.8067044560157,0.8087252761114414,1244.0805975639194,0.5715597861506062,1.242400805488678,0.5301425901843305,0.1437210499901309,0.018853042014177736,0.8865106899507942,13.607664264185331,0.6330201740993174,0.28239361902020965,0.03626456126881851,10.813928878185134,74.175,GOOD,SYNTHETIC_RESEARCH_BASED,ML_TRAIN_TEST_DEVELOPMENT_ONLY,PCL literature-informed morphology + FTIR + mechanical latent-quality simulation,TRAIN
SYN_00991,161.9914180999561,39.26027331039996,0.3515508015981368,0.4554288505344906,0.22614344638767922,0.758585619136011,0.7159046830687128,0.78749980883895,5.60536726631047,1.801773032254177,1724.9186858624332,0.7714521955329763,2948.3771254416633,0.7410374219832291,1233.771978758677,0.5933836896743154,1.4465497379064842,0.5180875717773425,0.12885814890003056,0.000433295070307203,0.9126239764070475,15.21714106413411,0.6357970081459497,0.29220696919280764,0.05456841181110395,14.046672562645092,95.343,GOOD,SYNTHETIC_RESEARCH_BASED,ML_TRAIN_TEST_DEVELOPMENT_ONLY,PCL literature-informed morphology + FTIR + mechanical latent-quality simulation,TRAIN
SYN_00992,159.28364278171037,37.90181454105404,0.46273204084175396,0.30925664527207036,0.14375328879766328,0.5937085569224811,0.3409975999306473,0.6641643422863237,5.713918339215535,2.0473687201515722,1726.2192892311157,0.839106217598098,2937.307738455383,0.5808049193239166,1245.9498571512854,0.4725079601672594,1.1766639755956425,0.36989767770992377,0.17186007202371156,0.01442356258641207,0.5142502715719187,10.963353078255574,0.37120376379123343,0.3114990122951739,0.029444165397881188,6.499946260638523,41.498,POOR,SYNTHETIC_RESEARCH_BASED,ML_TRAIN_TEST_DEVELOPMENT_ONLY,PCL literature-informed morphology + FTIR + mechanical latent-quality simulation,TRAIN
SYN_00993,155.68244924218573,49.542167773564906,0.4330218187221305,0.31401859269612803,0.14773307196068033,0.5559264314830155,0.3396760421249165,0.6290409556306503,7.373387374805217,1.7779283294897725,1722.2877991560829,0.9947797084803557,2939.931568570799,0.611729628660572,1246.5771951037625,0.5749328585969283,0.9760068931887239,0.38718205716261744,0.17398143405757183,0.02357511327868724,0.5090755266202072,9.753257829045978,0.31258463081382565,0.25456568172983307,0.016882114025392494,6.4529017377988405,34.999,POOR,SYNTHETIC_RESEARCH_BASED,ML_TRAIN_TEST_DEVELOPMENT_ONLY,PCL literature-informed morphology + FTIR + mechanical latent-quality simulation,TRAIN
SYN_00994,146.27747152705948,36.01199897663294,0.4034644822118686,0.37367265099220376,0.1827592265327288,0.6189684298311623,0.45965631977553706,0.7844833133184212,6.254565095085206,1.1053738613486301,1717.7249363610417,0.9218308481711318,2942.118270202813,0.7149445731912115,1238.9234826543407,0.4973662926325306,1.041059543765452,0.5127409897027397,0.16709446709242887,0.013601740875533301,0.8095774679784015,14.680051115328755,0.4972523500533683,0.3243200140588819,0.019960062240878484,10.403132097555616,55.55,POOR,SYNTHETIC_RESEARCH_BASED,ML_TRAIN_TEST_DEVELOPMENT_ONLY,PCL literature-informed morphology + FTIR + mechanical latent-quality simulation,TRAIN
SYN_00995,132.56351863458687,38.54267453490081,0.5108321862752511,0.29336000042236554,0.1309036186428265,0.5675967856846997,0.3723219720038644,0.6268276290213713,5.636122695412355,1.8429173589956367,1725.2552266340247,0.8728712149488481,2940.026226738606,0.643419592281843,1230.9843538885755,0.5353894269898909,0.9957110199866142,0.37721009969467806,0.20476633630710483,0.014465598682576929,0.5899017152014246,10.514959149235555,0.3893996456783153,0.28845846501855266,0.0067494858220126285,3.552084611403333,26.066,POOR,SYNTHETIC_RESEARCH_BASED,ML_TRAIN_TEST_DEVELOPMENT_ONLY,PCL literature-informed morphology + FTIR + mechanical latent-quality simulation,TRAIN
SYN_00996,132.24736655811466,26.488015937756543,0.3803995588689217,0.4031827429616423,0.23715849850888082,0.6731446679795663,0.6117807992282857,0.8174163516179002,4.497877806966875,1.3583422288007687,1723.0169605252413,0.9306379015021384,2928.5460546257355,0.579721426537107,1244.3808347453914,0.5863528689852067,1.225680996306965,0.45460880547863447,0.1515861491222297,0.005411944402507506,0.7219068610623914,12.86399250484505,0.6738800303765262,0.2597400245396274,0.02547828027599311,10.72048689321132,76.045,GOOD,SYNTHETIC_RESEARCH_BASED,ML_TRAIN_TEST_DEVELOPMENT_ONLY,PCL literature-informed morphology + FTIR + mechanical latent-quality simulation,TRAIN
SYN_00997,147.04858063370196,42.951067022206175,0.44013891854481435,0.3482989308634075,0.18151742403236273,0.6526285443897546,0.4484393556449071,0.6990013964466604,6.681017086745231,2.232041120294335,1733.0241759033006,0.8816357417361599,2941.6416673967383,0.7229023376217626,1254.8285162167085,0.5824335567364544,1.1330400580188755,0.39983397640588264,0.18318170368390493,0.011491632576593096,0.6023107891368904,12.008963863660117,0.42709618125539195,0.21111263194773883,0.021647675392795565,8.021895200038546,41.387,POOR,SYNTHETIC_RESEARCH_BASED,ML_TRAIN_TEST_DEVELOPMENT_ONLY,PCL literature-informed morphology + FTIR + mechanical latent-quality simulation,TRAIN
SYN_00998,136.11511975481386,31.16065514121131,0.36285523866069946,0.3633403980572006,0.1937329769623676,0.729660136736773,0.5392150621954104,0.6892096874960824,6.622539735817184,1.5786716102570075,1719.2359004821644,0.9477030177843576,2942.2039738614517,0.6025506045128177,1247.7316804582551,0.6151434526243871,1.3055296318569438,0.5423162541280198,0.15420147994269437,0.00645591832768577,1.0211978052069122,16.657283606159584,0.6981292368834483,0.14105527697103198,0.03245251620771606,10.503780363751885,78.268,GOOD,SYNTHETIC_RESEARCH_BASED,ML_TRAIN_TEST_DEVELOPMENT_ONLY,PCL literature-informed morphology + FTIR + mechanical latent-quality simulation,TRAIN
SYN_00999,146.870190179941,45.09113211941764,0.3407383792856792,0.38420515034690433,0.23034023378847612,0.6872219685140524,0.6359906461849903,0.7585262550278744,5.434236932554134,1.112032836252537,1729.066918002038,0.8646044095434117,2938.4926369405016,0.7795967487210875,1242.728667018767,0.6250797627748378,1.465270989127656,0.518146733375567,0.13869018142939987,0.0017068919151132502,1.0491421889831458,15.188157626307255,0.6393113958018484,0.20036735390799565,0.04586475465247831,14.59225647254307,81.549,GOOD,SYNTHETIC_RESEARCH_BASED,ML_TRAIN_TEST_DEVELOPMENT_ONLY,PCL literature-informed morphology + FTIR + mechanical latent-quality simulation,TRAIN
SYN_01000,140.96406615199328,29.163809797945753,0.38465418737596857,0.3418056572863263,0.1833027516069357,0.6847592566133451,0.5987792822499911,0.6629925536941053,6.013167123120092,1.4027501781319724,1718.0380712426168,0.904806727194205,2937.889573492834,0.6316935998283907,1231.2240951821611,0.587463093255383,1.367012424345589,0.5120935794342714,0.18014168431136815,0.009388371863989161,0.9955357290074565,16.303689983554555,0.5890960949253558,0.31015700940734936,0.03458966366711749,11.404673203765201,74.269,GOOD,SYNTHETIC_RESEARCH_BASED,ML_TRAIN_TEST_DEVELOPMENT_ONLY,PCL literature-informed morphology + FTIR + mechanical latent-quality simulation,TRAIN
SYN_01001,181.49017968560938,32.61580614301037,0.3079615029651638,0.41238397680602007,0.2554260079998927,0.7627927492019567,0.7042950260751454,0.7481649934638219,4.337657705496749,1.2339308112528855,1719.5882075229756,0.8527220106782878,2933.9791541404825,0.7398281144487517,1242.1850883647558,0.6032337106544632,1.4496408284102107,0.5192910905730392,0.15602969928338964,0.003571791455587153,0.9725237856591894,18.568004396192716,0.5059310503961737,0.2577300578556041,0.037149687203151587,13.346552983160448,90.711,GOOD,SYNTHETIC_RESEARCH_BASED,ML_TRAIN_TEST_DEVELOPMENT_ONLY,PCL literature-informed morphology + FTIR + mechanical latent-quality simulation,TRAIN
SYN_01002,162.85771821227323,32.98418775835093,0.33718508830042665,0.41816659892810115,0.2686384507755192,0.7721317578137264,0.717949044417592,0.7208856505201953,5.322773065939398,1.22671589047472,1727.864301689258,0.9111291291644577,2950.0083575529197,0.7508695041353578,1236.6254298044812,0.7786955919894598,1.357373582276637,0.5085751868225749,0.14516293737563507,0.0015240800997695417,1.0820426104104794,17.38452993148984,0.5841563925967093,0.18118233923102456,0.026270711259512497,14.01839892682151,93.313,GOOD,SYNTHETIC_RESEARCH_BASED,ML_TRAIN_TEST_DEVELOPMENT_ONLY,PCL literature-informed morphology + FTIR + mechanical latent-quality simulation,TRAIN
SYN_01003,141.84655068717373,55.97404387260137,0.48530582316493187,0.3587813043198038,0.18262658839877474,0.6072408369088105,0.43321063140817917,0.683393740284124,5.734827905834142,2.059965540370334,1716.2647105683532,0.8539437321677434,2934.5359321339865,0.5231091233553036,1249.612392138811,0.4491627353963896,1.1452982882978957,0.36230489422128787,0.1602211402322677,0.00824694920883802,0.7539769409094309,11.325339572402896,0.3422655312754067,0.260717431825753,0.009341852616931462,6.240725003312931,43.252,POOR,SYNTHETIC_RESEARCH_BASED,ML_TRAIN_TEST_DEVELOPMENT_ONLY,PCL literature-informed morphology + FTIR + mechanical latent-quality simulation,TRAIN
SYN_01004,144.09688053580314,25.537872612800115,0.36382104200704823,0.3896118215944754,0.2611634307695128,0.7226514792305451,0.675085453672611,0.8000879163818719,4.460495589602099,1.0043928077835902,1721.4852920845187,0.8453819976484107,2929.9050444914974,0.7205309088517168,1239.9737104749988,0.6676360514778709,1.198824919000557,0.5467120427403265,0.13085686749787354,0.0042281454720759495,1.0056560677943949,19.54021615252554,0.682199668711306,0.17804404644654687,0.03527709226920228,11.635639106748773,89.91,GOOD,SYNTHETIC_RESEARCH_BASED,ML_TRAIN_TEST_DEVELOPMENT_ONLY,PCL literature-informed morphology + FTIR + mechanical latent-quality simulation,TRAIN
SYN_01005,175.02465394530682,32.47110394258733,0.38440916258256996,0.39958399097318525,0.22858100447913354,0.7114863086501103,0.7055193198689446,0.7813163809742832,4.971305955041508,1.6691071270795879,1711.22968345797,1.025745074621189,2946.1681898461025,0.6204132575680146,1242.5274945331607,0.5627813396721086,1.372814188145104,0.5319285836538836,0.17133331511420483,0.007026494182190837,0.7909037254529367,16.638479122612257,0.569616950497949,0.20947690410307948,0.02940308761391303,12.266064103537884,79.461,GOOD,SYNTHETIC_RESEARCH_BASED,ML_TRAIN_TEST_DEVELOPMENT_ONLY,PCL literature-informed morphology + FTIR + mechanical latent-quality simulation,TRAIN
SYN_01006,134.0789370785223,39.49796983712963,0.4843228344936717,0.33461493509610596,0.16578467133245972,0.6130107071736626,0.39876885763753933,0.6738573986324042,6.875368341504889,1.6875712233503977,1728.440995013921,0.8868181510306423,2962.9499431350323,0.4904913572626034,1245.318115670314,0.5171258498655448,0.9724399219292769,0.40804954252882003,0.2363305543332249,0.022738275172936737,0.7246379360833355,8.291956610182424,0.45817987922928727,0.37330647972136766,0.014049136970418255,7.2710904938472085,25.475,POOR,SYNTHETIC_RESEARCH_BASED,ML_TRAIN_TEST_DEVELOPMENT_ONLY,PCL literature-informed morphology + FTIR + mechanical latent-quality simulation,TRAIN
SYN_01007,162.51716196827985,24.103220829968805,0.3727673378699356,0.4559033046954599,0.24950402916888842,0.7494457492373288,0.6046280783059694,0.7469417994669088,4.350650636172489,1.495462732455899,1718.157580984527,0.8833021418343792,2949.4165669083627,0.663341421673493,1236.0831040624043,0.5222440470559635,1.3604712259834606,0.46119836765240907,0.13090070837336892,0.0075419242849915505,1.122586907223983,17.742132180261297,0.639519953935067,0.3004099861958625,0.035898373136770204,12.29737963238186,82.602,GOOD,SYNTHETIC_RESEARCH_BASED,ML_TRAIN_TEST_DEVELOPMENT_ONLY,PCL literature-informed morphology + FTIR + mechanical latent-quality simulation,TRAIN
SYN_01008,138.77491433041254,30.59831815274478,0.3780662825117254,0.3232450330719199,0.19935284327603406,0.6818980499669924,0.5920222212060704,0.7282089572330466,5.357230461105644,1.2888566219625108,1718.6921439467587,0.882425761600344,2939.925144736056,0.7503805615709206,1251.7493823653726,0.48220845400396234,1.1654323947232552,0.4496983812192936,0.1580635133446179,0.013404279036511663,0.6940371007899115,12.346243135236696,0.4942211922149674,0.40028845389382417,0.021150691227568463,7.733865868949427,62.233,POOR,SYNTHETIC_RESEARCH_BASED,ML_TRAIN_TEST_DEVELOPMENT_ONLY,PCL literature-informed morphology + FTIR + mechanical latent-quality simulation,TRAIN
SYN_01009,145.56208116512937,22.606738664182096,0.26811617146161293,0.36754027603797623,0.2168912441969942,0.7206350486404296,0.6509709620638459,0.7612438821945189,5.188596139582402,0.8869458292503105,1723.3181514099729,0.8202648206050323,2950.25810969922,0.6505585630482501,1238.7908638932865,0.624692978283891,1.3935442117133223,0.55027149892919,0.18765135425505403,0.009070265604712186,0.7364766575665902,16.595263559676802,0.6092196731224003,0.2555066045922287,0.037715980777489645,13.09229473190727,77.638,GOOD,SYNTHETIC_RESEARCH_BASED,ML_TRAIN_TEST_DEVELOPMENT_ONLY,PCL literature-informed morphology + FTIR + mechanical latent-quality simulation,TRAIN
SYN_01010,157.09348758012734,31.876614748386867,0.2597948896695925,0.39992586939556674,0.25815466339463605,0.7545618351786529,0.7659181769524966,0.7830746015347619,5.764960375791179,1.7733060809855263,1724.87570402045,0.9665715923859324,2947.9132880522347,0.7005050718927076,1246.2828546439475,0.6637778150477506,1.441541178715957,0.5069588724959576,0.1841849227497944,-0.000776837548241047,0.9212450383854275,15.337887904062036,0.5588630407437383,0.2686838815986852,0.035659381273032975,10.392257825476827,85.696,GOOD,SYNTHETIC_RESEARCH_BASED,ML_TRAIN_TEST_DEVELOPMENT_ONLY,PCL literature-informed morphology + FTIR + mechanical latent-quality simulation,TRAIN
SYN_01011,139.6202613504102,35.422094204259054,0.371690005187408,0.3679689380409502,0.16522294728549664,0.6577888482963598,0.5874692076626945,0.6636145203093838,6.095352375619515,1.8074670674270823,1731.9178177461727,0.9548363576098623,2932.0939150530207,0.6267381711106214,1231.0543435257496,0.5847876730828103,1.27938077728177,0.5012659219056055,0.1530822582930839,0.010219223746367571,0.8828465673648982,16.89553289573656,0.6302376190690897,0.23384724855311612,0.04143583117077645,10.610653573343422,65.831,POOR,SYNTHETIC_RESEARCH_BASED,ML_TRAIN_TEST_DEVELOPMENT_ONLY,PCL literature-informed morphology + FTIR + mechanical latent-quality simulation,TRAIN
SYN_01012,171.20667136459906,38.30077247266309,0.33270381308868435,0.3792056934775861,0.25623890992810744,0.7794812738957361,0.6897707596875859,0.7033932593594338,5.525828197983485,1.159485433581463,1720.9549872009457,0.8907464912531203,2934.722427317218,0.6682752545200021,1240.483398166791,0.49216968445970183,1.3606332114685797,0.5251112509460361,0.14383158768216092,0.005176432543816182,0.8107560740320973,16.258934776942983,0.7135981832236248,0.2211394910458092,0.03887491378661667,13.202539035646575,75.476,GOOD,SYNTHETIC_RESEARCH_BASED,ML_TRAIN_TEST_DEVELOPMENT_ONLY,PCL literature-informed morphology + FTIR + mechanical latent-quality simulation,TRAIN
SYN_01013,137.3812471354911,31.95049096214896,0.370250600433663,0.35002121166457867,0.184331819585475,0.6818256762153232,0.5205867933039909,0.7532174298502435,6.044708812588611,1.432631769812549,1725.601427052522,0.9148365903159054,2943.8212553102485,0.6103603755787957,1235.721860274743,0.5610772362752002,1.1479994854493396,0.5148181721742234,0.15335911351115733,0.01209238965815508,0.5341102322623592,14.650506059226322,0.4674760418022608,0.29251960365488905,0.018789819939144265,6.033296523154834,46.563,POOR,SYNTHETIC_RESEARCH_BASED,ML_TRAIN_TEST_DEVELOPMENT_ONLY,PCL literature-informed morphology + FTIR + mechanical latent-quality simulation,TRAIN
SYN_01014,160.64813133377592,28.524332769476427,0.4689660507793126,0.34875677031310437,0.17524115787382924,0.5467602395937002,0.31333684975635223,0.6521175694587172,6.088000966266347,2.1378129952157114,1718.0710153518419,0.7536126566977479,2926.8894281293788,0.6283051056983238,1242.3964002450184,0.5592872559096085,1.1865334800228338,0.4239271915325558,0.15987753071459104,0.014489304587992724,0.5657092882575017,12.429920544753045,0.2746573597551917,0.21982364701946594,0.00917037795531557,4.665544230859043,30.588,POOR,SYNTHETIC_RESEARCH_BASED,ML_TRAIN_TEST_DEVELOPMENT_ONLY,PCL literature-informed morphology + FTIR + mechanical latent-quality simulation,TRAIN
SYN_01015,167.19049467762974,31.163994220903977,0.39276467006685956,0.3001572415497577,0.16991578179614242,0.5818648415669375,0.46146772138082576,0.6826410607208411,7.014460546927312,1.9984992076019985,1722.0583981975933,0.7913312214058854,2950.8598068895026,0.7524863975240335,1241.1321108465925,0.5463795588529571,1.1020432987749968,0.4724063624068318,0.1945869798732751,0.014337878118598874,0.6407667461318723,11.470121312289756,0.5641893204041296,0.272071271851765,0.014657033591120557,9.147373081505194,52.57,POOR,SYNTHETIC_RESEARCH_BASED,ML_TRAIN_TEST_DEVELOPMENT_ONLY,PCL literature-informed morphology + FTIR + mechanical latent-quality simulation,TRAIN
SYN_01016,172.34234453190788,39.00229970725482,0.27534533746365664,0.38164627344047863,0.23716450064543737,0.7061503368304277,0.6798969514079322,0.7778392363139345,5.726464665040327,1.404321704384674,1727.157221495854,0.9426056380046426,2938.411798891247,0.7146871320255084,1237.5267684047099,0.617599591212276,1.143714042002396,0.5043872486633904,0.12562273815387487,0.008339982289294529,0.9689162103454947,18.188244798043815,0.7803696553381552,0.23459712710405628,0.05376273132330826,15.255175652111866,87.202,GOOD,SYNTHETIC_RESEARCH_BASED,ML_TRAIN_TEST_DEVELOPMENT_ONLY,PCL literature-informed morphology + FTIR + mechanical latent-quality simulation,TRAIN
SYN_01017,167.52463085335182,39.603511903747275,0.330668310849716,0.3572123537617321,0.23782326531664857,0.7268306874208155,0.7218575892664159,0.7863639416488745,5.572901202923345,1.4623532501229772,1717.3974985104899,1.0205344971637822,2932.0355137775746,0.769849958319413,1245.889102252568,0.5084759189048009,1.2994492695022102,0.525971137293575,0.1607587064728541,0.0053420577974466164,1.0198726930921,13.210220035584998,0.615162841731096,0.2768125321683282,0.029275297047702382,13.169941370455598,74.361,GOOD,SYNTHETIC_RESEARCH_BASED,ML_TRAIN_TEST_DEVELOPMENT_ONLY,PCL literature-informed morphology + FTIR + mechanical latent-quality simulation,TRAIN
SYN_01018,147.96875520768526,38.2163851145045,0.33375500517061424,0.3797600976384621,0.21588403893260802,0.725216224366074,0.6217537191214393,0.8049334931795349,5.5751256214315115,1.072455747277204,1730.2976950465768,0.9127845370365382,2943.2771510080775,0.6998287454423742,1244.8777370779735,0.6593488882699488,1.3758120390915969,0.5357465671830262,0.15231667247270403,0.0109260875786878,0.9669887115862051,19.024166770893054,0.648196320965173,0.30081233717389244,0.048080508385373526,12.655098775641138,87.276,GOOD,SYNTHETIC_RESEARCH_BASED,ML_TRAIN_TEST_DEVELOPMENT_ONLY,PCL literature-informed morphology + FTIR + mechanical latent-quality simulation,TRAIN
SYN_01019,153.15156642895798,40.080923041588015,0.4354076035585479,0.2620689574166263,0.16156335936958705,0.6330495459924662,0.3816105345627727,0.5935062495896782,6.793550474818083,1.7363306299006247,1723.0786590497555,0.8993161084475068,2942.3800653649587,0.6146976934081819,1239.3576317258307,0.6320244241023264,1.1109553088069828,0.44290334476643817,0.18313864539462157,0.01905366203107838,0.6056504148120175,11.315641197469475,0.4706635952888226,0.3549910481661598,0.007954805102536764,7.737207285932529,29.986,POOR,SYNTHETIC_RESEARCH_BASED,ML_TRAIN_TEST_DEVELOPMENT_ONLY,PCL literature-informed morphology + FTIR + mechanical latent-quality simulation,TRAIN
SYN_01020,180.3810858906553,44.26845929123574,0.3945526217970233,0.3264520206765747,0.17471559175076687,0.582678491616654,0.38401721930084515,0.638531907839603,7.633271772944418,1.7744414959200525,1713.3671438151232,0.9373919083243222,2934.9734752201985,0.6333250132509057,1242.8597337818865,0.5711658936487815,1.034639637484744,0.41019264501749864,0.1885660552970927,0.017272360304480903,0.41802250574100064,9.10554317651479,0.36810620931148924,0.34114243791813104,0.013667792530949362,6.171242692610521,34.659,POOR,SYNTHETIC_RESEARCH_BASED,ML_TRAIN_TEST_DEVELOPMENT_ONLY,PCL literature-informed morphology + FTIR + mechanical latent-quality simulation,TRAIN
SYN_01021,154.64880562886742,37.42776234603803,0.32503409791487875,0.36310368555941847,0.2047646412885528,0.6729084873052642,0.5297523117079173,0.7532059254716725,5.79104205693465,1.9091034329182879,1721.8347251282623,0.9764677358271354,2940.838785012229,0.6561297706937536,1239.390767354599,0.6652706620254139,1.4944726370541275,0.5088611864391136,0.15508352803995576,0.012117092347422795,1.0420414266310951,16.048505419743783,0.5465725937516844,0.3002279199394152,0.03390950696503323,11.312229983391846,76.922,GOOD,SYNTHETIC_RESEARCH_BASED,ML_TRAIN_TEST_DEVELOPMENT_ONLY,PCL literature-informed morphology + FTIR + mechanical latent-quality simulation,TRAIN
SYN_01022,129.5436226035451,33.71894498118491,0.3490586204967896,0.4095340473373446,0.22216480288292836,0.7638639789185948,0.7509284125143525,0.7588693923160558,4.954169092486784,1.0860212819514024,1724.6676367889156,1.0592337591718946,2934.8416342317864,0.836075461819594,1240.754618333789,0.5758180651058041,1.235631378113035,0.5341409005855062,0.14045983336549203,0.0008112759191130615,0.8641632716442651,19.298917030755874,0.6485153728851221,0.2464730068284739,0.04122078498722255,14.687403811716234,91.831,GOOD,SYNTHETIC_RESEARCH_BASED,ML_TRAIN_TEST_DEVELOPMENT_ONLY,PCL literature-informed morphology + FTIR + mechanical latent-quality simulation,TRAIN
SYN_01023,170.2951928963462,40.93995794157608,0.35925690881144245,0.3514762935268779,0.2083762538508518,0.722410492233738,0.4964767218224456,0.7574448702064813,6.821291049554385,1.8620355170940721,1711.8177972046553,0.7554674205436125,2947.793395840877,0.6075956875293934,1249.0507052142432,0.46671700748459916,1.0658965036207135,0.44956309601726113,0.1302949766671157,0.013514144041991657,0.9035419432726179,12.09036671167973,0.3950826999333728,0.3683743553989792,0.03249013529967096,8.806026901516422,54.274,POOR,SYNTHETIC_RESEARCH_BASED,ML_TRAIN_TEST_DEVELOPMENT_ONLY,PCL literature-informed morphology + FTIR + mechanical latent-quality simulation,TRAIN
SYN_01024,162.05494725029743,33.94809637802874,0.41947874234956467,0.3836566892151305,0.21654743858817874,0.70400040523038,0.6440731226082426,0.7892174391962422,5.66995959513417,0.969215475629086,1727.304944065359,0.9858627142540108,2946.54378854843,0.7376888112938421,1240.6450698818915,0.5340896006704403,1.2318631199728416,0.4737046048040229,0.2040702834999808,0.0007798820782223721,0.7713377821980291,17.345434126016197,0.6824825659756187,0.22060486615925645,0.029573337153320018,11.541316352738539,65.338,POOR,SYNTHETIC_RESEARCH_BASED,ML_TRAIN_TEST_DEVELOPMENT_ONLY,PCL literature-informed morphology + FTIR + mechanical latent-quality simulation,TRAIN
SYN_01025,136.00384030283544,32.56966752820943,0.24202254458650857,0.39750734944947164,0.2408450336149248,0.7349745973915219,0.6918996594487434,0.7528352206308048,4.545542980686585,1.047176591711428,1718.757066959313,0.9683273613496068,2947.062957767028,0.6821399175081647,1237.305420103469,0.5181761033768103,1.3400159832479146,0.5519896615391123,0.14824281176855542,0.004169157349560465,0.9051809891427349,16.2467983090601,0.5916268133396466,0.21084494107160248,0.038785175396091116,13.782436083453867,90.162,GOOD,SYNTHETIC_RESEARCH_BASED,ML_TRAIN_TEST_DEVELOPMENT_ONLY,PCL literature-informed morphology + FTIR + mechanical latent-quality simulation,TRAIN
SYN_01026,135.50932594169743,32.10653741735057,0.40003718419876205,0.34970990417586734,0.16317981338790916,0.6286874271666751,0.4129441626839337,0.6156257956177057,7.263097328453198,2.016692507423283,1722.7453644468785,0.9136464954082943,2934.4239587111483,0.5868836177728607,1237.6817908325143,0.5921329149903235,1.2181502745580681,0.4907850930314263,0.17076245901133377,0.008208045532527792,0.8247869456555065,17.728914415704896,0.5330544163306257,0.23040808610487531,0.033370624963747764,10.688342055072953,63.213,POOR,SYNTHETIC_RESEARCH_BASED,ML_TRAIN_TEST_DEVELOPMENT_ONLY,PCL literature-informed morphology + FTIR + mechanical latent-quality simulation,TRAIN
SYN_01027,143.5590309217562,36.52853258246924,0.345227930882446,0.3185874514673651,0.23294128963516703,0.661078545192157,0.6060260949056413,0.7561689863865105,3.944279618217071,1.4610309618855404,1724.714429744012,0.9719279579703569,2943.9206247828924,0.6698319465435644,1240.1248327608248,0.6710245139815451,1.3169875685464827,0.5389203719132531,0.17615735699897822,0.0057201717564464806,0.8580250266376952,15.400505826899211,0.6745882022985721,0.24672400969046682,0.02865763255675271,9.851837902406539,76.4,GOOD,SYNTHETIC_RESEARCH_BASED,ML_TRAIN_TEST_DEVELOPMENT_ONLY,PCL literature-informed morphology + FTIR + mechanical latent-quality simulation,TRAIN
SYN_01028,171.74038681236226,31.155778036561774,0.36587396781816517,0.36724251460092644,0.20514749534394336,0.6979904099559066,0.6293129471506991,0.7744691546244926,6.354057344529568,1.0802614616052484,1717.5321071674305,0.8782966512953065,2938.0783885366527,0.6852243336908117,1242.4128153803163,0.5295170880022071,1.2304775548248057,0.5192201426461537,0.17556654285561318,0.01630795668724628,0.9120311058003657,15.237498024616437,0.7144880255831304,0.18015691615235258,0.033894593034082564,12.426410744871319,76.129,GOOD,SYNTHETIC_RESEARCH_BASED,ML_TRAIN_TEST_DEVELOPMENT_ONLY,PCL literature-informed morphology + FTIR + mechanical latent-quality simulation,TRAIN
SYN_01029,183.2955552882405,42.67346176399721,0.32490410351420096,0.39067841426659083,0.21634042643981066,0.7172753357196429,0.684455233143123,0.6917531120724812,5.635523183277191,1.0453147951133133,1733.3244666527728,1.0599834605719027,2943.252718609939,0.6887249707263864,1236.275577994891,0.43161381102753693,1.2417339707499242,0.4839368936531818,0.16726446161960082,0.009207257379782284,1.0471445022375925,15.719986491129262,0.5447838899878591,0.20203545637976025,0.01832841863880904,10.426831472588963,77.71,GOOD,SYNTHETIC_RESEARCH_BASED,ML_TRAIN_TEST_DEVELOPMENT_ONLY,PCL literature-informed morphology + FTIR + mechanical latent-quality simulation,TRAIN
SYN_01030,146.95928931031824,48.317305233484696,0.4160601338127113,0.35841876510284565,0.2343119363797635,0.6408628124092537,0.49048205709168446,0.7237619620971177,6.473542255186349,1.8236712252832608,1720.5103646293217,0.8558712995860067,2939.685924256277,0.735082736625693,1240.7863066114885,0.45677761582003407,1.366453453031997,0.4797618796003897,0.16818834367046473,0.008563757446976695,0.665034915760558,14.321158780531734,0.5421180505921431,0.3002874492286267,0.033059101118183595,10.02157031868595,62.437,POOR,SYNTHETIC_RESEARCH_BASED,ML_TRAIN_TEST_DEVELOPMENT_ONLY,PCL literature-informed morphology + FTIR + mechanical latent-quality simulation,TRAIN
SYN_01031,136.08031003353165,40.72328123225464,0.43653932338748275,0.2988603804504395,0.17245170079199612,0.6068294128124201,0.38616022242249215,0.596070359867233,5.95417065724938,1.6769345719679305,1720.1377348375916,0.8071062065873792,2937.973436427385,0.562188529219997,1235.2091260484951,0.43880979524224234,0.9134711907849206,0.44821579001807754,0.19291551008736305,0.016813258527744526,0.4939831685687678,11.095302434980628,0.43021202828149535,0.3214954986150976,0.004680328044707523,8.775283351996325,34.162,POOR,SYNTHETIC_RESEARCH_BASED,ML_TRAIN_TEST_DEVELOPMENT_ONLY,PCL literature-informed morphology + FTIR + mechanical latent-quality simulation,TRAIN
SYN_01032,165.01410354354027,29.69660719068514,0.3114086032304859,0.3608638464847449,0.20325454182169644,0.7364700537602926,0.5680846845915037,0.8192829186369731,6.118982683895982,1.7359162510106305,1724.862851201432,1.0003003780288715,2939.829433496742,0.5631568660866144,1247.7802822764124,0.640064413803769,1.1159601527779668,0.4934351157095883,0.19392624147562043,0.004590641881971727,0.7949861978401745,17.465388907604925,0.6378900388891642,0.2534963729574479,0.032864149469630295,8.850977899271609,70.467,GOOD,SYNTHETIC_RESEARCH_BASED,ML_TRAIN_TEST_DEVELOPMENT_ONLY,PCL literature-informed morphology + FTIR + mechanical latent-quality simulation,TRAIN
SYN_01033,133.56091873183672,45.55627265969584,0.5155191566111079,0.34666559261789576,0.1857649128438227,0.6672993284060041,0.4668002453841578,0.7221389902488794,5.932844228472708,1.3705498485719483,1724.7786715930627,0.8932455759187926,2942.425637598985,0.575578085417252,1235.1983710975394,0.5322374919170086,1.316736605064818,0.5018563187490914,0.17607074666457917,0.010259443654182647,0.7828105881619056,10.872121098091988,0.5415108341204783,0.252298056461505,0.025219087193207004,9.606636751751783,53.159,POOR,SYNTHETIC_RESEARCH_BASED,ML_TRAIN_TEST_DEVELOPMENT_ONLY,PCL literature-informed morphology + FTIR + mechanical latent-quality simulation,TRAIN
SYN_01034,157.7917828524832,52.44786304233858,0.46404249885371635,0.30843234303196615,0.16648839727997036,0.5996793771224347,0.4770807551688291,0.5716686976301011,5.9547957248649395,2.2914835840705607,1725.4094712715198,0.8632921439345079,2947.7069651949823,0.6979896186571447,1244.3420757881825,0.6257270049535106,1.1044781930501653,0.4201168362502572,0.2217783258342431,0.010140134311132237,0.46549312868992837,9.630045239649718,0.4987353139564291,0.2703596623578615,0.014285134641232062,5.522234955716968,32.676,POOR,SYNTHETIC_RESEARCH_BASED,ML_TRAIN_TEST_DEVELOPMENT_ONLY,PCL literature-informed morphology + FTIR + mechanical latent-quality simulation,TRAIN
SYN_01035,111.80273987515677,42.322503728372574,0.4572114559313787,0.34443375943727994,0.14865982579874704,0.5575708623243512,0.4065607932836091,0.6587698874027006,6.20442800681946,2.055858965606537,1719.5755379229056,0.9556165372221588,2930.799778387539,0.6951201422267387,1249.0162964780677,0.5277169660542265,0.9402817226546186,0.4802935550286321,0.17507095552690358,0.016699728992334475,0.5855640053693938,11.63511531124626,0.3399987915194412,0.3510997564947999,0.016193215205991367,4.63571258477755,37.623,POOR,SYNTHETIC_RESEARCH_BASED,ML_TRAIN_TEST_DEVELOPMENT_ONLY,PCL literature-informed morphology + FTIR + mechanical latent-quality simulation,TRAIN
SYN_01036,181.9378047521933,21.638168226551855,0.3414872725203974,0.36873004690500266,0.2206499450561364,0.6200589697005249,0.48194349153545524,0.6948987069478988,5.423490323456427,1.5954516424342446,1722.251973131994,1.0375001228051162,2938.2801931920358,0.6303354863781561,1245.4579724258288,0.6672647046736124,1.388842507738596,0.4854853654853688,0.14270950452833908,0.01866686785930141,0.8032130882082478,14.07304125739799,0.6241405034776515,0.29324348239899767,0.0333744487101781,8.757048514897457,70.008,GOOD,SYNTHETIC_RESEARCH_BASED,ML_TRAIN_TEST_DEVELOPMENT_ONLY,PCL literature-informed morphology + FTIR + mechanical latent-quality simulation,TRAIN
SYN_01037,143.64472452051393,39.37439505125912,0.3036898490817524,0.41814021182091937,0.23123929345818448,0.7671886225986229,0.7448258878225957,0.7200291135819301,5.379024554643988,1.369761827866725,1718.1134301739417,0.9096533309952288,2941.17181073635,0.7175058089403699,1233.0238459463792,0.6666235692235172,1.3990274882283722,0.5247944982355063,0.1567294058651902,0.004470444497331403,0.9337736147411343,15.463636733823352,0.5470779356015212,0.21620831846099062,0.030512414254850885,13.555078608825784,92.054,GOOD,SYNTHETIC_RESEARCH_BASED,ML_TRAIN_TEST_DEVELOPMENT_ONLY,PCL literature-informed morphology + FTIR + mechanical latent-quality simulation,TRAIN
SYN_01038,166.63892791325367,38.64520325012018,0.32401589586838764,0.3433373366311518,0.21674778309034323,0.7073731828459003,0.6756606389831384,0.7518300704959926,6.142169671777953,1.967460494012755,1728.0679973973765,0.8344133507190805,2941.6942974522003,0.684453217108168,1236.47786156706,0.5325969783160234,1.1026312399283815,0.449147801921085,0.15131788995677978,0.01087972169711947,0.8258806752669493,19.207936172655472,0.5387508473609108,0.27559622899861536,0.023334319739452613,9.019441718370471,61.195,POOR,SYNTHETIC_RESEARCH_BASED,ML_TRAIN_TEST_DEVELOPMENT_ONLY,PCL literature-informed morphology + FTIR + mechanical latent-quality simulation,TRAIN
SYN_01039,143.37962108591682,36.415823896605346,0.3737088498649145,0.3726277869290786,0.23993495457594727,0.6599870743029526,0.5699162248399576,0.7180269974969032,5.476634609776388,1.1533663335388504,1719.9530626281464,0.9746114789793264,2934.669673475374,0.6376031308551117,1247.1556489525708,0.6031812973449733,1.2354601327495087,0.5503808736927757,0.16606951216711224,0.005980548128502392,0.9109242925850509,15.860150074583908,0.68083622787781,0.2842267158548569,0.03473110666401752,12.63850523561977,73.693,GOOD,SYNTHETIC_RESEARCH_BASED,ML_TRAIN_TEST_DEVELOPMENT_ONLY,PCL literature-informed morphology + FTIR + mechanical latent-quality simulation,TRAIN
SYN_01040,160.29874825359315,47.39886877882981,0.33785065965041877,0.3975754490097203,0.20817458131097238,0.7397565213014051,0.6621322932689353,0.7623362139768654,5.793674098642088,1.6418520747634515,1725.897401183934,0.8685893088801185,2936.47333894319,0.7055834499985507,1241.418432495961,0.5540894375441866,1.4198698713902642,0.5207721444241727,0.19690326186845053,0.016131020312599977,0.730218677645611,17.135303819664774,0.6290051147576066,0.2494473957437668,0.02908993392855419,9.151865791529154,78.492,GOOD,SYNTHETIC_RESEARCH_BASED,ML_TRAIN_TEST_DEVELOPMENT_ONLY,PCL literature-informed morphology + FTIR + mechanical latent-quality simulation,TRAIN
SYN_01041,156.11708289590385,32.874997613237426,0.3123431275073517,0.4285576863188509,0.23183692593443853,0.7169609001713665,0.6532690801837457,0.7698412278138496,6.0381991757439,1.6584773756958786,1714.1172195106105,1.0604313361748443,2931.207034228064,0.7645191082100009,1233.6677247780967,0.5691221720036219,1.3213951722298067,0.5059733655205437,0.14988467685706355,0.008779887176037811,0.9638074903748342,13.944184530918898,0.7056698303096258,0.35801385053935064,0.03185308047117798,11.14703886165354,79.189,GOOD,SYNTHETIC_RESEARCH_BASED,ML_TRAIN_TEST_DEVELOPMENT_ONLY,PCL literature-informed morphology + FTIR + mechanical latent-quality simulation,TRAIN
SYN_01042,172.16884762887528,33.22752635254764,0.3447905606275452,0.3473247436017511,0.19773059511965213,0.6845713918655154,0.5600126237679744,0.6582195924366764,5.404989495314394,1.6009231921228064,1712.016580036508,0.9208968268077593,2942.7299266628693,0.6603910761621814,1238.9315234705098,0.5434711096063337,1.2271800702636935,0.49795280643694434,0.20055589479460795,0.007265180528555209,1.0154845228891507,17.527817403462556,0.6271410387088299,0.2782751337304196,0.034405381878574774,7.78307975262022,66.226,POOR,SYNTHETIC_RESEARCH_BASED,ML_TRAIN_TEST_DEVELOPMENT_ONLY,PCL literature-informed morphology + FTIR + mechanical latent-quality simulation,TRAIN
SYN_01043,127.01460760824713,38.76577354476097,0.32451497083419606,0.4116558969674349,0.20960264030667872,0.7585714636617843,0.681854314306237,0.7700795655596941,6.179841262344928,1.5668735470890425,1723.7705371014285,1.0432143922719552,2939.7221291216797,0.8135417320460336,1241.7027650475463,0.6320295404832549,1.3879548544859899,0.5412100736582746,0.17434401793800108,0.008594662200911443,0.9952560795057033,19.02430662271796,0.6191562075779962,0.257553201004946,0.03747712287103755,15.351828235649293,87.887,GOOD,SYNTHETIC_RESEARCH_BASED,ML_TRAIN_TEST_DEVELOPMENT_ONLY,PCL literature-informed morphology + FTIR + mechanical latent-quality simulation,TRAIN
SYN_01044,153.50266634105435,35.38878737004256,0.35022710690692055,0.4420447492864618,0.23245648283257023,0.7329684518396147,0.5896252159373633,0.7313499436545623,4.70046856086194,1.5810321481937133,1724.7317913446086,0.9029323574454302,2945.7081613586893,0.5764679438721918,1239.9505749700888,0.639445351936671,1.2220739408693206,0.5548225423136026,0.14374408447740245,0.011761320131905851,0.8398132884925535,17.05266281585291,0.686082033261664,0.2360252843904264,0.04056118784702598,14.10412809379383,84.678,GOOD,SYNTHETIC_RESEARCH_BASED,ML_TRAIN_TEST_DEVELOPMENT_ONLY,PCL literature-informed morphology + FTIR + mechanical latent-quality simulation,TRAIN
SYN_01045,155.950958065526,23.847657301381005,0.3755844361307959,0.3693250768006016,0.19050545818069542,0.6433864854277077,0.549577044076599,0.7163744146623919,5.737516992986447,1.9545302456988973,1713.2977637361498,0.8114213611569921,2937.74838397537,0.5870308746734515,1238.2764752327203,0.5274179564516859,1.2094666752781416,0.48235020741406215,0.2033753037414457,0.006369613839416064,0.7127022099004984,15.47906746266065,0.5082606877737368,0.2954630097866632,0.015124515153908481,9.377528748017248,58.219,POOR,SYNTHETIC_RESEARCH_BASED,ML_TRAIN_TEST_DEVELOPMENT_ONLY,PCL literature-informed morphology + FTIR + mechanical latent-quality simulation,TRAIN
SYN_01046,162.0235713647402,40.43314452008205,0.34254112845855655,0.3654234780519889,0.20782889929005574,0.7126292224379364,0.6364921733959169,0.8052703272597762,5.4098745125647465,1.2937610738817709,1722.3586367129592,0.9448397279485652,2935.6728728498224,0.6990080567734792,1248.4490124023107,0.5715855753005898,1.2744251433820861,0.49581648455403254,0.14445234269088775,0.011415368374164228,0.7918844235472513,13.152367342373461,0.3911031884821059,0.24352486013569802,0.03337517817009454,11.592981536036865,74.366,GOOD,SYNTHETIC_RESEARCH_BASED,ML_TRAIN_TEST_DEVELOPMENT_ONLY,PCL literature-informed morphology + FTIR + mechanical latent-quality simulation,TRAIN
SYN_01047,162.29633459481354,35.111950555774236,0.33582776987752505,0.36654347420617545,0.20121777125568532,0.7230980069617936,0.6258122923881586,0.7408098627592267,5.094269932304199,1.6783951450260632,1719.8614053283327,0.831166200616101,2943.785312331916,0.7060267806837821,1244.0975888174157,0.5386956611043145,1.1696604340129595,0.46425061299092285,0.1346024658500819,0.010467230285818226,0.8019034856578018,17.167915522660827,0.6312709695431237,0.22584044812370663,0.03687674804222714,11.170627823033074,63.184,POOR,SYNTHETIC_RESEARCH_BASED,ML_TRAIN_TEST_DEVELOPMENT_ONLY,PCL literature-informed morphology + FTIR + mechanical latent-quality simulation,TRAIN
SYN_01048,170.554806284598,32.00237745978964,0.41337926944508463,0.3176312994190216,0.1981659650660083,0.6652674668721649,0.456737645360124,0.7200732590165908,7.094958529611993,1.3809131183912124,1719.8020096026164,1.0679109101322304,2933.083433235815,0.6796998276977871,1238.8796500762815,0.5539534820692652,1.5041197781913507,0.5257473039411532,0.16254825317940633,0.0025336340907647593,0.8373942022509189,13.084598630227728,0.5455454640749459,0.23003019368711614,0.026738318421171362,6.992153019767429,66.786,POOR,SYNTHETIC_RESEARCH_BASED,ML_TRAIN_TEST_DEVELOPMENT_ONLY,PCL literature-informed morphology + FTIR + mechanical latent-quality simulation,TRAIN
SYN_01049,164.74776821900122,41.712934377027956,0.43970735694031227,0.3017627253776917,0.13383517993613162,0.6237784610189269,0.3725795259532387,0.6781927898601067,6.5220071051314354,1.5120751297314756,1736.0705092770727,0.8118471075766439,2926.007726464176,0.6308455616553598,1233.8542171611514,0.5520082315401784,1.0807546843210236,0.4005664633815178,0.1827393976838726,0.009987566715971577,0.5834438329399313,13.914810901709076,0.3066045473584126,0.3015416969655876,0.023675429657608424,5.427030674628524,31.938,POOR,SYNTHETIC_RESEARCH_BASED,ML_TRAIN_TEST_DEVELOPMENT_ONLY,PCL literature-informed morphology + FTIR + mechanical latent-quality simulation,TRAIN
SYN_01050,148.7488134664357,38.103506373295545,0.32520760465016735,0.379475608621575,0.2482382345429675,0.7724819236370287,0.5966393639200296,0.8096247408399253,4.153647804683013,1.8148875647283242,1725.1476084203762,0.9861738851228823,2939.3870209680476,0.7236365876138617,1241.3358044831132,0.7429386258748615,1.5580438202219944,0.5518260728928955,0.15547730140382446,-0.0015370999103838405,0.8490827964726569,19.731614025255592,0.6381288362758629,0.28525718690738755,0.0407747934304035,11.959272320384327,85.13,GOOD,SYNTHETIC_RESEARCH_BASED,ML_TRAIN_TEST_DEVELOPMENT_ONLY,PCL literature-informed morphology + FTIR + mechanical latent-quality simulation,TRAIN
SYN_01051,165.38818390059487,41.93800366212199,0.3887423162969354,0.43385976519099556,0.26253641509205855,0.7688389854950108,0.7273043617137078,0.7926947878149125,6.651490355119565,1.356429294546074,1728.5301051382294,0.9809314055919807,2929.4927374565777,0.7316972434462437,1242.7543316986066,0.5592815059129672,1.485330596029204,0.5390016862954891,0.1572640529533289,0.0006329131683392476,0.9468166961566953,19.735268413005716,0.6478085467772765,0.25063527340239244,0.04333983561207665,15.022554918508257,96.755,GOOD,SYNTHETIC_RESEARCH_BASED,ML_TRAIN_TEST_DEVELOPMENT_ONLY,PCL literature-informed morphology + FTIR + mechanical latent-quality simulation,TRAIN
SYN_01052,142.84214936574278,28.81177362862585,0.25872150600593846,0.4096354177472247,0.24213597038753673,0.7535616455351202,0.7129449528021632,0.7845171317514382,5.570402884768089,1.1643418402447894,1727.306370511198,1.0066923293268621,2932.5038876034996,0.6526280121103889,1240.8027861073535,0.5243474777599144,1.282712170192723,0.4723550505409979,0.17414408646622148,0.003438575646671298,0.9428115358082201,18.87207233787208,0.8302076025292049,0.26150288897190754,0.041348007813096756,13.102076482496873,90.294,GOOD,SYNTHETIC_RESEARCH_BASED,ML_TRAIN_TEST_DEVELOPMENT_ONLY,PCL literature-informed morphology + FTIR + mechanical latent-quality simulation,TRAIN
SYN_01053,129.88357371481735,38.04909225817861,0.33678996762234165,0.3368575339737631,0.1864572111153292,0.5665361391321155,0.47327640611830707,0.6871197245409101,5.886034560340932,1.9032063284186438,1725.4176958299195,0.8711562291160612,2934.6080537109733,0.7362529239152388,1245.6467608103826,0.6104807817024491,1.3750966398039903,0.40056463708218504,0.18212396097625538,0.014991639786090203,0.8269955398631226,14.486239976691111,0.39757351664989937,0.2599383459486275,0.02369766371204762,10.122832341521748,52.007,POOR,SYNTHETIC_RESEARCH_BASED,ML_TRAIN_TEST_DEVELOPMENT_ONLY,PCL literature-informed morphology + FTIR + mechanical latent-quality simulation,TRAIN
SYN_01054,152.7487647128764,29.140475479055702,0.2935220616581235,0.384884284328933,0.24863274931979196,0.7101599394538571,0.7014646985349675,0.7950014869109867,4.8754559613961215,1.6050855027544597,1721.418417969808,1.0213432640907032,2937.0885675496784,0.6040873113646935,1235.398490895052,0.5340576945302944,1.2189251425324383,0.5510044771446474,0.19678054093976557,0.0056351836486497565,0.926350063727516,17.905601196292196,0.5677309494288633,0.20524828117188118,0.0314051260558865,12.82873617116933,86.817,GOOD,SYNTHETIC_RESEARCH_BASED,ML_TRAIN_TEST_DEVELOPMENT_ONLY,PCL literature-informed morphology + FTIR + mechanical latent-quality simulation,TRAIN
SYN_01055,172.07280280221448,32.31884959998827,0.3412677455831904,0.4019972066032757,0.2751771053154598,0.7423578038613552,0.7270856952286688,0.8244622397297382,4.888016641826001,1.4854298060416524,1718.0580039950412,1.0759817333646744,2930.9067115527387,0.7337615516385465,1237.42154835577,0.5839721537155769,1.4227354751381442,0.5064221116806613,0.1541929889824906,0.012737681314441732,1.0862603589634947,16.64161032416548,0.6206353454127247,0.21639164264102076,0.03689989083831896,10.758339043042753,84.815,GOOD,SYNTHETIC_RESEARCH_BASED,ML_TRAIN_TEST_DEVELOPMENT_ONLY,PCL literature-informed morphology + FTIR + mechanical latent-quality simulation,TRAIN
SYN_01056,113.34523659488673,25.288794789451664,0.4239939449837883,0.3331558401415012,0.1754455217366105,0.6395870920945324,0.5652868866655677,0.681582018483578,4.990277086697876,1.656181875403059,1724.6463802990259,1.0494899853488382,2943.3126555247245,0.6612816673891272,1241.6813796535714,0.7173052961488082,1.0764251506336666,0.564797186947654,0.1551723164665953,0.01009737905298303,0.8192312066307375,18.40385383573544,0.7105553734926184,0.23881810352572383,0.03072960112045723,9.95174169133024,65.306,POOR,SYNTHETIC_RESEARCH_BASED,ML_TRAIN_TEST_DEVELOPMENT_ONLY,PCL literature-informed morphology + FTIR + mechanical latent-quality simulation,TRAIN
SYN_01057,135.64891682463536,39.09632640454799,0.33293770977385806,0.3834588649189008,0.24316707615788988,0.7077971709636487,0.6406055587319823,0.7729224459909219,5.398447566150723,1.186391695837076,1718.6047139509265,1.0160172103244693,2933.45245468242,0.7227806034653997,1242.8982831519634,0.6174125860226062,1.3288852719640678,0.5754461581833821,0.16976207136675525,0.004922491126766562,1.0307723534216011,21.156844847423923,0.7131180299767625,0.19154255047192154,0.046490821885678095,12.018566183416146,82.844,GOOD,SYNTHETIC_RESEARCH_BASED,ML_TRAIN_TEST_DEVELOPMENT_ONLY,PCL literature-informed morphology + FTIR + mechanical latent-quality simulation,TRAIN
SYN_01058,127.81197612747744,34.526179276288936,0.400349155575179,0.3303021421042043,0.16490913764413453,0.6308070842957455,0.46385766725633387,0.6813446216005512,6.727918303506995,1.5578394104270104,1717.8878977566796,0.9540037215430271,2952.564974768928,0.5593612972225713,1240.2913523372886,0.5070756692692234,1.2122784155341164,0.39439631558008575,0.17188929037075185,0.016230637002993088,0.549803539112989,11.729191279207537,0.39553879559666827,0.35810387510649216,0.01304276128988116,5.646706067733541,42.855,POOR,SYNTHETIC_RESEARCH_BASED,ML_TRAIN_TEST_DEVELOPMENT_ONLY,PCL literature-informed morphology + FTIR + mechanical latent-quality simulation,TRAIN
SYN_01059,174.3678815098928,41.49124455190297,0.3627658037043083,0.34661082378946323,0.22570640229853764,0.6391848924722625,0.5454332419983265,0.7517018797860184,5.110325350595605,1.5986088956139508,1723.2350049583542,0.8907904640770096,2937.7543686287618,0.5924506010166712,1242.6557199524914,0.6836040633762892,1.424449845320497,0.4980169511048899,0.1848381535265291,0.015377085748290026,0.7670940086909257,18.186568851147214,0.6000752000063472,0.2712765387100151,0.0247074535515089,11.111516763525213,62.955,POOR,SYNTHETIC_RESEARCH_BASED,ML_TRAIN_TEST_DEVELOPMENT_ONLY,PCL literature-informed morphology + FTIR + mechanical latent-quality simulation,TRAIN
SYN_01060,148.69724946047288,31.132433994247116,0.2753541077998206,0.41797840244184586,0.24766621192002347,0.716804937493219,0.663357641602487,0.8370788175383533,4.502247027698507,1.3239864412862188,1712.3691759215394,0.9477519892367264,2937.14700187596,0.7120717234535188,1245.0495132435055,0.5705454997825444,1.424319169358405,0.5482336981961465,0.11690421173096913,0.00491574730164928,1.076310130929971,19.38425271508043,0.5936177524124262,0.17643249166993033,0.04783133568038717,14.444652006178208,90.481,GOOD,SYNTHETIC_RESEARCH_BASED,ML_TRAIN_TEST_DEVELOPMENT_ONLY,PCL literature-informed morphology + FTIR + mechanical latent-quality simulation,TRAIN
SYN_01061,163.0950815993851,29.385633687678745,0.31416944272485386,0.4137338197974126,0.23665883200660592,0.7324043061418734,0.6993336179240707,0.8147196470227764,6.258949078853226,1.3342420215466697,1714.3214585167686,0.9036200958564999,2936.90803471106,0.7013387669832735,1237.4331348957555,0.5691284116543771,1.448810797073181,0.4906590408404852,0.15704106919739894,0.0005355542145668623,1.0077297148569453,16.626904385499486,0.6960188307489619,0.293569438691602,0.041410111983525434,12.66139815688512,74.135,GOOD,SYNTHETIC_RESEARCH_BASED,ML_TRAIN_TEST_DEVELOPMENT_ONLY,PCL literature-informed morphology + FTIR + mechanical latent-quality simulation,TRAIN
SYN_01062,152.25729843610017,38.08127882934245,0.30513235399968985,0.39201663969578004,0.22865030375905526,0.7884609760013004,0.6478296346077739,0.7723770521417844,5.774376585579025,1.2220346107181972,1720.4867845060458,0.9977935532922454,2942.2309617477454,0.5940043948330225,1243.0253114401294,0.5645335154397044,1.3604069223535749,0.4928360549952485,0.16668055969078893,0.0009196017419665289,0.6999625070581301,18.56581110486195,0.5832489161596018,0.20148507627898532,0.0387329831046794,9.9363306180897,77.49,GOOD,SYNTHETIC_RESEARCH_BASED,ML_TRAIN_TEST_DEVELOPMENT_ONLY,PCL literature-informed morphology + FTIR + mechanical latent-quality simulation,TRAIN
SYN_01063,148.90995644596353,37.13879392906123,0.41333821719384994,0.3504761568491217,0.24634774541121046,0.6974763211094686,0.5188242962096389,0.7047511471337309,5.631581147267679,1.741128548435496,1724.6785442765902,0.9076468251264318,2938.5727713038877,0.6277003643033067,1249.222408339015,0.5940452995265466,1.3270528074249455,0.5038085641912965,0.17452657251835357,0.01393984014341424,0.857059811333671,13.94542877913173,0.6751864731041161,0.22546089072020886,0.024807597140662822,9.786372494384512,59.294,POOR,SYNTHETIC_RESEARCH_BASED,ML_TRAIN_TEST_DEVELOPMENT_ONLY,PCL literature-informed morphology + FTIR + mechanical latent-quality simulation,TRAIN
SYN_01064,145.81492764958276,34.07621436361731,0.47335964978696543,0.2888689253152824,0.10895350556951397,0.5503881572943922,0.2924544788959694,0.6842349393082612,6.538899443224162,1.6443203379608387,1715.4856853774672,0.788903015840431,2950.8267808988257,0.5034428167136139,1241.7354989408534,0.511864160484698,0.8268052749083292,0.41556102036249265,0.18237133998732946,0.021565100966876104,0.5026567507849953,14.300113229511362,0.3056722347211164,0.3659275524843788,0.012826714367039395,1.34988450554133,28.291,POOR,SYNTHETIC_RESEARCH_BASED,ML_TRAIN_TEST_DEVELOPMENT_ONLY,PCL literature-informed morphology + FTIR + mechanical latent-quality simulation,TRAIN
SYN_01065,168.48147418170683,36.88065024775849,0.29063257656581826,0.391817974723753,0.24799747453809173,0.731529091023422,0.6889185682226722,0.7962691573517189,5.532420417453092,1.4954018057994807,1724.753870205714,0.9626611200506061,2940.6665156462323,0.8047914792076805,1240.5959749712254,0.5601403159989827,1.2919611936471596,0.45807950998479596,0.15384168442252566,0.011445773126157277,0.8504821183081653,14.426888377755771,0.6218149210446929,0.24892719870055668,0.03843157468656452,10.449692470194224,76.825,GOOD,SYNTHETIC_RESEARCH_BASED,ML_TRAIN_TEST_DEVELOPMENT_ONLY,PCL literature-informed morphology + FTIR + mechanical latent-quality simulation,TRAIN
SYN_01066,165.0072678347236,39.16941824558603,0.3205587078180874,0.3947621363681764,0.24267420026862183,0.7266702860274921,0.7652338416040275,0.7838626828152218,5.672021744186953,1.0648770922722453,1719.471515519199,1.0538816357602498,2931.2545741857252,0.7984164167495689,1238.0375916943926,0.6481810414644529,1.2712352759021743,0.48654638695407687,0.16874087333025767,0.0037807808423933726,0.8802240807426533,17.97400158941656,0.5632704849215944,0.28222420632574347,0.03404995226596487,13.189418758445294,87.077,GOOD,SYNTHETIC_RESEARCH_BASED,ML_TRAIN_TEST_DEVELOPMENT_ONLY,PCL literature-informed morphology + FTIR + mechanical latent-quality simulation,TRAIN
SYN_01067,167.61261882814838,28.746670464584934,0.4810570081277496,0.3212494765945073,0.20810613191791694,0.6218392839726486,0.3927071240422689,0.5997154626549526,6.824445222173329,1.808332733663886,1719.9678356386273,0.7583736685988324,2947.117139789163,0.537264390852427,1231.872731852079,0.4153098474461131,1.0558726806203356,0.3596904019916646,0.18965263459543874,0.016255646969069726,0.691149232081088,12.817337396254826,0.49974658207741085,0.25725189064644605,0.017420712766066323,6.68638931721706,33.302,POOR,SYNTHETIC_RESEARCH_BASED,ML_TRAIN_TEST_DEVELOPMENT_ONLY,PCL literature-informed morphology + FTIR + mechanical latent-quality simulation,TRAIN
SYN_01068,154.59263496091884,28.077009919435934,0.3436678518131045,0.42588068255116707,0.23281304905023023,0.78071146747595,0.754641374221246,0.8148259642046072,5.318012391711702,1.205036711745972,1726.2989636511716,0.9270140786263109,2942.2890237390857,0.6468511770850216,1239.4370168506828,0.6044669249997532,1.3780973492417385,0.477991273913117,0.14883855107519786,0.008612269846723013,1.0940002205118378,21.34054355309324,0.7706053226837654,0.15572714745673943,0.03967874204491799,12.307816458501692,87.393,GOOD,SYNTHETIC_RESEARCH_BASED,ML_TRAIN_TEST_DEVELOPMENT_ONLY,PCL literature-informed morphology + FTIR + mechanical latent-quality simulation,TRAIN
SYN_01069,136.61069261308046,31.778648892528842,0.3600368174294698,0.3607045697224773,0.22231399348161046,0.7121220089877794,0.5566375465130928,0.7259557424453857,6.991836989639468,1.354159601572301,1722.7361975755368,0.9408253268122573,2929.670488814749,0.7114284401406842,1231.5740922968757,0.5915929384648401,1.288945603361323,0.5300787289468726,0.174880097513035,0.009424731153019046,0.913722267063641,17.43084368094623,0.5643884520340063,0.29043701519770443,0.030904463340226167,10.610910920879514,70.679,GOOD,SYNTHETIC_RESEARCH_BASED,ML_TRAIN_TEST_DEVELOPMENT_ONLY,PCL literature-informed morphology + FTIR + mechanical latent-quality simulation,TRAIN
SYN_01070,138.59342174885842,37.78276270597378,0.34814668640729995,0.38436089804925155,0.23329623890785528,0.7806496226216523,0.7450407525633232,0.8119034282766601,5.476068160394634,1.9497116813611823,1725.82088191249,0.9716307274016462,2932.7651364149747,0.7844131047293676,1233.9882340308368,0.6716177410884286,1.367271120941584,0.4640659330315336,0.13972644969351317,0.00313943479979771,0.8902080339860163,15.271564468810915,0.4793844329541955,0.2988786797610257,0.03271280922520693,9.372658248254325,71.504,GOOD,SYNTHETIC_RESEARCH_BASED,ML_TRAIN_TEST_DEVELOPMENT_ONLY,PCL literature-informed morphology + FTIR + mechanical latent-quality simulation,TRAIN
SYN_01071,154.11738510793543,41.10607322792898,0.4664846354445154,0.30374104704303084,0.17455103261524477,0.5355673077888933,0.5234773171688433,0.6760339270592339,6.276193266240844,1.3413151766194322,1723.0669317667941,0.9668920531124843,2944.8453236779496,0.6684130575350987,1238.7148081826938,0.695047392483047,1.0235728316851356,0.42986240547118937,0.18698680300668116,0.018096213049851522,0.6758287506111224,14.466704048794107,0.4554159384952427,0.18733739580750303,0.01940676636255642,8.230313557735059,47.541,POOR,SYNTHETIC_RESEARCH_BASED,ML_TRAIN_TEST_DEVELOPMENT_ONLY,PCL literature-informed morphology + FTIR + mechanical latent-quality simulation,TRAIN
SYN_01072,150.29235454858485,37.45975076614564,0.32276722769511873,0.376633873963085,0.21377043182894834,0.7310582722082816,0.7078541295337256,0.7299183081556356,5.771869397239957,1.2107098341605917,1723.4364075908697,0.9391944589442862,2937.0569857670494,0.5740441022229964,1239.7443941734932,0.5994496140668255,1.4463747628767316,0.5197087647192185,0.1397173905167255,0.008215399803194336,1.01496992038233,16.896310188748917,0.7058307844443187,0.20171676839934133,0.037242795293639705,12.632028842814941,79.509,GOOD,SYNTHETIC_RESEARCH_BASED,ML_TRAIN_TEST_DEVELOPMENT_ONLY,PCL literature-informed morphology + FTIR + mechanical latent-quality simulation,TRAIN
SYN_01073,166.87575795403896,34.264645882898314,0.35768311373696793,0.41014151648565794,0.21371989139503086,0.7760596448126565,0.7196088151394769,0.726371539460914,5.603488640543311,1.3707091094303563,1725.1656206742434,0.8981649826348288,2938.6871164769673,0.6765404094795583,1233.8193807050638,0.7507973093616169,1.4668581156433638,0.5647670698827185,0.14361476182567293,0.004699798531737931,0.8568130836619043,16.679636075934795,0.5340914770311366,0.262742356704522,0.036296052087338763,13.636524060913098,88.126,GOOD,SYNTHETIC_RESEARCH_BASED,ML_TRAIN_TEST_DEVELOPMENT_ONLY,PCL literature-informed morphology + FTIR + mechanical latent-quality simulation,TRAIN
SYN_01074,140.89733365517773,33.807173816632975,0.46367734297871993,0.3286944266348365,0.17440579692700262,0.5880156261916734,0.42463633354788144,0.6159070194994863,6.779034036190003,2.0042283183407172,1720.4647481988638,0.773006586272358,2937.4250200542983,0.6501591295425597,1243.9509706935967,0.5958248547806575,1.1717438955854633,0.45206152734284216,0.1865302446084462,0.01806285133718645,0.43844304008286716,11.273961201274808,0.33551807652059873,0.3573595790091231,0.031099792691747105,6.350192463661656,31.456,POOR,SYNTHETIC_RESEARCH_BASED,ML_TRAIN_TEST_DEVELOPMENT_ONLY,PCL literature-informed morphology + FTIR + mechanical latent-quality simulation,TRAIN
SYN_01075,168.32175472822715,29.153527250109583,0.3588080209433268,0.3406168764240297,0.14705273974400848,0.639527210965437,0.5405430624755928,0.6999327325160536,5.991821762031338,1.4378729218023132,1718.0438800345885,0.7860746643492764,2932.7590743818273,0.56697730779644,1239.739049329421,0.5465283710211971,0.913117560754267,0.3490611010862531,0.18318308854705945,0.018153451229416844,0.6539470797998747,16.44893046486097,0.48496043433772906,0.29324566602466723,0.01794263613894542,8.941513875472502,39.062,POOR,SYNTHETIC_RESEARCH_BASED,ML_TRAIN_TEST_DEVELOPMENT_ONLY,PCL literature-informed morphology + FTIR + mechanical latent-quality simulation,TRAIN
SYN_01076,176.77534904822622,36.5579196938308,0.3893486331091567,0.34737480780145785,0.23330147919988112,0.6688611078894682,0.7299235436852636,0.7740240897700185,5.902137087048346,1.4760890742164126,1731.2478087384773,0.98084650536439,2936.4274080389305,0.706542886306458,1245.7220800049352,0.6033047906481739,1.2950065723747737,0.5303954205737025,0.15407599621163315,0.00843431191879232,1.039107224119209,13.16258267577091,0.6176522599873806,0.2930046171998623,0.027776939172961056,12.161680296403848,80.413,GOOD,SYNTHETIC_RESEARCH_BASED,ML_TRAIN_TEST_DEVELOPMENT_ONLY,PCL literature-informed morphology + FTIR + mechanical latent-quality simulation,TRAIN
SYN_01077,151.73597979896286,49.861094115400356,0.4066717886773226,0.2883178816345736,0.17173830214425792,0.6283322895563198,0.4520233745305673,0.6264670706562762,6.122929005787028,1.7861370408144088,1722.8145431026671,0.7811139576509705,2942.9177552911287,0.6315636928842904,1242.9196214017832,0.5288533641536484,1.0314581980286015,0.4962801971977663,0.18471840047468122,0.013810962651714474,0.7242412805512987,13.920165835570637,0.5434758150902517,0.2975944799755533,0.023910960535748305,9.362836777576517,53.051,POOR,SYNTHETIC_RESEARCH_BASED,ML_TRAIN_TEST_DEVELOPMENT_ONLY,PCL literature-informed morphology + FTIR + mechanical latent-quality simulation,TRAIN
SYN_01078,140.63327622008893,30.69535497400397,0.4220252449405371,0.3272391343457105,0.15559610229404985,0.5579665643303028,0.3617860566200327,0.6961895656166162,6.4719842221892145,1.975537382526085,1712.4327977107946,0.7832547481009777,2948.5466955602037,0.6533824892775788,1226.415001366928,0.5812180724417567,1.1649255860283616,0.5185713884745103,0.17676172496595718,0.019654209646462365,0.5773619207788553,7.945588384666962,0.41359765723203096,0.3707012215609273,0.009735752447297859,4.813627703235197,41.076,POOR,SYNTHETIC_RESEARCH_BASED,ML_TRAIN_TEST_DEVELOPMENT_ONLY,PCL literature-informed morphology + FTIR + mechanical latent-quality simulation,TRAIN
SYN_01079,154.34329799177578,31.63037280659293,0.3463969319294366,0.45347922081791636,0.22399144091782044,0.742231080060665,0.7608098149008783,0.7294649700815934,5.523290913763618,0.9724661610797751,1724.7598875838135,0.8954832431352522,2939.9481427483156,0.7008581535795092,1240.2093953404208,0.6196502780904116,1.2765149077428903,0.5955490328984884,0.14926897982468396,-0.000905713247359852,0.9071435260891113,17.010305463800446,0.5918844588332147,0.2665011424051677,0.04385673441599691,13.91290765953185,81.79,GOOD,SYNTHETIC_RESEARCH_BASED,ML_TRAIN_TEST_DEVELOPMENT_ONLY,PCL literature-informed morphology + FTIR + mechanical latent-quality simulation,TRAIN
SYN_01080,138.87509826582377,33.6748948352226,0.4012821865075135,0.367517409600411,0.15506893100127442,0.6346934370073612,0.5232750639188933,0.6796487115845412,6.170423410863204,1.3934995300688056,1727.48706698336,0.726503542711161,2936.1426845174674,0.6127833445762025,1247.164474202775,0.43934038267878495,1.212759157340773,0.4717106663878529,0.17511246010587184,0.013266105814063943,0.5446496216696692,12.253801547885242,0.2804087061998252,0.2651982871143764,0.015901407328959706,7.1881454624628685,37.698,POOR,SYNTHETIC_RESEARCH_BASED,ML_TRAIN_TEST_DEVELOPMENT_ONLY,PCL literature-informed morphology + FTIR + mechanical latent-quality simulation,TRAIN
SYN_01081,143.6674473483113,39.77842384754664,0.4400292047124652,0.3578149303089251,0.17628625114669058,0.5884846993401215,0.4320465993873181,0.6298080118625375,6.041932601998707,1.7544156186780284,1724.3790965966225,0.8723606244501985,2937.663839845513,0.5523410217365095,1241.9091783465028,0.6304024591262261,1.030831527719034,0.47456224921320617,0.21868848128138296,0.012696543092841774,0.9313161852586449,12.818848663573432,0.5927381079713704,0.23411196796204567,0.02580250368877706,8.970886703692964,58.673,POOR,SYNTHETIC_RESEARCH_BASED,ML_TRAIN_TEST_DEVELOPMENT_ONLY,PCL literature-informed morphology + FTIR + mechanical latent-quality simulation,TRAIN
SYN_01082,119.61704849642119,29.237483713053958,0.4777984147031553,0.3354171807734694,0.1773305335422085,0.6342770189429543,0.3701596748943931,0.7024505637943763,6.32739378164217,2.0265275478460634,1718.059408554522,0.8105017237504178,2938.876314514874,0.7338007259896164,1237.8823151320187,0.4868357308506778,1.1432987937591812,0.4951457522076774,0.14814707867624624,0.020464769642141136,0.5477894567939089,12.594810521987798,0.3449596799472806,0.28990082553929575,0.018094842680306512,4.063364060213784,43.019,POOR,SYNTHETIC_RESEARCH_BASED,ML_TRAIN_TEST_DEVELOPMENT_ONLY,PCL literature-informed morphology + FTIR + mechanical latent-quality simulation,TRAIN
SYN_01083,163.2639964194033,28.10769032212715,0.2912927859533687,0.4376513448059028,0.25216938238981695,0.748394431011151,0.6636878118163144,0.8090475325501266,5.584056312422813,1.248051510459752,1723.7732909053293,1.039806070957606,2938.6821184087557,0.7049843038975834,1240.2971642084876,0.5822008507435421,1.2694596077793106,0.560757399970231,0.1374877869253141,0.003256790311591022,1.0624358649421415,17.86393686422516,0.729808519739246,0.22697762432144938,0.03259287035697167,13.634932727960368,89.263,GOOD,SYNTHETIC_RESEARCH_BASED,ML_TRAIN_TEST_DEVELOPMENT_ONLY,PCL literature-informed morphology + FTIR + mechanical latent-quality simulation,TRAIN
SYN_01084,152.85676470008298,27.34971194986474,0.3159964049516932,0.39006195983759917,0.1883279766541205,0.6859656022942598,0.669756850978611,0.8285399818516983,5.473796520407329,1.404802080948088,1714.7378695882758,0.9651677811519249,2937.8334928486624,0.6059444149557279,1242.4754100588361,0.6740090598420073,1.3731929062103778,0.5092283941110924,0.162768238999335,0.0067326444283152785,1.1991423518014788,22.477786798878387,0.8106361191500766,0.20506139020015043,0.031244835859762607,15.976815172724159,92.494,GOOD,SYNTHETIC_RESEARCH_BASED,ML_TRAIN_TEST_DEVELOPMENT_ONLY,PCL literature-informed morphology + FTIR + mechanical latent-quality simulation,TRAIN
SYN_01085,123.28394329405786,38.761281609040026,0.42074765611573756,0.28890347801298355,0.159622026109353,0.653824330619991,0.36360678872494084,0.6304778574203777,6.179720446769145,2.118785599798195,1717.57629450773,0.7246413368244561,2934.302317080054,0.6554189046654738,1234.5179678767277,0.5846269007566011,1.1045553932882932,0.42431708483896735,0.15712894177921932,0.007721417068638745,0.4731158959471008,10.43460978568631,0.42159962372001275,0.37185168884442826,0.014354833780745466,4.481992878326738,31.299,POOR,SYNTHETIC_RESEARCH_BASED,ML_TRAIN_TEST_DEVELOPMENT_ONLY,PCL literature-informed morphology + FTIR + mechanical latent-quality simulation,TRAIN
SYN_01086,118.7631117675929,35.79175460482041,0.4209467610836403,0.3940628644582466,0.20275724947968277,0.656007259995213,0.51538581430626,0.651349051711136,7.221265719324627,2.23504348481356,1729.5300777729492,0.9559141407083029,2938.7982209286242,0.6209559604998002,1240.2664844995147,0.5698258459323577,1.2889885914352468,0.47620629436385487,0.1634431794447404,0.01630719867645204,0.7960698684861576,12.606653764002914,0.5692305111641733,0.1925058522993067,0.025542819766237367,7.081982170135043,58.779,POOR,SYNTHETIC_RESEARCH_BASED,ML_TRAIN_TEST_DEVELOPMENT_ONLY,PCL literature-informed morphology + FTIR + mechanical latent-quality simulation,TRAIN
SYN_01087,155.7764572965478,41.87142829010755,0.4572934269513421,0.32976410629692604,0.1722219925516681,0.5970020720678779,0.5944717392536603,0.6957852205491902,7.637716454781866,2.207520894696808,1717.7576277602473,0.7239588081356129,2952.174674696668,0.6745753614954206,1243.1279360975038,0.4468900158822048,1.2057529397974678,0.3927521026086551,0.16354595176188752,0.011291583972359069,0.7059899025868771,12.353694074548029,0.4998080007631738,0.29250642028688334,0.018150224128482294,7.659668088881222,47.651,POOR,SYNTHETIC_RESEARCH_BASED,ML_TRAIN_TEST_DEVELOPMENT_ONLY,PCL literature-informed morphology + FTIR + mechanical latent-quality simulation,TRAIN
SYN_01088,165.39102310582382,19.991039993829936,0.29395184309774963,0.3947467879540684,0.27412879047032074,0.6970863267784893,0.7445366155684863,0.69133957751798,5.124573911540269,0.9808221992741099,1716.0576987547013,1.0378595376608188,2934.7546408507537,0.6883542579466303,1237.6958439173945,0.6390949357476596,1.4934809276118575,0.5636575458370571,0.14648991526501126,0.008497227946518061,0.891241483278961,16.05722090759445,0.6230996950290824,0.23234893580842336,0.029683715762308566,12.56810501155758,88.618,GOOD,SYNTHETIC_RESEARCH_BASED,ML_TRAIN_TEST_DEVELOPMENT_ONLY,PCL literature-informed morphology + FTIR + mechanical latent-quality simulation,TRAIN
SYN_01089,177.10185722237551,24.56792967705219,0.3467039896728853,0.4357910894773618,0.24406014249735333,0.7557084852813583,0.7545360223765423,0.8591776867165716,6.16358557770149,1.6766637920781107,1726.183481561718,0.969284807836478,2939.135845967838,0.7810637848359765,1244.317792796274,0.539617705752836,1.367843069234258,0.5063025331977802,0.18214517881309117,0.004570575423973881,1.0610657685901737,18.508992702801365,0.6961008418535742,0.2111162021076468,0.043413912498134394,12.128690655080113,89.567,GOOD,SYNTHETIC_RESEARCH_BASED,ML_TRAIN_TEST_DEVELOPMENT_ONLY,PCL literature-informed morphology + FTIR + mechanical latent-quality simulation,TRAIN
SYN_01090,149.80277951219057,32.5965490277633,0.42252253922755084,0.35983367811343436,0.2169834048599196,0.6404767995526522,0.6370127427768693,0.7146188928396383,5.493608269130551,1.2263968087864108,1719.095689625311,0.9846391659346151,2937.4031770309175,0.5558713333624691,1238.3239678733985,0.6849965034655905,1.4296319691873693,0.5482431184964444,0.14572865546922253,0.004062329405614736,0.980638302705818,16.05248406349701,0.7224708890539383,0.1904910796860414,0.03282685341902135,13.821184066287287,82.203,GOOD,SYNTHETIC_RESEARCH_BASED,ML_TRAIN_TEST_DEVELOPMENT_ONLY,PCL literature-informed morphology + FTIR + mechanical latent-quality simulation,TRAIN
SYN_01091,162.01856292876798,26.73078836103238,0.36654235561570797,0.3849542995903686,0.2364474697692776,0.7018735430918193,0.5890644701851453,0.7662832552526118,6.246958378759335,1.8930862016558865,1723.7926679663703,0.8881236043505571,2934.8386227942983,0.6938536736369215,1239.4150241990321,0.6042069746335962,1.375355900425565,0.5937233135032716,0.13775382387473986,-0.0016687350357924785,0.8998609996812389,15.650197092016986,0.5011874030803629,0.2443987944250203,0.04708498311083202,11.071867920318512,77.626,GOOD,SYNTHETIC_RESEARCH_BASED,ML_TRAIN_TEST_DEVELOPMENT_ONLY,PCL literature-informed morphology + FTIR + mechanical latent-quality simulation,TRAIN
SYN_01092,134.20607554387024,34.08873280919386,0.32524639522223153,0.4230710734948044,0.22994221008399884,0.6738317340418237,0.830109132512236,0.744787784041053,5.0990503843762305,1.6945337782615761,1720.362066034871,1.0252604185158782,2937.5489533701216,0.5860791841368994,1233.2840570769624,0.6831267909297799,1.4653900255764545,0.6094697246600032,0.19232235626757255,-0.0008355619854840974,0.9729496443250041,14.794900725668555,0.6447439192136606,0.23073370319198855,0.039343833249587054,10.168973569260602,89.031,GOOD,SYNTHETIC_RESEARCH_BASED,ML_TRAIN_TEST_DEVELOPMENT_ONLY,PCL literature-informed morphology + FTIR + mechanical latent-quality simulation,TRAIN
SYN_01093,159.2134481610207,24.619792843105785,0.43870227179889454,0.37229937620207726,0.1962277572603488,0.6632608915936773,0.43595887794036303,0.718723159365129,6.511137779601796,1.3055600542281869,1723.9971132884843,0.8171125540820152,2938.8920668230235,0.6237690225937748,1245.7900873413266,0.5102019630127855,1.0570565775458753,0.43353851555153333,0.14228834060674025,0.006925583319071872,0.6948758270942438,14.336046607878323,0.4182467466524111,0.2758787009851916,0.035671309152695604,8.093559836090769,47.88,POOR,SYNTHETIC_RESEARCH_BASED,ML_TRAIN_TEST_DEVELOPMENT_ONLY,PCL literature-informed morphology + FTIR + mechanical latent-quality simulation,TRAIN
SYN_01094,155.84656010044387,44.12916517717801,0.39606738225574006,0.38654249472679114,0.17670169220045023,0.7086372545184958,0.3763480358477434,0.681453371816742,4.820342389217436,1.2057481229657299,1721.8164530483557,0.7770560031432588,2941.9527758033178,0.5805094619904219,1243.732903950099,0.4979371196407561,1.0791677157726494,0.38162107273925105,0.2019636072306527,0.012709607837542648,0.6166838500353464,13.071144050664822,0.28071263307365363,0.30019140164320185,0.01992421168063285,5.220877122745017,37.329,POOR,SYNTHETIC_RESEARCH_BASED,ML_TRAIN_TEST_DEVELOPMENT_ONLY,PCL literature-informed morphology + FTIR + mechanical latent-quality simulation,TRAIN
SYN_01095,157.86034365125875,40.26042589467324,0.32972628467034304,0.37585866979321547,0.21503574163722314,0.7542304275201707,0.7318832683382777,0.7752192803875809,4.805132259878805,1.1475736667313576,1718.7689254409431,0.9304938386929504,2944.32706855365,0.7679018260365472,1247.9722923968236,0.5550940504297979,1.4826732920266654,0.5925905943325314,0.10275044848073958,0.005270245952080592,0.747823261939353,17.507122380143933,0.5082174178322909,0.18098922155768282,0.037284892486937476,12.454459008839892,82.949,GOOD,SYNTHETIC_RESEARCH_BASED,ML_TRAIN_TEST_DEVELOPMENT_ONLY,PCL literature-informed morphology + FTIR + mechanical latent-quality simulation,TRAIN
SYN_01096,144.62883799937788,45.26886734254934,0.3613547285608452,0.31734592795080047,0.210345630855907,0.5941954863174002,0.4478283695695411,0.6701237169263068,7.030304553775155,1.4691010562585491,1719.645774142864,0.7415343264717619,2950.4141622271386,0.6539651663097342,1237.5616531102999,0.5305240594385295,1.2031042053454148,0.5030111458710201,0.16404206199728522,0.010464398596052494,0.8151405477064573,15.193272983997423,0.5185216309204888,0.3206629198353889,0.024882349709572208,8.047363266995646,52.249,POOR,SYNTHETIC_RESEARCH_BASED,ML_TRAIN_TEST_DEVELOPMENT_ONLY,PCL literature-informed morphology + FTIR + mechanical latent-quality simulation,TRAIN
SYN_01097,149.67210109535208,35.7928831172078,0.4457320951737977,0.35412007137234053,0.1646934589826298,0.6657925893648565,0.4691780654633567,0.6327941586442469,5.685530699228876,1.9034405336129687,1724.2013667443243,0.8002500116201189,2934.546019660579,0.5471226682442983,1233.0491855742218,0.5481724885844319,1.338491928978771,0.4160906639347963,0.17764277229629377,0.009809269558359947,0.6375832224169682,10.927222257486845,0.5300444511689877,0.3313321928671345,0.01844670137435064,5.13353164836412,30.336,POOR,SYNTHETIC_RESEARCH_BASED,ML_TRAIN_TEST_DEVELOPMENT_ONLY,PCL literature-informed morphology + FTIR + mechanical latent-quality simulation,TRAIN
SYN_01098,138.45958654911522,34.10906684320146,0.4612757700045683,0.29844581367286627,0.16766622875910456,0.682385745625996,0.5513399683647725,0.6576751909397194,6.871202496257923,2.3094878211611833,1726.249646613728,0.8007185519315727,2944.910660098709,0.6454026449969178,1244.4643486362975,0.5327426466226478,0.9036103316264075,0.40744984984135124,0.2087481009259387,0.015688739879526396,0.597973497581913,10.05274630358953,0.3983816416615633,0.31036283588030505,0.01830838341581627,5.358172743915526,37.761,POOR,SYNTHETIC_RESEARCH_BASED,ML_TRAIN_TEST_DEVELOPMENT_ONLY,PCL literature-informed morphology + FTIR + mechanical latent-quality simulation,TRAIN
SYN_01099,168.98184677133526,44.52828094365739,0.379423097943462,0.346822863774058,0.20180998057251234,0.6782334398975545,0.5897970541895868,0.7542650016508469,6.032359850331305,1.585014389243992,1722.9396550760848,0.8714921541471463,2939.9085368092096,0.6107581876999186,1241.2503538987683,0.5427533495381608,1.2101313282708939,0.49551107536923167,0.16135986981924477,0.003952787937859764,0.7044070140827126,13.471623931426748,0.4747925133492911,0.24736599494366487,0.032505096643799504,11.713941368648701,73.148,GOOD,SYNTHETIC_RESEARCH_BASED,ML_TRAIN_TEST_DEVELOPMENT_ONLY,PCL literature-informed morphology + FTIR + mechanical latent-quality simulation,TRAIN
SYN_01100,171.85385767438171,37.89085288946207,0.39046339773840927,0.3611038660850554,0.20342253987153008,0.6495425292034182,0.5826400035363025,0.6898174861104148,4.886709706849348,1.5096964074958885,1716.316937458393,0.9246803966138425,2936.9312668007988,0.6233484771624748,1245.0214939957907,0.5964744684640968,1.1553373471230246,0.5035602281479624,0.15415573394517165,0.006877268323316858,0.816404283107246,15.643277507260809,0.49155493819600304,0.2729841269407031,0.02992687494799471,11.828877198750188,62.598,POOR,SYNTHETIC_RESEARCH_BASED,ML_TRAIN_TEST_DEVELOPMENT_ONLY,PCL literature-informed morphology + FTIR + mechanical latent-quality simulation,TRAIN
SYN_01101,141.2117017907086,54.12854737882486,0.4105071058409242,0.27414485967408253,0.15947102299779525,0.5924035968855108,0.3058346483396448,0.6020763289313362,7.4341478723234555,1.5193665257873432,1728.573612871081,0.8058817041702112,2940.892398098708,0.5988911351913514,1242.222873147977,0.5609326829634137,1.1736779817233332,0.48304745020878825,0.1884610435409257,0.014463967847296385,0.6781338958297969,9.541019119107553,0.5048654715416859,0.24778123690235945,0.008736699867452721,6.21552827443299,34.801,POOR,SYNTHETIC_RESEARCH_BASED,ML_TRAIN_TEST_DEVELOPMENT_ONLY,PCL literature-informed morphology + FTIR + mechanical latent-quality simulation,TRAIN
SYN_01102,123.70541327821465,36.72905226212876,0.4273518686807955,0.2947555765247609,0.12545809188357926,0.5443135784602081,0.28837713970850226,0.5410372033945301,6.151524135012642,2.1861261117560895,1723.2332182151463,0.9358332917453538,2941.6786245027233,0.6730481769908757,1242.4080617989455,0.5425360134500024,1.1615956564338046,0.41652118090124873,0.1894607219569022,0.017450464024322262,0.5829860004425388,12.919451460769563,0.4203991859738804,0.25941858591471034,0.016961491492611835,5.197020591434325,29.908,POOR,SYNTHETIC_RESEARCH_BASED,ML_TRAIN_TEST_DEVELOPMENT_ONLY,PCL literature-informed morphology + FTIR + mechanical latent-quality simulation,TRAIN
SYN_01103,137.1264572985341,40.569813649328474,0.3885228638892122,0.34256409662756065,0.1896056232567726,0.575176079155711,0.568598394765702,0.7110392870632796,6.008103966143953,1.9925209268576383,1724.0256769520329,1.0314339370505567,2934.145044783228,0.7075391329175896,1242.7683008429424,0.5174624883463527,1.1982805727299954,0.44344062876738227,0.1928272228250371,0.014444971895136768,0.7150494208676025,11.114940333162535,0.5049466302712013,0.3625522585517894,0.026034734899364382,8.888047963228196,54.438,POOR,SYNTHETIC_RESEARCH_BASED,ML_TRAIN_TEST_DEVELOPMENT_ONLY,PCL literature-informed morphology + FTIR + mechanical latent-quality simulation,TRAIN
SYN_01104,131.35766307952545,37.025575277679025,0.42328628589042133,0.32631820093060127,0.18297698508537164,0.6184847884838478,0.42375639824076167,0.5938124727902236,6.296591634842678,1.623826467834658,1727.8697710676195,0.7455363267246155,2939.27363509829,0.46488482361827144,1238.088667450379,0.42621692305748504,0.8669272054569845,0.3277611983194554,0.20424101694751887,0.016508518467562763,0.7440463826303776,10.819517124864971,0.40282556409490783,0.25560011643800074,0.012939609289726286,8.19993193472159,39.583,POOR,SYNTHETIC_RESEARCH_BASED,ML_TRAIN_TEST_DEVELOPMENT_ONLY,PCL literature-informed morphology + FTIR + mechanical latent-quality simulation,TRAIN
SYN_01105,155.5753826469044,26.27812864580231,0.42017204812715,0.3504981423496194,0.1653680745796751,0.6478122088473973,0.39732620583813283,0.6277231878329866,4.734340757238492,1.5671977284265663,1712.7592419140854,0.836942542658996,2937.763971877103,0.6026022263252382,1241.7112169177844,0.4853837269171038,1.210856642359773,0.4753665808057129,0.1579795520606496,0.013604166570561325,0.89433013182568,13.230447218919572,0.6053985931346326,0.2602147930775189,0.03244790251546943,7.870927138722862,57.399,POOR,SYNTHETIC_RESEARCH_BASED,ML_TRAIN_TEST_DEVELOPMENT_ONLY,PCL literature-informed morphology + FTIR + mechanical latent-quality simulation,TRAIN
SYN_01106,144.7283961312653,32.3442588909063,0.34430447153031846,0.4333585668336714,0.26801113926902487,0.7337696605860274,0.7432750370053903,0.7805125714587239,4.817027707603741,1.030813133770351,1720.8475123594667,0.9581005865380426,2937.334235795193,0.688033023707674,1240.131137122298,0.6666361513676458,1.6251222553189948,0.5489842229349502,0.15983606723887817,-6.0552033220057956e-05,1.0893802151731484,19.606790513306628,0.7192000474575119,0.18886732899511932,0.043868308663790226,13.87860354293563,97.082,GOOD,SYNTHETIC_RESEARCH_BASED,ML_TRAIN_TEST_DEVELOPMENT_ONLY,PCL literature-informed morphology + FTIR + mechanical latent-quality simulation,TRAIN
SYN_01107,117.40867388736116,30.01545309341817,0.3124394198128972,0.4002352794780954,0.2194856216305324,0.6970078035125707,0.6302575088340475,0.7625361458615999,5.948435860791605,1.3833517263740422,1727.7068780249724,0.9421627584685206,2935.8108585066593,0.7222329480657718,1240.578907061295,0.6536447348145009,1.439347010825884,0.5255069650320333,0.1848505894498291,0.008692583600979612,1.0017222676219473,19.899223485569944,0.6971729059491898,0.21240628395860453,0.04039196924781949,14.362276627707969,85.624,GOOD,SYNTHETIC_RESEARCH_BASED,ML_TRAIN_TEST_DEVELOPMENT_ONLY,PCL literature-informed morphology + FTIR + mechanical latent-quality simulation,TRAIN
SYN_01108,155.41775522393013,44.92564091870019,0.42222388101489766,0.3136685960309258,0.18751591484615585,0.6308220460701274,0.48645714108569427,0.6863908782631062,5.538892999999479,2.15403138508383,1718.6874749342007,0.910513372151963,2940.360205192194,0.655649439112471,1235.0570571513597,0.4953270910148587,1.1374953279368416,0.49280816490659435,0.1762510580735049,0.004645109955899837,0.7667126160914693,9.73908528084108,0.5318531886020031,0.21321640598565725,0.020576993930748896,7.533339653457155,56.968,POOR,SYNTHETIC_RESEARCH_BASED,ML_TRAIN_TEST_DEVELOPMENT_ONLY,PCL literature-informed morphology + FTIR + mechanical latent-quality simulation,TRAIN
SYN_01109,140.51466146337037,35.79209349607428,0.39832362312072844,0.31812897973790316,0.15750007440663033,0.6750849967693918,0.5035330595939448,0.6842614767397286,6.341328607705503,2.0693527808162484,1722.2868959560808,0.8517835360521026,2941.6642617123603,0.5474969836967587,1240.2077860511652,0.5937902333054715,1.0840795266649301,0.46750590566397376,0.19612545801931208,0.017342284311450094,0.7091145970063979,14.61741728774114,0.5052291110522416,0.31636200720033114,0.022411077807059202,10.250707975063106,56.48,POOR,SYNTHETIC_RESEARCH_BASED,ML_TRAIN_TEST_DEVELOPMENT_ONLY,PCL literature-informed morphology + FTIR + mechanical latent-quality simulation,TRAIN
SYN_01110,160.8009619686093,29.187639876869714,0.33382797776542206,0.36720285874897657,0.23142184923150544,0.6637055499882148,0.6350926396131592,0.745157368050884,5.347873722567402,1.109762514038683,1715.4790542868252,0.8360628378720507,2939.4149623980857,0.606208796486702,1238.3496947446015,0.6527383423357273,1.2391442200340395,0.4619091375869132,0.16692031018417652,0.004842730361572013,0.8075136603389673,12.179796365932209,0.39522854091155535,0.33238533601255665,0.02051312516350453,8.75333678050601,58.614,POOR,SYNTHETIC_RESEARCH_BASED,ML_TRAIN_TEST_DEVELOPMENT_ONLY,PCL literature-informed morphology + FTIR + mechanical latent-quality simulation,TRAIN
SYN_01111,154.8475944057529,48.98800729263706,0.4252265541173894,0.37713724113843605,0.2417262612695343,0.7016511675421955,0.507900926018237,0.768078941055925,5.978605167803311,1.032017049740625,1727.8603717803805,0.9214994950221165,2942.671854609884,0.7011220392042331,1237.3286099912714,0.6339105209795605,1.3112536598318192,0.4920727472326304,0.16490182525142816,0.015788158212769327,0.8829811845984208,14.23096352930358,0.5026197685241173,0.24468398280869624,0.031123153549441784,11.158841588437902,77.898,GOOD,SYNTHETIC_RESEARCH_BASED,ML_TRAIN_TEST_DEVELOPMENT_ONLY,PCL literature-informed morphology + FTIR + mechanical latent-quality simulation,TRAIN
SYN_01112,160.4578471402079,38.80698195963813,0.33017177959618277,0.31161361628118683,0.2268305687141276,0.6343488496752792,0.594896776074752,0.8008727266509057,6.079403269594211,1.2862626101694559,1725.0688702617165,0.8688255533517022,2934.1567058261703,0.5371386317432871,1240.7408106218727,0.5024440713592472,0.9969170212559302,0.4955670561868789,0.17137884034476672,0.014700372505373465,0.8159457940732571,12.612572617643066,0.4420563092252372,0.24216932285624337,0.044082008889634594,12.149117032658044,66.633,POOR,SYNTHETIC_RESEARCH_BASED,ML_TRAIN_TEST_DEVELOPMENT_ONLY,PCL literature-informed morphology + FTIR + mechanical latent-quality simulation,TRAIN
SYN_01113,157.64641931995752,27.087767159338412,0.2439781430154698,0.42790711185657265,0.26029761081726077,0.7514456864925023,0.6747664855891391,0.7921947939093535,4.346799953574791,1.2955395722250052,1718.6589360895912,0.9664968644414187,2931.051770809641,0.8012553298614654,1242.054478005951,0.6431876755265924,1.2495094134050213,0.5893197987351886,0.15421337473394553,0.007703924125721966,1.1330333898452696,17.597300284072386,0.7915164952602902,0.21933994994324366,0.030861690683429706,12.467592228728625,87.669,GOOD,SYNTHETIC_RESEARCH_BASED,ML_TRAIN_TEST_DEVELOPMENT_ONLY,PCL literature-informed morphology + FTIR + mechanical latent-quality simulation,TRAIN
SYN_01114,140.23944096727038,36.224772797969635,0.3583470293529663,0.4028236874844327,0.20043521319674576,0.6632821347448087,0.6092719623215377,0.6509317441483772,5.505430549635385,1.565270774746015,1724.8518200557683,0.9584366285700665,2940.0743738919477,0.5881200643590194,1237.2559069030615,0.5152148625762452,1.301756556442447,0.5252416478185872,0.16391998907254599,0.016702855199858604,0.7611260030692795,14.627298456226718,0.5097122707144441,0.2070663157161497,0.03562261211100665,8.29001038440928,58.289,POOR,SYNTHETIC_RESEARCH_BASED,ML_TRAIN_TEST_DEVELOPMENT_ONLY,PCL literature-informed morphology + FTIR + mechanical latent-quality simulation,TRAIN
SYN_01115,141.04881397389005,33.24499243237334,0.2695923538573241,0.43022391773507057,0.2085525110989345,0.7800277606769076,0.7091136937239458,0.8082672220350008,5.237984461600416,0.8564388678476496,1718.7604498597132,0.9716243258473826,2935.3726102877513,0.8154924724058908,1240.7874903566044,0.6384219071661529,1.3405961981219459,0.516773869162519,0.1285177277791296,0.007171596980790109,1.1058537347216137,16.961090764449047,0.7051799181188457,0.1413701797280965,0.043776498168017264,14.529990877590219,93.167,GOOD,SYNTHETIC_RESEARCH_BASED,ML_TRAIN_TEST_DEVELOPMENT_ONLY,PCL literature-informed morphology + FTIR + mechanical latent-quality simulation,TRAIN
SYN_01116,147.13229834125835,32.04381946190224,0.35853379599546775,0.4123705059520708,0.22515205054779114,0.7199519714637604,0.6309874832557243,0.8087543452023266,5.558767165662344,1.3852510901878035,1717.1899605800877,0.9688328912572115,2940.907797014649,0.6933293991543136,1247.2874008700471,0.6716691146513077,1.502558223738162,0.5756217615353213,0.12451279609708396,0.0034791452595408986,0.9551285415226834,18.380137648240023,0.7157172375165571,0.18300994957341926,0.04392861603654028,13.892926982742173,92.137,GOOD,SYNTHETIC_RESEARCH_BASED,ML_TRAIN_TEST_DEVELOPMENT_ONLY,PCL literature-informed morphology + FTIR + mechanical latent-quality simulation,TRAIN
SYN_01117,157.96624694480943,34.438615247119216,0.31584759866725726,0.37229161990255855,0.22258492667300322,0.7683561812917575,0.6487709578806571,0.770885257302954,5.599901794314737,1.557062514716354,1724.0980966172085,0.8438461494983832,2930.9882065134416,0.6615125634185066,1239.1240072688793,0.6176716570987847,1.3917003720528478,0.47616624634598675,0.11296724923880998,0.008429301099838228,1.0080573393602599,17.168380587101577,0.6603400252578354,0.25916256528944925,0.0388599856685279,12.744262496030935,77.424,GOOD,SYNTHETIC_RESEARCH_BASED,ML_TRAIN_TEST_DEVELOPMENT_ONLY,PCL literature-informed morphology + FTIR + mechanical latent-quality simulation,TRAIN
SYN_01118,143.83216787589467,32.922965678582905,0.28922570404241066,0.4083588324937742,0.25340284337040325,0.7526630731204818,0.6657497432149453,0.7419919399860448,5.709768170154762,1.4320862772697938,1717.720150058622,0.8650527733311449,2941.040718243115,0.7196443067877221,1241.9143939271803,0.6949908185969041,1.278277349183192,0.4952593623234853,0.12541829672671143,0.008352670422555369,0.9958753523112517,18.919676268892477,0.6941738588602263,0.29877561589320334,0.04329520491644277,11.375078394958216,83.736,GOOD,SYNTHETIC_RESEARCH_BASED,ML_TRAIN_TEST_DEVELOPMENT_ONLY,PCL literature-informed morphology + FTIR + mechanical latent-quality simulation,TRAIN
SYN_01119,164.29525543333514,41.62266989701087,0.3507376806308414,0.30357754990328806,0.2006188042376916,0.6586501983111214,0.4249271103086099,0.7384552339117797,6.300791078511935,1.406306521664507,1710.5124373829694,0.7780629345697538,2929.437243283045,0.6534262652932957,1248.6467020968112,0.5840017023804029,1.0228822174455094,0.5063526897757779,0.16589765442923768,0.01717483642787848,0.61062887928991,11.411633488813152,0.4984619848935349,0.30318988237340344,0.030774336369300787,8.678451218587766,47.736,POOR,SYNTHETIC_RESEARCH_BASED,ML_TRAIN_TEST_DEVELOPMENT_ONLY,PCL literature-informed morphology + FTIR + mechanical latent-quality simulation,TRAIN
SYN_01120,150.39593177963894,35.68367761663746,0.3533754718391016,0.3720212458740102,0.2473355210421408,0.7392513557141662,0.7168655827652004,0.7717536171550329,5.0265013462930535,1.389539637262018,1726.7680981688677,0.9983431790681793,2928.826384552514,0.7167369900306988,1237.7435694570706,0.598175956917562,1.2205017580571726,0.5480901340299763,0.1062628006987248,0.01069285009771418,1.1034166012714857,15.370158470642183,0.4744330892828338,0.23726387017142836,0.04357093796274025,12.482576051122308,83.009,GOOD,SYNTHETIC_RESEARCH_BASED,ML_TRAIN_TEST_DEVELOPMENT_ONLY,PCL literature-informed morphology + FTIR + mechanical latent-quality simulation,TRAIN
SYN_01121,144.2177523984023,35.32665099021862,0.29710082649923664,0.37922992407310896,0.20085807092111344,0.6843236531900655,0.6344278277144684,0.7425087117134423,6.026856433279576,1.6018796651266052,1715.6915773048102,0.8585015679344199,2942.8003268785346,0.6188542937453626,1237.9862419844358,0.6015120990937213,1.171891823315987,0.5200252722384477,0.14290276611175723,0.004481926292152778,0.8528740162065894,17.519350759052713,0.5647023503477437,0.19156780481032454,0.03083376906985879,11.115235771378979,65.171,POOR,SYNTHETIC_RESEARCH_BASED,ML_TRAIN_TEST_DEVELOPMENT_ONLY,PCL literature-informed morphology + FTIR + mechanical latent-quality simulation,TRAIN
SYN_01122,166.28230724411173,40.37996006845057,0.27547742537847786,0.4658921978254659,0.263980296339781,0.7857689219599318,0.7987129184832396,0.78815226604997,4.330255771395461,1.385013423609324,1725.5485057859612,0.9161000603704219,2931.2226501929663,0.7497734696608638,1230.7002010646927,0.7167118093138812,1.2501890675928036,0.5592370921819516,0.16253166580922399,0.011846921692582474,1.0935021317390976,18.887821722404883,0.7788982137835093,0.23307418936239488,0.043091330491795116,14.465392084038259,95.541,GOOD,SYNTHETIC_RESEARCH_BASED,ML_TRAIN_TEST_DEVELOPMENT_ONLY,PCL literature-informed morphology + FTIR + mechanical latent-quality simulation,TRAIN
SYN_01123,161.08341168063632,40.236524585582494,0.43806729995254257,0.32290143339409444,0.1788630877957319,0.6245137690117033,0.5495699576226748,0.7321964491290002,6.105968853489477,1.6565348171668244,1713.6242307986279,0.8218848519879833,2931.3158279660943,0.6216155590989463,1245.9288662409308,0.5246934345932232,1.164256556916076,0.35386899210894457,0.17827480453957387,0.015296523781604723,0.5163469654288355,11.211949517119963,0.5281623099107181,0.31190791552326785,0.014583144150519083,5.866469084865838,39.634,POOR,SYNTHETIC_RESEARCH_BASED,ML_TRAIN_TEST_DEVELOPMENT_ONLY,PCL literature-informed morphology + FTIR + mechanical latent-quality simulation,TRAIN
SYN_01124,156.78688768490423,53.770379850202644,0.41714694061406715,0.32367050063691255,0.18770867952608403,0.6362129298573828,0.4774463436195283,0.6689705735170625,6.792978316980796,1.4844510813834835,1725.6007103472193,0.789709273766799,2945.1357359951544,0.6198527967582511,1230.5835342231444,0.48591354632149836,1.1950650275667154,0.4273398094447712,0.19811625512160108,0.02344409652414476,0.6718032728948079,14.57302374867943,0.6831763472641573,0.21008417921260944,0.024078499260578524,8.601349297598889,47.726,POOR,SYNTHETIC_RESEARCH_BASED,ML_TRAIN_TEST_DEVELOPMENT_ONLY,PCL literature-informed morphology + FTIR + mechanical latent-quality simulation,TRAIN
SYN_01125,153.46741095881734,42.82146614677594,0.41447828260746783,0.4051826240642835,0.23623437889294507,0.6624809854672853,0.5949164260856138,0.6949027217682332,5.261269479866444,1.8812910865582335,1722.0213463815453,0.748357241798674,2932.6943060330186,0.5434893628108453,1237.89512245205,0.5121014438518651,1.1613869117409545,0.48509075733520723,0.17485879909529203,0.013833914502599496,0.5834313493416203,15.508794225767685,0.41219119438071766,0.24408299318283921,0.02729367587734303,11.06630765225653,59.967,POOR,SYNTHETIC_RESEARCH_BASED,ML_TRAIN_TEST_DEVELOPMENT_ONLY,PCL literature-informed morphology + FTIR + mechanical latent-quality simulation,TRAIN
SYN_01126,141.9983942948337,31.837557927505667,0.3785751452750782,0.392733848226788,0.21896826663927516,0.7054906355884738,0.6103091965477602,0.7992492096530405,6.2082949972930646,1.8379870908328457,1723.3069941042634,0.8438695238502928,2937.4755620228184,0.6462465757532578,1239.5536635828835,0.5538668652103442,1.1990947730949861,0.48070260846747576,0.20773882409399336,0.011590060471950589,0.7002145876766226,16.254191792858144,0.5859044134409674,0.3329456163058434,0.029982890187896072,9.427095899347618,73.187,GOOD,SYNTHETIC_RESEARCH_BASED,ML_TRAIN_TEST_DEVELOPMENT_ONLY,PCL literature-informed morphology + FTIR + mechanical latent-quality simulation,TRAIN
SYN_01127,152.8327948113591,35.28280333661223,0.3240397072014709,0.39122564426595735,0.24376628317601082,0.7090469649801043,0.6164664339775693,0.7063991094441249,5.020030005665773,1.615081884871868,1726.9650750502547,1.108453366890957,2938.184478037472,0.6394470152058992,1245.5469786544575,0.5246227541957723,1.3740583727885156,0.44198528039698914,0.18624660589353517,0.007285038977868156,0.7378202513491701,15.845266444593777,0.6573001915369704,0.21714724947258696,0.03878404537603234,9.769834603498316,70.584,GOOD,SYNTHETIC_RESEARCH_BASED,ML_TRAIN_TEST_DEVELOPMENT_ONLY,PCL literature-informed morphology + FTIR + mechanical latent-quality simulation,TRAIN
SYN_01128,163.3571897248854,33.301452918762635,0.36873374910241324,0.3610418164777272,0.18737655321654306,0.60850037377239,0.5479214206786125,0.6600340417868462,6.677306137928351,2.1140172127956567,1725.8080394008357,0.8530177397380221,2933.3377778239023,0.7033225290839454,1231.1739170176293,0.5834955680589932,0.873835636657499,0.3607681576164794,0.19490300855337922,0.015825408368421078,0.6277446325374354,11.577966032179516,0.430131835187306,0.29954212908050454,0.022057961383132367,6.756775512625508,40.422,POOR,SYNTHETIC_RESEARCH_BASED,ML_TRAIN_TEST_DEVELOPMENT_ONLY,PCL literature-informed morphology + FTIR + mechanical latent-quality simulation,TRAIN
SYN_01129,169.4563561396585,28.656248387109212,0.32637896667900484,0.3834167062736056,0.23819275467236203,0.8129175659279095,0.849870723326835,0.838012953807158,5.521163281662512,0.9818289516056993,1721.89346379105,0.9898890277187647,2938.983423890376,0.7394988756399581,1250.878285343676,0.6156056440532974,1.4193016189368322,0.5725423969877749,0.1434854459548577,0.0069850569373129945,0.986374548438628,18.130167641792134,0.4903945893433315,0.20775242240032318,0.03546783530521866,11.494721486282742,92.044,GOOD,SYNTHETIC_RESEARCH_BASED,ML_TRAIN_TEST_DEVELOPMENT_ONLY,PCL literature-informed morphology + FTIR + mechanical latent-quality simulation,TRAIN
SYN_01130,164.43506789945695,39.23086699875606,0.3743839748776468,0.3815026094303732,0.22219620568057663,0.7480106721401172,0.6995585433354603,0.7422088768436206,5.044281800882189,1.3594806939361708,1728.6779951351984,0.870940892948131,2946.0622173216166,0.6110252361091179,1245.2877017075687,0.7235143141029353,1.4134525664777196,0.52092754447327,0.15714427451085344,0.0036845504923998956,1.0837921665551515,18.128261398798852,0.5842926956029346,0.23507841109776564,0.04223997309822064,12.680716222574594,89.133,GOOD,SYNTHETIC_RESEARCH_BASED,ML_TRAIN_TEST_DEVELOPMENT_ONLY,PCL literature-informed morphology + FTIR + mechanical latent-quality simulation,TRAIN
SYN_01131,175.1395633349927,29.724770169401978,0.29641044025964236,0.4206386175069097,0.25477137050623616,0.7304374036693917,0.7175893114899278,0.7808899530063413,4.771600264952935,1.4265186590068515,1717.121521594934,1.0102634760783793,2940.002378502349,0.7088420526097556,1241.6454283822438,0.596906661268926,1.2794581842349473,0.5425927245386428,0.11535639688459039,-7.325357336537136e-05,0.9127288528704862,17.153543662018922,0.6043530852842247,0.22506451358113774,0.038948300221751234,14.427958098758403,90.544,GOOD,SYNTHETIC_RESEARCH_BASED,ML_TRAIN_TEST_DEVELOPMENT_ONLY,PCL literature-informed morphology + FTIR + mechanical latent-quality simulation,TRAIN
SYN_01132,178.3420834689878,36.496050556904926,0.43057062999627643,0.3259933966285351,0.19855877692884122,0.652577092378111,0.5800630994877557,0.7377339250164492,5.045270065102189,1.9985151865922235,1725.4268091455826,0.837742927471669,2946.65892994006,0.4940900058207711,1234.7926213344115,0.5689351243012759,1.0070689837933737,0.4810481937115031,0.16624152853683752,0.014504085501149972,0.7346132339026836,10.838357789011603,0.5500218063779041,0.29968304084783376,0.028206844662395054,6.795657095561596,57.968,POOR,SYNTHETIC_RESEARCH_BASED,ML_TRAIN_TEST_DEVELOPMENT_ONLY,PCL literature-informed morphology + FTIR + mechanical latent-quality simulation,TRAIN
SYN_01133,169.57352319899022,44.15622042900128,0.4148291267454003,0.3700696614037847,0.2188054176035229,0.7011773854220855,0.5427050419922035,0.7916823185971815,6.8279999476388165,1.8999188144741046,1718.90312173831,0.9560992477020397,2938.061769411551,0.5970653191848008,1235.5356816667702,0.6108807089671999,1.2566350979835608,0.5061772348589769,0.16706055265349695,0.016663951506518657,0.8454763488883217,15.107764823315405,0.6141375871417932,0.3342582047555365,0.03582214551111536,10.375671814391422,70.476,GOOD,SYNTHETIC_RESEARCH_BASED,ML_TRAIN_TEST_DEVELOPMENT_ONLY,PCL literature-informed morphology + FTIR + mechanical latent-quality simulation,TRAIN
SYN_01134,148.67577771218245,41.62540575293425,0.34158794451334373,0.3926670227383759,0.20860210884929592,0.6726165583505836,0.6504776488202091,0.7560133717338898,5.61252110427844,1.4432482061799559,1727.276217671451,0.8272754454695245,2938.8944797021372,0.6826047658279673,1231.1139341485834,0.558783244048919,1.3571653790803015,0.4913105239546365,0.14409393791790137,0.008698144544221598,0.9696786748099588,15.469986451909437,0.6180490804770965,0.33306755688444845,0.02815157317916285,10.748989981624884,83.563,GOOD,SYNTHETIC_RESEARCH_BASED,ML_TRAIN_TEST_DEVELOPMENT_ONLY,PCL literature-informed morphology + FTIR + mechanical latent-quality simulation,TRAIN
SYN_01135,157.2985596962178,44.07702322141645,0.44417742117694814,0.31957710651487375,0.20452890328377385,0.6318857504441815,0.5184052952088755,0.6694229145276017,5.845120496420491,1.9582943675431654,1721.3300136495066,0.8418770757612695,2955.459710129551,0.6683133245000329,1240.6971734744905,0.5205713841992913,1.1059957077746985,0.4448776492782636,0.17022887145861537,0.013614636150177762,0.6158416134082614,10.222952389798735,0.6027765540790562,0.2322543009016765,0.025949728413133043,8.147676054743277,40.399,POOR,SYNTHETIC_RESEARCH_BASED,ML_TRAIN_TEST_DEVELOPMENT_ONLY,PCL literature-informed morphology + FTIR + mechanical latent-quality simulation,TRAIN
SYN_01136,130.74622778824346,50.81066522080815,0.449626169386593,0.2682454538648339,0.17217705443119283,0.6019219051124453,0.2889294032913738,0.627736120491433,6.436672937033483,2.5027152079985675,1723.2707010681277,0.7465552651010479,2937.8651191351446,0.6221349944207147,1240.5244553303571,0.4819166517226734,1.108118348945357,0.41045722187466965,0.18693526714480252,0.014211778611122737,0.7114435498202166,9.969502542337782,0.4762886005980809,0.2608732537437725,0.024577458836725054,6.55107582977513,29.476,POOR,SYNTHETIC_RESEARCH_BASED,ML_TRAIN_TEST_DEVELOPMENT_ONLY,PCL literature-informed morphology + FTIR + mechanical latent-quality simulation,TRAIN
SYN_01137,149.9958490662188,31.20067616632929,0.32780107383975937,0.35217049997824507,0.19294348160369426,0.7346276145828029,0.6770831047203985,0.7614845011288612,4.852055950492213,1.5638018803375306,1720.3091008062947,1.0791255840368377,2938.302520980732,0.6801585246488647,1235.4049979642828,0.7528602507392784,1.358803703181088,0.5708416240990477,0.12201001514678278,0.008773475057993828,0.7418866315764464,15.465720792536164,0.7061991879793232,0.20175299967645005,0.03679471716812968,9.984296156535757,81.698,GOOD,SYNTHETIC_RESEARCH_BASED,ML_TRAIN_TEST_DEVELOPMENT_ONLY,PCL literature-informed morphology + FTIR + mechanical latent-quality simulation,TRAIN
SYN_01138,161.43034065946517,36.99215245213787,0.3400840525772035,0.3140327285134648,0.17173067103762985,0.7277016420599804,0.49765710688943904,0.7360266832665694,4.919805026589415,1.5706046193427414,1726.24022572569,0.7811050233591323,2941.839935527213,0.6341229546254139,1239.7185576325744,0.6253816953788736,1.1980271915371705,0.4762044220303959,0.13546623327580787,0.012972553210841856,0.649057907455942,12.413861451563953,0.43319345984992674,0.29046378290922653,0.019202260425296207,7.631055695915022,59.599,POOR,SYNTHETIC_RESEARCH_BASED,ML_TRAIN_TEST_DEVELOPMENT_ONLY,PCL literature-informed morphology + FTIR + mechanical latent-quality simulation,TRAIN
SYN_01139,117.61715893628777,28.76307310566524,0.40614472998478246,0.3413997742287736,0.21387339231264652,0.5653127636108881,0.46916573089219943,0.6105431538618666,6.44425572231146,1.8895118807724676,1723.689701500702,0.8817842802209694,2938.154180743216,0.5279043739344129,1226.2526538339016,0.5334535177507751,1.2429499085414741,0.5030734275220591,0.14981863459755196,0.01103923622992712,0.6443131862497927,16.421267526340486,0.57547695542108,0.24838763415031898,0.02410625480172599,7.709380498830685,54.83,POOR,SYNTHETIC_RESEARCH_BASED,ML_TRAIN_TEST_DEVELOPMENT_ONLY,PCL literature-informed morphology + FTIR + mechanical latent-quality simulation,TRAIN
SYN_01140,139.58173761312355,47.18444270983347,0.4050762370867844,0.3425679922666309,0.16151025218530543,0.6968347066963906,0.5120668275807595,0.6893247121004007,7.335722414789526,1.7555246334028725,1719.9285640832782,0.8925066749772373,2942.1159645288762,0.6521567442321481,1243.678368751491,0.6070199416258149,1.2119615043733234,0.4018214753075784,0.1893489779089726,0.012266133628586489,0.7542361067299119,13.922513657360055,0.3543745411484851,0.21831567593677859,0.009999935756983828,8.059069384210025,41.204,POOR,SYNTHETIC_RESEARCH_BASED,ML_TRAIN_TEST_DEVELOPMENT_ONLY,PCL literature-informed morphology + FTIR + mechanical latent-quality simulation,TRAIN
SYN_01141,155.83615288337666,40.3632684172411,0.40101614276126923,0.32948604507641577,0.1176938345417687,0.6868314569099507,0.42120487649782096,0.6517672968357894,7.511968275502825,1.944969487439275,1725.394210093097,0.9008169368568882,2940.6343804985604,0.7307092863971708,1241.6053064219948,0.5424799627779455,1.2359608898949663,0.4972137329701582,0.13263271947899902,0.004987002683230412,0.7261071402711268,15.648148817708808,0.45476909339907606,0.26547570752572536,0.01501770150490974,9.788329970698426,60.068,POOR,SYNTHETIC_RESEARCH_BASED,ML_TRAIN_TEST_DEVELOPMENT_ONLY,PCL literature-informed morphology + FTIR + mechanical latent-quality simulation,TRAIN
SYN_01142,115.20598874092471,36.10206620744268,0.4206431115387213,0.306891616751166,0.19238888711237387,0.6477605458642491,0.46856523774142084,0.6520823969269207,7.1787510226444144,1.8911379219078153,1731.6453154407461,0.8569793517029098,2937.195165598501,0.641702492464464,1243.0129012404764,0.5307387524929896,1.0902636272313981,0.46116229832815137,0.21684506975804946,0.011208408659476515,0.7404183301568212,11.734143117405317,0.45338938921514793,0.2296359156202991,0.027653802223622473,5.6014590276032665,43.478,POOR,SYNTHETIC_RESEARCH_BASED,ML_TRAIN_TEST_DEVELOPMENT_ONLY,PCL literature-informed morphology + FTIR + mechanical latent-quality simulation,TRAIN
SYN_01143,154.74097614604557,46.07049415848756,0.33956062718813906,0.409572036799329,0.23140787600937632,0.7429331798141325,0.628189361795965,0.7041590545245682,6.193366775277097,1.3725472646824994,1728.073154729865,0.8992652776836856,2940.3297794445266,0.6917532472145214,1240.9063758424047,0.5551592581096483,1.4580029393201126,0.44369841054740944,0.13298589834305558,0.0059690443700404425,0.8166813825377784,13.751765883387076,0.5294053802789465,0.2340880730328713,0.031226240412423938,10.316432439465846,76.707,GOOD,SYNTHETIC_RESEARCH_BASED,ML_TRAIN_TEST_DEVELOPMENT_ONLY,PCL literature-informed morphology + FTIR + mechanical latent-quality simulation,TRAIN
SYN_01144,153.49818335519518,40.44793664951963,0.39824746403690026,0.4115858308894406,0.20880104176866174,0.6537149831974841,0.6193236841233526,0.7523234872689787,6.740364445835816,1.736306359893527,1713.6927624238867,0.8583221063002824,2934.5490035345397,0.6421500654249132,1242.1332724530403,0.6169658883707878,1.1732994080415635,0.4620275964669628,0.18751788806805728,0.004453954919988046,0.8964529192221238,13.454094800191202,0.5592827998568586,0.28037252575335064,0.0225788504707194,8.76481978538897,60.002,POOR,SYNTHETIC_RESEARCH_BASED,ML_TRAIN_TEST_DEVELOPMENT_ONLY,PCL literature-informed morphology + FTIR + mechanical latent-quality simulation,TRAIN
SYN_01145,174.51225083771766,34.053107364477064,0.29735578193180534,0.3737888935738435,0.2109278157530011,0.6991733653142505,0.6559832882703808,0.7805319683238447,5.102562143790194,1.1209190724325804,1721.5004845762112,0.8038249233496277,2952.9691385363803,0.6507977744179023,1239.0444292537004,0.532339024448259,1.1970898890900925,0.5018742745193963,0.20443853098490644,0.012067038018209669,0.8018720403158013,12.425219830539724,0.46785103692967933,0.2883694154453374,0.02511054809402056,10.93437235428053,60.291,POOR,SYNTHETIC_RESEARCH_BASED,ML_TRAIN_TEST_DEVELOPMENT_ONLY,PCL literature-informed morphology + FTIR + mechanical latent-quality simulation,TRAIN
SYN_01146,138.08623307839855,26.435508261593263,0.4415304275595193,0.40203433776690406,0.20990463878302767,0.675484954754137,0.45004653215274537,0.714548286877129,6.384527136487595,2.0669696645918734,1727.119128853432,0.919869729713863,2928.299387087459,0.7091746969133969,1246.3894518237107,0.6181791193894234,1.2781127439488396,0.5009347253834321,0.16167608105307915,0.01718013740726051,0.6616070946260737,15.244162017294897,0.351955903893288,0.39038294937361806,0.010822581797464153,7.96385102155487,49.541,POOR,SYNTHETIC_RESEARCH_BASED,ML_TRAIN_TEST_DEVELOPMENT_ONLY,PCL literature-informed morphology + FTIR + mechanical latent-quality simulation,TRAIN
SYN_01147,167.87782450003536,42.99086530129976,0.3837852975673094,0.3187985438290352,0.2062044998798408,0.6870258617976748,0.48121942123332895,0.716335780398294,5.346531745721782,1.8094269514409587,1718.7429536091379,0.7766117034321824,2944.241377791969,0.47041253081300993,1243.7037198696275,0.5847049008086762,1.0854138838704486,0.4394369452920474,0.20598026909112935,0.015280899110780356,0.5245598660024094,15.686640809757536,0.5149497541234499,0.263730627236329,0.0035311093868821315,9.577244019102963,46.574,POOR,SYNTHETIC_RESEARCH_BASED,ML_TRAIN_TEST_DEVELOPMENT_ONLY,PCL literature-informed morphology + FTIR + mechanical latent-quality simulation,TRAIN
SYN_01148,158.06026052167724,36.605196582839426,0.3402691654744906,0.3615951107853121,0.22994742587935119,0.7584408911995822,0.69152298166673,0.7824289621974386,4.051488737485837,1.5083853457273149,1725.3074027133339,0.9399596802628388,2940.418926455075,0.6867469702396628,1234.216404548528,0.6067469252399412,1.2672355981040937,0.5583692156778726,0.15174821546813994,0.0051024895920539735,0.933591864165092,20.922496538941722,0.6193018726787104,0.1183018393382653,0.036796823771073434,12.622541674811327,84.04,GOOD,SYNTHETIC_RESEARCH_BASED,ML_TRAIN_TEST_DEVELOPMENT_ONLY,PCL literature-informed morphology + FTIR + mechanical latent-quality simulation,TRAIN
SYN_01149,163.5005275367461,30.372332689030717,0.3723710358740655,0.40181313737616003,0.21978583436830967,0.7479511645427371,0.6958968550602334,0.7283412411129776,5.720649353378354,1.0409446488032623,1720.459617636615,0.9337604235400284,2946.6172984473897,0.7123092311292243,1234.2075121902187,0.5954277116391392,1.189974901731147,0.5527169864347571,0.16986378103141272,0.009195062397007176,0.8178285657539095,17.920534451240275,0.5639877886347021,0.22090286100605203,0.03242249576798967,9.738222500429401,79.985,GOOD,SYNTHETIC_RESEARCH_BASED,ML_TRAIN_TEST_DEVELOPMENT_ONLY,PCL literature-informed morphology + FTIR + mechanical latent-quality simulation,TRAIN
SYN_01150,145.64701473570088,38.01220152545499,0.42252542028572476,0.32983917183563216,0.15929867678806642,0.649900756179122,0.34801639631797465,0.6801745633086602,6.752539338561156,1.2978977358698853,1723.8760640153814,0.7988910926229582,2928.22225893702,0.6109538842816972,1238.9729001289584,0.4892631471228962,1.0823480613130356,0.4329955541229521,0.1471671028385136,0.007678832228989036,0.7769978262454621,14.000802620308331,0.43266623039331853,0.2601909137640417,0.02014850735435852,7.314550712962687,45.49,POOR,SYNTHETIC_RESEARCH_BASED,ML_TRAIN_TEST_DEVELOPMENT_ONLY,PCL literature-informed morphology + FTIR + mechanical latent-quality simulation,TRAIN
SYN_01151,144.12327114210663,42.023468501876096,0.35597260146679477,0.29184590890301093,0.19277087411599197,0.5797335274763966,0.32940499241147797,0.6062619858989282,6.38613772905233,1.5799620511970491,1725.7756468110235,0.8386471382041001,2923.8356105521943,0.6379927563874322,1239.285604822152,0.668859354775209,1.1978395443676668,0.463568542991667,0.15445326731124404,0.01962408040776506,0.8215216046375253,8.152502163461296,0.4741126540585645,0.261407122724588,0.020932456768232206,7.2790872219207605,50.064,POOR,SYNTHETIC_RESEARCH_BASED,ML_TRAIN_TEST_DEVELOPMENT_ONLY,PCL literature-informed morphology + FTIR + mechanical latent-quality simulation,TRAIN
SYN_01152,159.78868041265304,48.76666045128475,0.3097110643827272,0.42369373262632626,0.2337992144528887,0.6969057385456163,0.6616535884221724,0.792949525388509,4.4838397664674545,1.2292990519394813,1731.5486599301353,0.8581172754844398,2930.2631226315884,0.6141758932178668,1244.7229368354178,0.6401893413314488,1.1389789757659823,0.517011083920149,0.1685964023692817,0.007748715934067247,0.9371023678323612,17.68805212060731,0.5334375736838405,0.2762022311116888,0.026097830899877668,12.618812845493851,77.581,GOOD,SYNTHETIC_RESEARCH_BASED,ML_TRAIN_TEST_DEVELOPMENT_ONLY,PCL literature-informed morphology + FTIR + mechanical latent-quality simulation,TRAIN
SYN_01153,130.5213872303647,45.76259606959555,0.3616687241754719,0.317011037388921,0.1863935078784845,0.6082322003240942,0.43185018813345727,0.6831975683698609,6.5248836430675805,2.0923789825597168,1732.000515339285,0.8925353437504482,2954.465306320883,0.6431365026980178,1229.8383718167765,0.5499405575223585,1.0283826793942539,0.43298856779347616,0.19454613645732843,0.012548192354413349,0.6858012755381142,10.319990839266968,0.35105780329684505,0.30096527383729277,0.0317889877826857,8.355896314681894,27.162,POOR,SYNTHETIC_RESEARCH_BASED,ML_TRAIN_TEST_DEVELOPMENT_ONLY,PCL literature-informed morphology + FTIR + mechanical latent-quality simulation,TRAIN
SYN_01154,166.65741523874402,38.83666178032501,0.24545968478083738,0.36640283322024786,0.2496192551272734,0.7606184345109144,0.6289621895950677,0.7752032616591878,5.503848288151787,1.1877324145369679,1723.5163277229988,0.8734005043209138,2936.5690636104923,0.6578861713331396,1233.6897840232002,0.5646025115375014,1.1744739330623564,0.5283084496413254,0.13521931909904022,0.007073781078766321,0.8779975252898177,15.392155564214152,0.5893928793696372,0.1833531450428727,0.03665813098035586,11.898192046908107,86.059,GOOD,SYNTHETIC_RESEARCH_BASED,ML_TRAIN_TEST_DEVELOPMENT_ONLY,PCL literature-informed morphology + FTIR + mechanical latent-quality simulation,TRAIN
SYN_01155,144.71957125550813,27.366309361112314,0.39048037155901033,0.344752287702371,0.17846208040474507,0.5998326901857863,0.5464745561231898,0.6766729430130257,6.373902577142194,2.2856802471146405,1720.5751906714959,0.9696395104180006,2944.4366948979487,0.5679061372059996,1247.043267835664,0.5348276193684772,1.1421084143193632,0.42074360141241385,0.16566812047188298,0.014000907803675449,0.7880546544386859,11.001096753221741,0.49814363719921895,0.35750388136344896,0.029212619068029237,6.870551189098125,46.239,POOR,SYNTHETIC_RESEARCH_BASED,ML_TRAIN_TEST_DEVELOPMENT_ONLY,PCL literature-informed morphology + FTIR + mechanical latent-quality simulation,TRAIN
SYN_01156,174.63151940064668,30.303581422793425,0.32725837302612,0.3738212193624602,0.24557159971020848,0.7349207396381198,0.6089330792372054,0.8107381623691576,4.897472843946789,1.4232464413284225,1720.760977955777,0.8453727605536487,2938.709637809818,0.6785761672328772,1235.6717190615286,0.49191981230044274,1.1407802437628018,0.5081532158269766,0.1681563237922775,0.014848113798350465,0.8130415057300353,16.470138926748774,0.6625910326144551,0.2479695215793847,0.0313793917205881,9.314216770963569,74.824,GOOD,SYNTHETIC_RESEARCH_BASED,ML_TRAIN_TEST_DEVELOPMENT_ONLY,PCL literature-informed morphology + FTIR + mechanical latent-quality simulation,TRAIN
SYN_01157,149.9633589551946,36.66900364501551,0.42059986473458216,0.39460450397822855,0.21577819876362725,0.7096299173942027,0.5487557655904564,0.7075815950109086,5.40013701133128,1.6250691109822317,1718.2431584724018,0.7856579530523992,2950.9393385828002,0.7321300642519202,1246.882054720787,0.6094229690044061,1.282232371028071,0.5297818056689132,0.13304607812728927,0.0011455782158042464,0.888543965241988,18.291419178130187,0.7849513339861769,0.2745278957615084,0.03757551383765221,11.911219524335174,82.456,GOOD,SYNTHETIC_RESEARCH_BASED,ML_TRAIN_TEST_DEVELOPMENT_ONLY,PCL literature-informed morphology + FTIR + mechanical latent-quality simulation,TRAIN
SYN_01158,113.94636304841576,39.026301557041016,0.43186022945974945,0.32332791061000016,0.2013760558060297,0.6712623613288318,0.4810339203718923,0.6332765193513675,6.146161374588499,2.1185267958662193,1722.1221287927076,1.001041035016481,2940.346066030497,0.6048196317657754,1244.5595417720692,0.6627335583823889,1.029633156975984,0.5185309375029123,0.15729263746508282,0.006052340642025177,0.8156530221650615,16.996889983359132,0.4885586713878201,0.25216626666605313,0.020330173323214823,12.362520608210703,56.565,POOR,SYNTHETIC_RESEARCH_BASED,ML_TRAIN_TEST_DEVELOPMENT_ONLY,PCL literature-informed morphology + FTIR + mechanical latent-quality simulation,TRAIN
SYN_01159,165.38303856432853,39.355355950412175,0.37663202097781906,0.4199005385040878,0.26412105846619166,0.6815017648350673,0.6142362180635782,0.7974369581534602,6.183608673289387,1.1891702898984846,1720.9898203836647,0.924196339938221,2942.76672864482,0.66130946465622,1242.08477482153,0.5379776236445228,1.269307685463378,0.5906791861225748,0.17141651388321538,0.0058726482118336195,0.8397633096792251,15.187840893154029,0.6006831424340515,0.22605943697589542,0.03714345881825588,11.287204066959562,71.146,GOOD,SYNTHETIC_RESEARCH_BASED,ML_TRAIN_TEST_DEVELOPMENT_ONLY,PCL literature-informed morphology + FTIR + mechanical latent-quality simulation,TRAIN
SYN_01160,144.71055125286816,28.937842449881053,0.2930891821321602,0.40096699829739085,0.25419551651515304,0.7671821038850766,0.7595913630371989,0.8524353766056123,5.8402732264582164,1.5224594368505042,1718.4147933214285,1.0039093779691397,2941.8245908622143,0.6124911516994006,1247.2849904122386,0.621490703880212,1.4443451838462091,0.5270743164951596,0.19601460814386687,0.006642445151315929,0.997315222517868,15.095256720200977,0.5801932782928276,0.2449255245450619,0.032004548939483436,12.477085902057528,91.415,GOOD,SYNTHETIC_RESEARCH_BASED,ML_TRAIN_TEST_DEVELOPMENT_ONLY,PCL literature-informed morphology + FTIR + mechanical latent-quality simulation,TRAIN
SYN_01161,162.49297466853784,38.47870240959307,0.31309005989898636,0.4034266039899283,0.24221503185921286,0.7322618428867372,0.6304202010474267,0.7990705232700862,6.484282345500609,1.7793666061565647,1719.6897333728582,1.0382127677626094,2938.8365748738115,0.6180556647147065,1247.6810519520486,0.6987493311644195,1.3736339665257156,0.47292349814101897,0.19931312113913402,0.003773348435637361,1.0015438341455933,15.41576388023784,0.5652854045611257,0.24166828774042512,0.03172379433049906,12.38435999327618,87.952,GOOD,SYNTHETIC_RESEARCH_BASED,ML_TRAIN_TEST_DEVELOPMENT_ONLY,PCL literature-informed morphology + FTIR + mechanical latent-quality simulation,TRAIN
SYN_01162,128.5452481255166,33.08163073098385,0.30128906913142833,0.35280170910321007,0.21836363335903383,0.7000810974874875,0.7618751859226277,0.7450663925532247,6.368792516313364,1.2820253888050208,1724.6730975070705,1.061358410158655,2946.798114891298,0.8265310849876064,1243.6001875591658,0.6880717756534317,1.3310284645355257,0.559692970972913,0.13595475520550737,0.006287771567828136,1.0206801556070344,16.207162229631383,0.7922977482242469,0.3012962466053005,0.023369616801572235,13.191275630991434,81.458,GOOD,SYNTHETIC_RESEARCH_BASED,ML_TRAIN_TEST_DEVELOPMENT_ONLY,PCL literature-informed morphology + FTIR + mechanical latent-quality simulation,TRAIN
SYN_01163,166.78474255937175,26.961174053079816,0.405659874201416,0.3165396465912947,0.232661373454655,0.6567204087721421,0.5213345092084439,0.7153746926877517,7.147423346550479,1.8515587520458971,1727.856504585741,0.8555121167619237,2941.1843640199386,0.6190100770184169,1237.8225738684298,0.5622574572469268,1.3053516497782414,0.45392501820790915,0.19034514719343593,0.009630895384277976,0.48230946585262124,14.048850255968944,0.5260809711053226,0.24883285139188374,0.028701723718753663,5.948912411726585,53.335,POOR,SYNTHETIC_RESEARCH_BASED,ML_TRAIN_TEST_DEVELOPMENT_ONLY,PCL literature-informed morphology + FTIR + mechanical latent-quality simulation,TRAIN
SYN_01164,149.35923343407,48.430557275731594,0.3858748930059194,0.37014404322767913,0.19039049608038566,0.655828972884002,0.51294064268731,0.6680022630442167,7.258892510901203,1.6643619190133052,1713.1713281978916,0.8283646058575773,2935.5789759028025,0.6049806658244617,1242.802574453282,0.5250570522607444,1.2466902370874855,0.46621277798271343,0.19028242673303647,0.019349284605856432,0.669986623382595,13.35494740482556,0.4587642375981265,0.2602939405775414,0.028323384109414727,8.835037710039982,40.452,POOR,SYNTHETIC_RESEARCH_BASED,ML_TRAIN_TEST_DEVELOPMENT_ONLY,PCL literature-informed morphology + FTIR + mechanical latent-quality simulation,TRAIN
SYN_01165,175.19219180857965,31.675772545003273,0.3212203786607791,0.394439714358437,0.21284893742661332,0.771595229048387,0.6749702247441243,0.7923864331263054,6.4682227306536815,1.3360284671556648,1727.4745467128012,1.0559615089713876,2937.2753740722596,0.7599722240322753,1241.7420453871719,0.6980706654704365,1.3714301969920328,0.5395803772066288,0.18934908008784382,0.006140754198906457,0.9592759682597068,20.45617131549791,0.7135469520752971,0.2653302934446843,0.058788756660037605,15.155457189430512,87.368,GOOD,SYNTHETIC_RESEARCH_BASED,ML_TRAIN_TEST_DEVELOPMENT_ONLY,PCL literature-informed morphology + FTIR + mechanical latent-quality simulation,TRAIN
SYN_01166,168.22146072576118,40.62922537299547,0.4558564315394388,0.3306249635338054,0.20815384204871337,0.6526068875853025,0.4783720408104996,0.7675816234104356,6.635381057837278,1.3112380868996483,1723.6569510873142,0.8223105437396087,2942.3526627077963,0.7103440453126402,1232.9771147171632,0.5677052478163085,1.270885700688006,0.5091146570347986,0.1668025118143689,0.01332233371061783,0.8474237364617151,14.139453249002814,0.5934631740768173,0.3598248444339407,0.040990534595954045,10.73926846503949,65.878,POOR,SYNTHETIC_RESEARCH_BASED,ML_TRAIN_TEST_DEVELOPMENT_ONLY,PCL literature-informed morphology + FTIR + mechanical latent-quality simulation,TRAIN
SYN_01167,157.0954402308399,39.99515949653112,0.3018627958787931,0.3611005372533957,0.21555145686833171,0.7827554589361588,0.6325392897052686,0.7790271782492669,5.843793886838478,1.681500459979035,1715.6177471976816,0.8045325337406354,2929.6740946618834,0.7175552176778539,1242.7667282888535,0.6778498140768451,1.397102995429657,0.5656033790534762,0.1588645347908143,0.006315890102088262,0.9233687938842754,18.046033623955967,0.6704921337619516,0.26489990935703367,0.03308897656257259,11.608029006415135,84.091,GOOD,SYNTHETIC_RESEARCH_BASED,ML_TRAIN_TEST_DEVELOPMENT_ONLY,PCL literature-informed morphology + FTIR + mechanical latent-quality simulation,TRAIN
SYN_01168,160.01679976006108,48.70830514795507,0.43108455625957093,0.3570017984166995,0.1946509037844747,0.6529724738413231,0.500237263254456,0.7517065227806272,6.569401974900232,1.5224385692724318,1718.5046504658453,1.0763092375441567,2945.0941439168623,0.7402843602220692,1233.5312764661855,0.5415300867997834,1.3343653121454575,0.5036143116187531,0.2029215310074211,0.006624240704288017,0.674291672215104,13.298202242733348,0.40379222140853555,0.307186695952785,0.03338285553582943,9.887119619986578,53.512,POOR,SYNTHETIC_RESEARCH_BASED,ML_TRAIN_TEST_DEVELOPMENT_ONLY,PCL literature-informed morphology + FTIR + mechanical latent-quality simulation,TRAIN
SYN_01169,142.24640022034797,30.703674449222923,0.2778826018301398,0.3913447357970868,0.24516890426238525,0.7166581534795108,0.6559620855065217,0.7377542147200166,5.831166251527247,1.250554689146024,1725.0157071308163,0.9688876225378541,2937.396283365456,0.6701161862159004,1232.659610690756,0.6509062736142787,1.162962770328117,0.5733030651487823,0.1381864308584613,-0.002706837318281745,1.0104444862397537,18.12192716702629,0.6251459695410934,0.2219603306011641,0.04466872409083467,14.030280171820888,79.434,GOOD,SYNTHETIC_RESEARCH_BASED,ML_TRAIN_TEST_DEVELOPMENT_ONLY,PCL literature-informed morphology + FTIR + mechanical latent-quality simulation,TRAIN
SYN_01170,133.0907222448138,42.81652197941147,0.3707566861601144,0.4023700379339546,0.24188803672646017,0.783349686346413,0.625608449329761,0.7887460896463621,4.583709382770523,1.6382112707169392,1718.9163149336791,0.966697528488413,2931.78411282678,0.7540032229582367,1239.0094747268795,0.5180993300296953,1.4198922732345627,0.5771860505247309,0.15420264340753323,0.010930607976728705,0.9647252704920507,15.833119419170139,0.4770636870202127,0.21692864307318643,0.03792822323893956,11.851162730223427,83.299,GOOD,SYNTHETIC_RESEARCH_BASED,ML_TRAIN_TEST_DEVELOPMENT_ONLY,PCL literature-informed morphology + FTIR + mechanical latent-quality simulation,TRAIN
SYN_01171,154.46564322440375,32.03850123122482,0.3318961911793587,0.4243937447844037,0.22305986447414913,0.7033800830084276,0.808960920309259,0.7553884937397697,4.391110114885461,1.5545127515272747,1717.3046283651836,0.9875075326034384,2948.675888786,0.6563016676503375,1234.2833383443167,0.6883462299762353,1.2888896260625897,0.5917326891107079,0.15672521534668893,0.004983029309819224,0.9507831867859605,18.48859817220174,0.6252938982196745,0.24187669529529715,0.03960587844161214,13.010631328202368,92.721,GOOD,SYNTHETIC_RESEARCH_BASED,ML_TRAIN_TEST_DEVELOPMENT_ONLY,PCL literature-informed morphology + FTIR + mechanical latent-quality simulation,TRAIN
SYN_01172,178.2973957000407,39.35920962561811,0.37827577447853716,0.40113652608307326,0.25500593146000433,0.7728440648910782,0.8403547764829775,0.7861607391063711,5.088383947882954,1.1192962533303676,1718.827372812047,1.0025295995785812,2944.3224157342243,0.7615558327906304,1245.8923574093292,0.7059223970487967,1.424639131352074,0.5881036960496654,0.0942896180134976,-1.8358822791544535e-05,1.1377279135211775,18.69943746556931,0.6032755674579144,0.25763284820944266,0.025987888570591443,11.223104377509491,94.214,GOOD,SYNTHETIC_RESEARCH_BASED,ML_TRAIN_TEST_DEVELOPMENT_ONLY,PCL literature-informed morphology + FTIR + mechanical latent-quality simulation,TRAIN
SYN_01173,156.8981266030292,41.03029237183795,0.4273410857568433,0.2756437721832327,0.14403026111537529,0.5925261260319997,0.3124151232838981,0.6524594355901909,6.557613420724983,1.7250892383919771,1721.547021466922,0.7706700773351752,2936.794420732449,0.5802768969247964,1238.828970380863,0.4830429367184309,1.3490984674261524,0.41174390073988215,0.2099070637220254,0.017573256339534913,0.5889722677778022,9.184371434129199,0.4924191216245636,0.334956544819019,0.026780638071202005,7.452149948247351,30.089,POOR,SYNTHETIC_RESEARCH_BASED,ML_TRAIN_TEST_DEVELOPMENT_ONLY,PCL literature-informed morphology + FTIR + mechanical latent-quality simulation,TRAIN
SYN_01174,166.52284229489132,28.836085885384048,0.3110930256452939,0.4191241197205547,0.24400639130353147,0.7123798449436914,0.6014241128472108,0.7743016969625851,5.22139777860713,1.200075839047378,1720.029413316933,0.8696871203597356,2940.268413415879,0.7014248273648194,1236.6836468302688,0.6790753387853988,1.5203509722908843,0.5243107782276256,0.1460037741996993,0.00706550932366371,0.9865722822509507,15.833666675962217,0.6253965786292542,0.2477957560772722,0.04186083426340149,11.608801059397196,95.08,GOOD,SYNTHETIC_RESEARCH_BASED,ML_TRAIN_TEST_DEVELOPMENT_ONLY,PCL literature-informed morphology + FTIR + mechanical latent-quality simulation,TRAIN
SYN_01175,147.60110165309968,32.06300482702656,0.4036143364674875,0.3634646947003929,0.15959294837795224,0.5742173089122208,0.42308961758785496,0.6621882653067173,7.241984392506152,1.4224255070927216,1718.745857023474,0.790249875433165,2946.0225353824185,0.6606502203342731,1237.475250355517,0.5781155724704731,1.0996372477513217,0.46621427479638883,0.15046634309879178,0.007845398332477431,0.7134181184984426,11.850525013245846,0.40690803682140775,0.1939892986861711,0.02293174976456849,7.8392751090925525,46.026,POOR,SYNTHETIC_RESEARCH_BASED,ML_TRAIN_TEST_DEVELOPMENT_ONLY,PCL literature-informed morphology + FTIR + mechanical latent-quality simulation,TRAIN
SYN_01176,146.77402173052508,40.06521044683733,0.3333363666237909,0.3270073332197347,0.19922292922126905,0.6009643666213407,0.5105880456028501,0.7154761393146049,5.556661623494419,1.4951238683363177,1718.8461926417615,1.0079219926226903,2950.947610658082,0.5617213769016776,1236.8533974438437,0.5526136168064654,1.2206991139780479,0.4985787712393699,0.15652361855668834,0.007552006562028244,0.8722004292944203,16.993995116159933,0.4517706239730253,0.269262415716038,0.02730869104322416,10.956531295942362,61.813,POOR,SYNTHETIC_RESEARCH_BASED,ML_TRAIN_TEST_DEVELOPMENT_ONLY,PCL literature-informed morphology + FTIR + mechanical latent-quality simulation,TRAIN
SYN_01177,154.1968722881493,29.250358496532456,0.35254061316145585,0.35818417572134226,0.23656828354729442,0.7192961026530049,0.5847410362749387,0.7284692601844484,5.5623381283860684,1.3404169577086038,1721.9618959457605,0.8909429747506254,2934.865129009909,0.7177822033222802,1242.1943696788799,0.540486802672296,1.2702133804943778,0.48002570685279145,0.15613675434420238,0.014913955503763097,0.6008471742368968,13.67131880137545,0.5226193504868093,0.33015836230773266,0.012424058217504651,9.38061823890677,60.916,POOR,SYNTHETIC_RESEARCH_BASED,ML_TRAIN_TEST_DEVELOPMENT_ONLY,PCL literature-informed morphology + FTIR + mechanical latent-quality simulation,TRAIN
SYN_01178,145.20233154407782,50.03063118908344,0.34220866012491713,0.32000098387618836,0.2312567161031245,0.6621552809696465,0.5271602177270059,0.6482778299762502,5.658982897122039,1.974615470543948,1722.7621306744131,0.8329334123511349,2937.4945142507927,0.6484199960014182,1224.266547628003,0.6645028365428539,1.2665959918472514,0.4916600702343724,0.17965460464325017,0.009457076982119398,0.758065405793493,15.375328687693527,0.32886514918026166,0.24192086748630637,0.02843319611055904,7.43934136816171,51.642,POOR,SYNTHETIC_RESEARCH_BASED,ML_TRAIN_TEST_DEVELOPMENT_ONLY,PCL literature-informed morphology + FTIR + mechanical latent-quality simulation,TRAIN
SYN_01179,159.287288616158,24.34944158905541,0.32099777612700103,0.4276411394012523,0.24417878155476253,0.727570794082652,0.685252559233447,0.7749964913498448,5.880100713936771,1.551074981891994,1720.5547996770117,1.0382397318645562,2941.8418279306097,0.7688082614546421,1252.1693420754023,0.7185604777611015,1.4499405620799555,0.5689577839451676,0.16000082295986198,0.008757251141581324,0.8695146374444838,17.308897382949215,0.6860158276384594,0.23037772232580167,0.028231251599914645,12.99665915699302,84.551,GOOD,SYNTHETIC_RESEARCH_BASED,ML_TRAIN_TEST_DEVELOPMENT_ONLY,PCL literature-informed morphology + FTIR + mechanical latent-quality simulation,TRAIN
SYN_01180,142.96760074571617,39.19715033907432,0.4582888025226058,0.29431781954998004,0.1665731998943742,0.6098815766917897,0.23869852119139412,0.6238993714576435,6.207579799507483,1.8438205989849146,1722.9613071649471,0.8609356060586116,2932.7730003450297,0.5871283248984646,1248.9719121659496,0.49517652052178673,1.055756418978575,0.38903142517997313,0.198334307486055,0.016492772949544553,0.659447091661047,10.071121909515993,0.3101862741337408,0.34217745057641147,0.006584752080306275,5.520254182804825,26.738,POOR,SYNTHETIC_RESEARCH_BASED,ML_TRAIN_TEST_DEVELOPMENT_ONLY,PCL literature-informed morphology + FTIR + mechanical latent-quality simulation,TRAIN
SYN_01181,156.89044256066597,41.02999766499127,0.38703318757542354,0.43804745489520813,0.2225417401970817,0.7369194174875769,0.5987289990479462,0.7570599651600542,6.132694036328933,1.8019960799543822,1726.3160994747805,0.9449804732770397,2949.48632341932,0.6982336385291096,1235.9777219358923,0.6369118297881713,1.2036734552084976,0.5809520869791102,0.1609289736484636,0.005435845744206384,0.8081159293099885,15.574884693254843,0.5592849095435369,0.23527529421217055,0.031261754380536216,11.532929988533143,75.047,GOOD,SYNTHETIC_RESEARCH_BASED,ML_TRAIN_TEST_DEVELOPMENT_ONLY,PCL literature-informed morphology + FTIR + mechanical latent-quality simulation,TRAIN
SYN_01182,145.44571641100796,51.84434214816792,0.5376153864622603,0.28981474400356183,0.158708532507788,0.6150619024018091,0.38676833032990654,0.6361812059906232,6.312761514422362,2.1839477660766047,1713.5487654251322,0.6868829570716197,2954.5973068795743,0.5763520848409145,1239.8861199172345,0.4118392903074124,1.0074881547715373,0.437925404831809,0.15064800099416442,0.01840614363046779,0.616020067069859,12.273563063890668,0.35939403872580356,0.3123280000915981,0.018472372957608226,3.82456404054736,25.488,POOR,SYNTHETIC_RESEARCH_BASED,ML_TRAIN_TEST_DEVELOPMENT_ONLY,PCL literature-informed morphology + FTIR + mechanical latent-quality simulation,TRAIN
SYN_01183,132.62692208551505,49.16779890011327,0.43891830446134306,0.28043211977041316,0.17853389091712663,0.5908121502126618,0.44584001142049756,0.6744888305617964,7.466192440651451,1.6307673398688287,1720.1404400690417,0.8937978545176465,2947.232296738877,0.7299932790247041,1235.4330889168637,0.597092100561859,1.2313291401860074,0.4894553542146004,0.20915660504616185,0.019056060742461953,0.893868282626252,14.706567141690435,0.5005486909636885,0.2738016535768817,0.03268360206447297,6.387854191535752,49.32,POOR,SYNTHETIC_RESEARCH_BASED,ML_TRAIN_TEST_DEVELOPMENT_ONLY,PCL literature-informed morphology + FTIR + mechanical latent-quality simulation,TRAIN
SYN_01184,173.05238765867122,34.969544518961314,0.2651767527297481,0.4557013788346621,0.2320041469155217,0.6933753047080803,0.7644694867140888,0.8338137352492198,4.980504713446155,1.4959560924441926,1726.8437656530357,0.9955261293999408,2937.6383279922707,0.7107583922642068,1238.7665337964345,0.5844482911212132,1.2697924074511113,0.5704206739720241,0.12105077749008405,0.010342291182695779,0.994967665786091,17.877835978400253,0.6354502967372428,0.22748078747891548,0.042569725073332926,13.10150463854783,93.808,GOOD,SYNTHETIC_RESEARCH_BASED,ML_TRAIN_TEST_DEVELOPMENT_ONLY,PCL literature-informed morphology + FTIR + mechanical latent-quality simulation,TRAIN
SYN_01185,160.5788672391578,18.909640738589733,0.32225378258763315,0.3785344162067651,0.2204741930551444,0.654001209875148,0.7301193070695633,0.8036842016530859,5.458379574696688,1.3269147474960896,1728.6223910606304,0.9450932191584375,2943.6670127661055,0.6121413554157016,1239.2494452585468,0.5813325347198861,1.2786301821061556,0.5230010218183699,0.12388475965087228,0.005568234538327105,0.9732376342460225,17.813301358597407,0.5773245643417984,0.1856324448850097,0.02488390852435628,10.958252299287873,68.146,POOR,SYNTHETIC_RESEARCH_BASED,ML_TRAIN_TEST_DEVELOPMENT_ONLY,PCL literature-informed morphology + FTIR + mechanical latent-quality simulation,TRAIN
SYN_01186,153.0399497062671,22.275212176744056,0.30932212763061845,0.4227578349249037,0.2439578714084606,0.7687982524768714,0.7245163263942811,0.7848549658053956,3.880846150528611,1.1950588952439398,1724.7174895622334,0.8895605570068423,2946.80367460572,0.6636183340322971,1238.2266383658027,0.6193203331146724,1.3983024890988272,0.5639595270037341,0.1599370071288424,0.007905086162426942,0.8500746785103009,16.767457459402305,0.6532024987596574,0.26236273762758316,0.04698118682973202,12.558473798280545,83.565,GOOD,SYNTHETIC_RESEARCH_BASED,ML_TRAIN_TEST_DEVELOPMENT_ONLY,PCL literature-informed morphology + FTIR + mechanical latent-quality simulation,TRAIN
SYN_01187,160.4022658318166,46.977751304201504,0.35576263249287343,0.3906836933141652,0.2125734870482877,0.6596541426440656,0.5597224312231688,0.752325747975778,4.307826817154875,1.6654889869502048,1721.8163313167295,0.9560122370897586,2936.464403606146,0.5233439696196268,1244.4651547174087,0.5320927054383912,1.19969619991736,0.40626342214617067,0.17750624198231948,0.012064902732962018,0.7081478670850629,13.962582462126642,0.4127885176108832,0.23365647912946685,0.027811695682014585,8.433883803430353,62.779,POOR,SYNTHETIC_RESEARCH_BASED,ML_TRAIN_TEST_DEVELOPMENT_ONLY,PCL literature-informed morphology + FTIR + mechanical latent-quality simulation,TRAIN
SYN_01188,143.68279281389684,37.949620163597835,0.3612964706727961,0.32805796210493265,0.17694351782538043,0.6632641451375126,0.4853028938986048,0.6794190710351136,6.945025390706677,1.763618142304249,1722.8788583294747,0.9230492860529659,2933.2905319148967,0.6252854113545903,1245.2934513197101,0.5741448622347066,1.109078396479341,0.4523105744704314,0.19651987475022906,0.02110800710399936,0.4938681846048324,10.291421635032698,0.46920757567221755,0.2689638818228312,0.01923122652014343,7.83979668476382,56.358,POOR,SYNTHETIC_RESEARCH_BASED,ML_TRAIN_TEST_DEVELOPMENT_ONLY,PCL literature-informed morphology + FTIR + mechanical latent-quality simulation,TRAIN
SYN_01189,144.83828970950105,35.62650395530399,0.29939092470201706,0.4115861136943774,0.25271797093542386,0.7131711640536649,0.726087154518555,0.8133407478192984,5.164832163031629,1.0340867255046273,1718.7753607797144,1.0276583959192969,2936.0724929475637,0.7839285974133802,1248.5247575505653,0.5306838862515791,1.3570288172114715,0.45738780451170313,0.16850186466476588,0.007015599112669222,0.9762662054212946,17.548979406964442,0.564924110514757,0.3250599055455117,0.03702707244824238,12.853178027908413,84.442,GOOD,SYNTHETIC_RESEARCH_BASED,ML_TRAIN_TEST_DEVELOPMENT_ONLY,PCL literature-informed morphology + FTIR + mechanical latent-quality simulation,TRAIN
SYN_01190,149.4532877026028,43.539543626714526,0.3957499562511054,0.3579367017771561,0.18795896833704018,0.7052911296023573,0.49546447346391853,0.7280290733951709,5.449078573797967,1.5416860187199517,1717.112775140844,0.887066945761555,2938.7818610600602,0.6933966709279175,1246.133950654337,0.45745669373589,1.1284578612523446,0.4358781900038361,0.16222709861898868,0.008200576329484309,0.7794658167955724,15.057112379963046,0.5444913439597996,0.27716529198753975,0.03946128418536443,8.63613330958034,54.618,POOR,SYNTHETIC_RESEARCH_BASED,ML_TRAIN_TEST_DEVELOPMENT_ONLY,PCL literature-informed morphology + FTIR + mechanical latent-quality simulation,TRAIN
SYN_01191,156.71030415948894,52.63985035007726,0.4762751297836819,0.31973726301226646,0.14579324393657167,0.5535751249740044,0.3888163256994495,0.6200623094121963,7.673748691987814,2.049413756917093,1733.028257702044,0.9554805193594637,2951.347394296898,0.6848828854918371,1246.686909120486,0.5654496792198607,1.000093195785256,0.4048612160929402,0.16583743408883236,0.021468956809377902,0.4637169178637038,11.876566289479223,0.422414149417396,0.3534495972652226,-0.003755158226307856,4.435691367758851,37.496,POOR,SYNTHETIC_RESEARCH_BASED,ML_TRAIN_TEST_DEVELOPMENT_ONLY,PCL literature-informed morphology + FTIR + mechanical latent-quality simulation,TRAIN
SYN_01192,147.9165945247468,40.54918513013199,0.43503588044705555,0.3497624842651058,0.1987808381675332,0.617179948774394,0.4218031040615991,0.6693742065606063,5.168659018026233,1.641169272674718,1722.0316484489695,0.8738543247922175,2936.4697306833577,0.5038026034457548,1247.4086382078497,0.564403866161935,0.9739184221059317,0.3889678911629016,0.20610201369746028,0.014249707653063923,0.713095335406944,15.252874162079385,0.44096276773892507,0.2471155075561892,0.023977726692786604,10.339971741346783,49.862,POOR,SYNTHETIC_RESEARCH_BASED,ML_TRAIN_TEST_DEVELOPMENT_ONLY,PCL literature-informed morphology + FTIR + mechanical latent-quality simulation,TRAIN
SYN_01193,139.68449606769408,58.31191344426816,0.42059273510969936,0.3454711092295419,0.18283831285973923,0.6707640063905124,0.4944056149456373,0.6968311537257191,6.121286768479394,1.8302969942928415,1718.5439583530758,1.0357319759073633,2949.2005959487283,0.6292470992942515,1246.9413346643564,0.5876524156871292,1.0709282051729583,0.5171958109753761,0.15422612588398274,0.007698311002164007,0.6811403261706052,13.299572856217416,0.4891958475136976,0.29554913287181167,0.02487779576211555,7.527021052231062,42.958,POOR,SYNTHETIC_RESEARCH_BASED,ML_TRAIN_TEST_DEVELOPMENT_ONLY,PCL literature-informed morphology + FTIR + mechanical latent-quality simulation,TRAIN
SYN_01194,143.09663606925795,31.95418301430628,0.37126514985061176,0.4530418265175059,0.2014797354370907,0.720739821696663,0.6567953180336821,0.7230655633781122,6.817703624420728,1.5311199079880102,1723.486905763187,0.9697896357153728,2948.334305216131,0.7215425968352636,1241.1073130411394,0.6102019207625133,1.1475086149031133,0.5170317528737237,0.1839793013701863,0.008452727050268258,0.8268143941945187,15.280318985267375,0.5305844890261264,0.21709774960447084,0.021425284886131733,8.345104418287463,75.754,GOOD,SYNTHETIC_RESEARCH_BASED,ML_TRAIN_TEST_DEVELOPMENT_ONLY,PCL literature-informed morphology + FTIR + mechanical latent-quality simulation,TRAIN
SYN_01195,153.3684904669195,23.164888949758144,0.3222955926613743,0.38124123508244767,0.205044115794893,0.7270614350596811,0.6777873222421972,0.6508888093353108,5.77842982916457,1.3271639400594466,1722.478813299147,0.918480939189943,2949.3243926693062,0.6589900426530358,1239.152165843599,0.5862695080729986,1.2176098142672223,0.42957103454643786,0.14733742821628443,0.011252433463661185,0.7870592919814816,15.786318082123126,0.7570750187228314,0.3094745421402534,0.04348576709813573,14.876266498283558,80.871,GOOD,SYNTHETIC_RESEARCH_BASED,ML_TRAIN_TEST_DEVELOPMENT_ONLY,PCL literature-informed morphology + FTIR + mechanical latent-quality simulation,TRAIN
SYN_01196,141.03353302594851,25.0364043736054,0.3609837077295886,0.32278608355952476,0.1993528742283366,0.7232319828075108,0.5475239263620483,0.7578872863013186,5.37241311223046,1.9021099175017673,1728.3919177028463,0.9143715154231404,2935.8684059726315,0.46655282445731716,1237.9552984783616,0.556338148705674,1.173751802210473,0.4837832677714087,0.16918474739946343,0.008693899746739961,0.818287416268434,18.372839465368717,0.6521451629378016,0.1589250159437184,0.03924492739816309,10.86314617316624,70.879,GOOD,SYNTHETIC_RESEARCH_BASED,ML_TRAIN_TEST_DEVELOPMENT_ONLY,PCL literature-informed morphology + FTIR + mechanical latent-quality simulation,TRAIN
SYN_01197,153.07791027545215,39.079607873633236,0.3603628385080852,0.34337527948117913,0.17900735893182695,0.6891733448001628,0.7094070892581417,0.7384566198645803,5.703488153834985,1.9960399769699149,1726.6023529808142,0.9755835318539141,2931.236914954789,0.6425126519540757,1241.2508370132266,0.6152757301280498,1.1130852948720622,0.4372746819386276,0.15904489974982106,0.007200484613795254,0.7945522794109723,14.869339354368433,0.547440288721846,0.24730666014182937,0.02973233245912297,10.586684157081482,70.93,GOOD,SYNTHETIC_RESEARCH_BASED,ML_TRAIN_TEST_DEVELOPMENT_ONLY,PCL literature-informed morphology + FTIR + mechanical latent-quality simulation,TRAIN
SYN_01198,140.6962096851015,49.816230231753195,0.4207806950898645,0.38979288534268625,0.22692677249212476,0.7463431222276881,0.6430522238916512,0.6830630911208753,6.752195848377075,1.806670360903894,1717.8425767588935,0.977560106074079,2950.8114749004376,0.7303549460829594,1241.9528181055953,0.680126923792215,1.350249213030206,0.5212931185374533,0.14152999830340499,0.0018035056518202045,1.0393149302221103,18.904503087541737,0.7130349301773728,0.2169848029245987,0.047835078443969635,13.417657098493018,88.392,GOOD,SYNTHETIC_RESEARCH_BASED,ML_TRAIN_TEST_DEVELOPMENT_ONLY,PCL literature-informed morphology + FTIR + mechanical latent-quality simulation,TRAIN
SYN_01199,153.27322568520054,34.759673357373515,0.3096801110654858,0.45918985740901636,0.2457827280459025,0.7753941561948192,0.765647208845498,0.7605462580426015,5.11654125565135,1.108686089323819,1720.2186982776816,0.8220584474386172,2941.3457730994337,0.6251462161273788,1235.4486263034803,0.6705751009987498,1.3654953069213123,0.4886290730003162,0.16131068418799127,0.004549829305183477,0.9029529046561208,18.172178122280716,0.6487373921055247,0.16735402973624294,0.04180009562519494,12.631564729878875,94.951,GOOD,SYNTHETIC_RESEARCH_BASED,ML_TRAIN_TEST_DEVELOPMENT_ONLY,PCL literature-informed morphology + FTIR + mechanical latent-quality simulation,TRAIN
SYN_01200,132.62913497367634,51.360970085255076,0.4223126992733729,0.35163810855461347,0.1674491592659603,0.5891152756382567,0.4548909031367057,0.6172273214278594,6.656914183741707,1.9705521586814112,1717.658057283891,0.8165114629396243,2933.3975448513734,0.7122314094423694,1239.4972332070433,0.45728059496606643,1.067198550760558,0.4202500985410358,0.17607507857938254,0.017703748362413316,0.5575931214020367,10.788634139765064,0.28469380001987715,0.2581134847212787,0.01773112108456097,7.387311660308147,42.343,POOR,SYNTHETIC_RESEARCH_BASED,ML_TRAIN_TEST_DEVELOPMENT_ONLY,PCL literature-informed morphology + FTIR + mechanical latent-quality simulation,TRAIN
